timestamp,observed,predicted,residual,absolute_error
2022-10-18 06:18:18.955000+00:00,0.0,1.1569993211119718,-1.1569993211119718,1.1569993211119718
2022-10-18 06:18:20.805000+00:00,0.0,1.1570156254848343,-1.1570156254848343,1.1570156254848343
2022-10-18 06:18:22.637000+00:00,0.0,1.1570317712205553,-1.1570317712205553,1.1570317712205553
2022-10-18 06:18:24.518000+00:00,0.0,1.157048348801828,-1.157048348801828,1.157048348801828
2022-10-18 06:18:26.363000+00:00,0.0,1.1570646091088177,-1.1570646091088177,1.1570646091088177
2022-10-18 06:18:28.221000+00:00,0.0,1.1570809839870764,-1.1570809839870764,1.1570809839870764
2022-10-18 06:18:30.097000+00:00,0.0,1.1570975175024765,-1.1570975175024765,1.1570975175024765
2022-10-18 06:18:31.956000+00:00,0.0,1.1571139011939096,-1.1571139011939096,1.1571139011939096
2022-10-18 06:18:33.878000+00:00,0.0,1.1571308401153375,-1.1571308401153375,1.1571308401153375
2022-10-18 06:18:35.726000+00:00,0.0,1.157147126861851,-1.157147126861851,1.157147126861851
2022-10-18 06:18:37.596000+00:00,0.0,1.157163607498204,-1.157163607498204,1.157163607498204
2022-10-18 06:18:39.441000+00:00,0.0,1.1571798678051937,-1.1571798678051937,1.1571798678051937
2022-10-18 06:18:41.252000+00:00,0.0,1.1571958284642498,-1.1571958284642498,1.1571958284642498
2022-10-18 06:18:43.113000+00:00,0.0,1.157212229782032,-1.157212229782032,1.157212229782032
2022-10-18 06:18:44.971000+00:00,0.0,1.1572286046602906,-1.1572286046602906,1.1572286046602906
2022-10-18 06:18:46.878000+00:00,0.0,1.1572454113841006,-1.1572454113841006,1.1572454113841006
2022-10-18 06:18:48.800000+00:00,0.0,1.1572623503055286,-1.1572623503055286,1.1572623503055286
2022-10-18 06:18:50.705000+00:00,0.0,1.1572791394029895,-1.1572791394029895,1.1572791394029895
2022-10-18 06:18:52.549000+00:00,0.0,1.157295390896805,-1.157295390896805,1.157295390896805
2022-10-18 06:18:54.330000+00:00,0.0,1.1573110871606256,-1.1573110871606256,1.1573110871606256
2022-10-18 06:18:56.190000+00:00,0.0,1.1573274796652333,-1.1573274796652333,1.1573274796652333
2022-10-18 06:18:58.049000+00:00,0.0,1.1573438633566664,-1.1573438633566664,1.1573438633566664
2022-10-18 06:18:59.908000+00:00,0.0,1.1573602470480995,-1.1573602470480995,1.1573602470480995
2022-10-18 06:19:01.768000+00:00,0.0,1.1573766395527072,-1.1573766395527072,1.1573766395527072
2022-10-18 06:19:07.220000+00:00,0.0,1.1574246889801916,-1.1574246889801916,1.1574246889801916
2022-10-18 06:19:09.134000+00:00,0.0,1.1574415573962233,-1.1574415573962233,1.1574415573962233
2022-10-18 06:19:10.992000+00:00,0.0,1.157457932274482,-1.157457932274482,1.157457932274482
2022-10-18 06:19:12.799000+00:00,0.0,1.15747385768084,-1.15747385768084,1.15747385768084
2022-10-18 06:19:14.664000+00:00,0.0,1.1574902942513203,-1.1574902942513203,1.1574902942513203
2022-10-18 06:19:16.564000+00:00,0.0,1.1575070392829088,-1.1575070392829088,1.1575070392829088
2022-10-18 06:19:18.502000+00:00,0.0,1.1575241192151289,-1.1575241192151289,1.1575241192151289
2022-10-18 06:19:20.408000+00:00,0.0,1.1575409171257647,-1.1575409171257647,1.1575409171257647
2022-10-18 06:19:22.330000+00:00,0.0,1.1575578560471924,-1.1575578560471924,1.1575578560471924
2022-10-18 06:19:24.199000+00:00,0.0,1.1575743278703707,-1.1575743278703707,1.1575743278703707
2022-10-18 06:19:26.115000+00:00,0.0,1.1575912139127515,-1.1575912139127515,1.1575912139127515
2022-10-18 06:19:28.019000+00:00,0.0,1.157607994197038,-1.157607994197038,1.157607994197038
2022-10-18 06:19:29.955000+00:00,0.0,1.1576250565029094,-1.1576250565029094,1.1576250565029094
2022-10-18 06:19:31.831000+00:00,0.0,1.1576415900183095,-1.1576415900183095,1.1576415900183095
2022-10-18 06:19:33.705000+00:00,0.0,1.1576581059073603,-1.1576581059073603,1.1576581059073603
2022-10-18 06:19:35.565000+00:00,0.0,1.157674498411968,-1.157674498411968,1.157674498411968
2022-10-18 06:19:37.439000+00:00,0.0,1.1576910143010188,-1.1576910143010188,1.1576910143010188
2022-10-18 06:19:39.330000+00:00,0.0,1.1577076800140367,-1.1577076800140367,1.1577076800140367
2022-10-18 06:19:41.221000+00:00,0.0,1.1577243457270545,-1.1577243457270545,1.1577243457270545
2022-10-18 06:19:43.131000+00:00,0.0,1.1577411788903882,-1.1577411788903882,1.1577411788903882
2022-10-18 06:19:45.048000+00:00,0.0,1.1577580737459434,-1.1577580737459434,1.1577580737459434
2022-10-18 06:19:46.847000+00:00,0.0,1.1577739286469053,-1.1577739286469053,1.1577739286469053
2022-10-18 06:19:48.751000+00:00,0.0,1.1577907089311918,-1.1577907089311918,1.1577907089311918
2022-10-18 06:19:50.631000+00:00,0.0,1.15780727769929,-1.15780727769929,1.15780727769929
2022-10-18 06:19:52.531000+00:00,0.0,1.1578240227308785,-1.1578240227308785,1.1578240227308785
2022-10-18 06:19:54.405000+00:00,0.0,1.1578405386199295,-1.1578405386199295,1.1578405386199295
2022-10-18 06:19:56.311000+00:00,0.0,1.157857336530565,-1.157857336530565,1.157857336530565
2022-10-18 06:19:58.152000+00:00,0.0,1.1578735615848568,-1.1578735615848568,1.1578735615848568
2022-10-18 06:20:00.031000+00:00,0.0,1.1578901215397803,-1.1578901215397803,1.1578901215397803
2022-10-18 06:20:01.938000+00:00,0.0,1.1579069282635905,-1.1579069282635905,1.1579069282635905
2022-10-18 06:20:03.796000+00:00,0.0,1.1579233031418492,-1.1579233031418492,1.1579233031418492
2022-10-18 06:20:05.703000+00:00,0.0,1.1579401098656592,-1.1579401098656592,1.1579401098656592
2022-10-18 06:20:11.551000+00:00,0.0,1.1579916493102536,-1.1579916493102536,1.1579916493102536
2022-10-18 06:20:13.421000+00:00,0.0,1.1580081299466065,-1.1580081299466065,1.1580081299466065
2022-10-18 06:20:15.327000+00:00,0.0,1.158024927857242,-1.158024927857242,1.158024927857242
2022-10-18 06:20:17.143000+00:00,0.0,1.1580409325821708,-1.1580409325821708,1.1580409325821708
2022-10-18 06:20:18.968000+00:00,0.0,1.1580570166256703,-1.1580570166256703,1.1580570166256703
2022-10-18 06:20:20.832000+00:00,0.0,1.158073444382976,-1.158073444382976,1.158073444382976
2022-10-18 06:20:22.796000+00:00,0.0,1.1580907534577338,-1.1580907534577338,1.1580907534577338
2022-10-18 06:20:24.625000+00:00,0.0,1.1581068727539314,-1.1581068727539314,1.1581068727539314
2022-10-18 06:20:26.484000+00:00,0.0,1.1581232564453645,-1.1581232564453645,1.1581232564453645
2022-10-18 06:20:28.407000+00:00,0.0,1.158140204179967,-1.158140204179967,1.158140204179967
2022-10-18 06:20:30.264000+00:00,0.0,1.1581565702450511,-1.1581565702450511,1.1581565702450511
2022-10-18 06:20:32.116000+00:00,0.0,1.1581728922442625,-1.1581728922442625,1.1581728922442625
2022-10-18 06:20:33.985000+00:00,0.0,1.1581893640674408,-1.1581893640674408,1.1581893640674408
2022-10-18 06:20:35.841000+00:00,0.0,1.1582057213193504,-1.1582057213193504,1.1582057213193504
2022-10-18 06:20:37.703000+00:00,0.0,1.1582221314503072,-1.1582221314503072,1.1582221314503072
2022-10-18 06:20:39.516000+00:00,0.0,1.1582381097357124,-1.1582381097357124,1.1582381097357124
2022-10-18 06:20:41.375000+00:00,0.0,1.1582544934271455,-1.1582544934271455,1.1582544934271455
2022-10-18 06:20:43.405000+00:00,0.0,1.1582723841714215,-1.1582723841714215,1.1582723841714215
2022-10-18 06:20:45.306000+00:00,0.0,1.1582891380161846,-1.1582891380161846,1.1582891380161846
2022-10-18 06:20:47.218000+00:00,0.0,1.1583059888058673,-1.1583059888058673,1.1583059888058673
2022-10-18 06:20:49.131000+00:00,0.0,1.1583228484087247,-1.1583228484087247,1.1583228484087247
2022-10-18 06:20:51.035000+00:00,0.0,1.1583396286930112,-1.1583396286930112,1.1583396286930112
2022-10-18 06:20:52.910000+00:00,0.0,1.1583561533952365,-1.1583561533952365,1.1583561533952365
2022-10-18 06:20:54.768000+00:00,0.0,1.1583725282734951,-1.1583725282734951,1.1583725282734951
2022-10-18 06:20:56.638000+00:00,0.0,1.158389008909848,-1.158389008909848,1.158389008909848
2022-10-18 06:20:58.551000+00:00,0.0,1.1584058685127054,-1.1584058685127054,1.1584058685127054
2022-10-18 06:21:00.410000+00:00,0.0,1.1584222522041383,-1.1584222522041383,1.1584222522041383
2022-10-18 06:21:02.253000+00:00,0.0,1.1584384948847792,-1.1584384948847792,1.1584384948847792
2022-10-18 06:21:04.190000+00:00,0.0,1.158455566003825,-1.158455566003825,1.158455566003825
2022-10-18 06:21:06.055000+00:00,0.0,1.1584720025743052,-1.1584720025743052,1.1584720025743052
2022-10-18 06:21:07.908000+00:00,0.0,1.1584883333866913,-1.1584883333866913,1.1584883333866913
2022-10-18 06:21:09.768000+00:00,0.0,1.1585047258912988,-1.1585047258912988,1.1585047258912988
2022-10-18 06:21:15.937000+00:00,0.0,1.1585590943649144,-1.1585590943649144,1.1585590943649144
2022-10-18 06:21:17.755000+00:00,0.0,1.1585751167161922,-1.1585751167161922,1.1585751167161922
2022-10-18 06:21:19.690000+00:00,0.0,1.1585921702088888,-1.1585921702088888,1.1585921702088888
2022-10-18 06:21:21.518000+00:00,0.0,1.1586082806919118,-1.1586082806919118,1.1586082806919118
2022-10-18 06:21:23.426000+00:00,0.0,1.1586250962288964,-1.1586250962288964,1.1586250962288964
2022-10-18 06:21:25.284000+00:00,0.0,1.158641471107155,-1.158641471107155,1.158641471107155
2022-10-18 06:21:27.207000+00:00,0.0,1.1586584188417575,-1.1586584188417575,1.1586584188417575
2022-10-18 06:21:29.116000+00:00,0.0,1.1586752431919165,-1.1586752431919165,1.1586752431919165
2022-10-18 06:21:30.976000+00:00,0.0,1.1586916356965244,-1.1586916356965244,1.1586916356965244
2022-10-18 06:21:32.839000+00:00,0.0,1.1587080546406554,-1.1587080546406554,1.1587080546406554
2022-10-18 06:21:34.753000+00:00,0.0,1.1587249230566874,-1.1587249230566874,1.1587249230566874
2022-10-18 06:21:36.598000+00:00,0.0,1.1587411833636772,-1.1587411833636772,1.1587411833636772
2022-10-18 06:21:38.519000+00:00,0.0,1.1587581134719305,-1.1587581134719305,1.1587581134719305
2022-10-18 06:21:40.362000+00:00,0.0,1.1587743561525712,-1.1587743561525712,1.1587743561525712
2022-10-18 06:21:42.227000+00:00,0.0,1.1587907927230516,-1.1587907927230516,1.1587907927230516
2022-10-18 06:21:44.134000+00:00,0.0,1.1588075994468618,-1.1588075994468618,1.1588075994468618
2022-10-18 06:21:46.055000+00:00,0.0,1.158824529555115,-1.158824529555115,1.158824529555115
2022-10-18 06:21:47.888000+00:00,0.0,1.1588406841040109,-1.1588406841040109,1.1588406841040109
2022-10-18 06:21:49.738000+00:00,0.0,1.1588569884768734,-1.1588569884768734,1.1588569884768734
2022-10-18 06:21:51.632000+00:00,0.0,1.1588736806294144,-1.1588736806294144,1.1588736806294144
2022-10-18 06:21:53.489000+00:00,0.0,1.1588900466944985,-1.1588900466944985,1.1588900466944985
2022-10-18 06:21:55.412000+00:00,0.0,1.158906994429101,-1.158906994429101,1.158906994429101
2022-10-18 06:21:57.272000+00:00,0.0,1.1589233869337088,-1.1589233869337088,1.1589233869337088
2022-10-18 06:21:59.136000+00:00,0.0,1.1589398146910144,-1.1589398146910144,1.1589398146910144
2022-10-18 06:22:00.994000+00:00,0.0,1.158956189569273,-1.158956189569273,1.158956189569273
2022-10-18 06:22:02.865000+00:00,0.0,1.1589726790188006,-1.1589726790188006,1.1589726790188006
2022-10-18 06:22:04.771000+00:00,0.0,1.158989476929436,-1.158989476929436,1.158989476929436
2022-10-18 06:22:06.624000+00:00,0.0,1.159005807741822,-1.159005807741822,1.159005807741822
2022-10-18 06:22:08.585000+00:00,0.0,1.1590230903770564,-1.1590230903770564,1.1590230903770564
2022-10-18 06:22:10.499000+00:00,0.0,1.159039958793088,-1.159039958793088,1.159039958793088
2022-10-18 06:22:12.411000+00:00,0.0,1.1590568095827707,-1.1590568095827707,1.1590568095827707
2022-10-18 06:22:14.271000+00:00,0.0,1.1590732020873784,-1.1590732020873784,1.1590732020873784
2022-10-18 06:22:20.350000+00:00,0.0,1.159126777375287,-1.159126777375287,1.159126777375287
2022-10-18 06:22:22.224000+00:00,0.0,1.159143293264338,-1.159143293264338,1.159143293264338
2022-10-18 06:22:24.124000+00:00,0.0,1.1591600382959264,-1.1591600382959264,1.1591600382959264
2022-10-18 06:22:25.994000+00:00,0.0,1.1591765189322794,-1.1591765189322794,1.1591765189322794
2022-10-18 06:22:27.865000+00:00,0.0,1.1591930083818067,-1.1591930083818067,1.1591930083818067
2022-10-18 06:22:29.771000+00:00,0.0,1.1592098062924423,-1.1592098062924423,1.1592098062924423
2022-10-18 06:22:31.635000+00:00,0.0,1.159226234049748,-1.159226234049748,1.159226234049748
2022-10-18 06:22:33.459000+00:00,0.0,1.159242309280073,-1.159242309280073,1.159242309280073
2022-10-18 06:22:35.334000+00:00,0.0,1.1592588339822982,-1.1592588339822982,1.1592588339822982
2022-10-18 06:22:37.245000+00:00,0.0,1.1592756759588065,-1.1592756759588065,1.1592756759588065
2022-10-18 06:22:39.115000+00:00,0.0,1.1592921565951595,-1.1592921565951595,1.1592921565951595
2022-10-18 06:22:41.026000+00:00,0.0,1.1593089985716678,-1.1593089985716678,1.1593089985716678
2022-10-18 06:22:42.864000+00:00,0.0,1.1593251971864358,-1.1593251971864358,1.1593251971864358
2022-10-18 06:22:44.724000+00:00,0.0,1.1593415896910435,-1.1593415896910435,1.1593415896910435
2022-10-18 06:22:46.640000+00:00,0.0,1.1593584757334243,-1.1593584757334243,1.1593584757334243
2022-10-18 06:22:48.536000+00:00,0.0,1.1593751855123147,-1.1593751855123147,1.1593751855123147
2022-10-18 06:22:50.458000+00:00,0.0,1.1593921244337426,-1.1593921244337426,1.1593921244337426
2022-10-18 06:22:52.303000+00:00,0.0,1.1594083847407326,-1.1594083847407326,1.1594083847407326
2022-10-18 06:22:54.235000+00:00,0.0,1.1594254117939056,-1.1594254117939056,1.1594254117939056
2022-10-18 06:22:56.098000+00:00,0.0,1.1594418307380367,-1.1594418307380367,1.1594418307380367
2022-10-18 06:22:57.922000+00:00,0.0,1.1594579059683618,-1.1594579059683618,1.1594579059683618
2022-10-18 06:22:59.786000+00:00,0.0,1.1594743337256674,-1.1594743337256674,1.1594743337256674
2022-10-18 06:23:01.643000+00:00,0.0,1.1594906997907515,-1.1594906997907515,1.1594906997907515
2022-10-18 06:23:03.479000+00:00,0.0,1.1595068807791709,-1.1595068807791709,1.1595068807791709
2022-10-18 06:23:05.298000+00:00,0.0,1.1595229119436232,-1.1595229119436232,1.1595229119436232
2022-10-18 06:23:07.203000+00:00,0.0,1.1595397010410842,-1.1595397010410842,1.1595397010410842
2022-10-18 06:23:09.063000+00:00,0.0,1.159556093545692,-1.159556093545692,1.159556093545692
2022-10-18 06:23:10.912000+00:00,0.0,1.1595723891053797,-1.1595723891053797,1.1595723891053797
2022-10-18 06:23:12.875000+00:00,0.0,1.159589689366963,-1.159589689366963,1.159589689366963
2022-10-18 06:23:14.729000+00:00,0.0,1.1596060289925236,-1.1596060289925236,1.1596060289925236
2022-10-18 06:23:16.595000+00:00,0.0,1.1596224743761783,-1.1596224743761783,1.1596224743761783
2022-10-18 06:23:18.517000+00:00,0.0,1.1596394132976062,-1.1596394132976062,1.1596394132976062
2022-10-18 06:23:24.688000+00:00,0.0,1.1596937993975707,-1.1596937993975707,1.1596937993975707
2022-10-18 06:23:26.568000+00:00,0.0,1.1597103681656686,-1.1597103681656686,1.1597103681656686
2022-10-18 06:23:28.439000+00:00,0.0,1.1597268576151962,-1.1597268576151962,1.1597268576151962
2022-10-18 06:23:30.251000+00:00,0.0,1.1597428270874268,-1.1597428270874268,1.1597428270874268
2022-10-18 06:23:32.109000+00:00,0.0,1.1597592019656855,-1.1597592019656855,1.1597592019656855
2022-10-18 06:23:33.954000+00:00,0.0,1.1597754622726755,-1.1597754622726755,1.1597754622726755
2022-10-18 06:23:35.864000+00:00,0.0,1.159792295436009,-1.159792295436009,1.159792295436009
2022-10-18 06:23:37.781000+00:00,0.0,1.1598091902915644,-1.1598091902915644,1.1598091902915644
2022-10-18 06:23:39.688000+00:00,0.0,1.1598259970153744,-1.1598259970153744,1.1598259970153744
2022-10-18 06:23:41.584000+00:00,0.0,1.1598427067942647,-1.1598427067942647,1.1598427067942647
2022-10-18 06:23:43.500000+00:00,0.0,1.1598595928366455,-1.1598595928366455,1.1598595928366455
2022-10-18 06:23:45.407000+00:00,0.0,1.1598763995604557,-1.1598763995604557,1.1598763995604557
2022-10-18 06:23:47.235000+00:00,0.0,1.1598925100434787,-1.1598925100434787,1.1598925100434787
2022-10-18 06:23:49.141000+00:00,0.0,1.1599093079541143,-1.1599093079541143,1.1599093079541143
2022-10-18 06:23:51.005000+00:00,0.0,1.15992573571142,-1.15992573571142,1.15992573571142
2022-10-18 06:23:52.867000+00:00,0.0,1.1599421458423769,-1.1599421458423769,1.1599421458423769
2022-10-18 06:23:54.738000+00:00,0.0,1.159958635291904,-1.159958635291904,1.159958635291904
2022-10-18 06:23:56.630000+00:00,0.0,1.1599753098180965,-1.1599753098180965,1.1599753098180965
2022-10-18 06:23:58.457000+00:00,0.0,1.1599914114879448,-1.1599914114879448,1.1599914114879448
2022-10-18 06:24:00.283000+00:00,0.0,1.1600075043446187,-1.1600075043446187,1.1600075043446187
2022-10-18 06:24:02.190000+00:00,0.0,1.160024311068429,-1.160024311068429,1.160024311068429
2022-10-18 06:24:04.050000+00:00,0.0,1.1600407035730367,-1.1600407035730367,1.1600407035730367
2022-10-18 06:24:05.913000+00:00,0.0,1.1600571225171679,-1.1600571225171679,1.1600571225171679
2022-10-18 06:24:07.925000+00:00,0.0,1.1600748546243027,-1.1600748546243027,1.1600748546243027
2022-10-18 06:24:09.863000+00:00,0.0,1.1600919345565228,-1.1600919345565228,1.1600919345565228
2022-10-18 06:24:11.722000+00:00,0.0,1.1601083182479561,-1.1601083182479561,1.1601083182479561
2022-10-18 06:24:13.627000+00:00,0.0,1.160125107345417,-1.160125107345417,1.160125107345417
2022-10-18 06:24:15.492000+00:00,0.0,1.1601415439158975,-1.1601415439158975,1.1601415439158975
2022-10-18 06:24:17.394000+00:00,0.0,1.1601583065738348,-1.1601583065738348,1.1601583065738348
2022-10-18 06:24:19.330000+00:00,0.0,1.160175368879706,-1.160175368879706,1.160175368879706
2022-10-18 06:24:21.146000+00:00,0.0,1.1601913736046348,-1.1601913736046348,1.1601913736046348
2022-10-18 06:24:23.065000+00:00,0.0,1.1602082860865393,-1.1602082860865393,1.1602082860865393
2022-10-18 06:24:29.080000+00:00,0.0,1.1602612973312785,-1.1602612973312785,1.1602612973312785
2022-10-18 06:24:30.934000+00:00,0.0,1.160277636956839,-1.160277636956839,1.160277636956839
2022-10-18 06:24:32.846000+00:00,0.0,1.1602944877465218,-1.1602944877465218,1.1602944877465218
2022-10-18 06:24:34.769000+00:00,0.0,1.1603114354811241,-1.1603114354811241,1.1603114354811241
2022-10-18 06:24:36.690000+00:00,0.0,1.1603283655893777,-1.1603283655893777,1.1603283655893777
2022-10-18 06:24:38.596000+00:00,0.0,1.160345163500013,-1.160345163500013,1.160345163500013
2022-10-18 06:24:40.471000+00:00,0.0,1.1603616882022387,-1.1603616882022387,1.1603616882022387
2022-10-18 06:24:42.377000+00:00,0.0,1.160378486112874,-1.160378486112874,1.160378486112874
2022-10-18 06:24:44.284000+00:00,0.0,1.1603952928366843,-1.1603952928366843,1.1603952928366843
2022-10-18 06:24:46.190000+00:00,0.0,1.1604120907473199,-1.1604120907473199,1.1604120907473199
2022-10-18 06:24:48.100000+00:00,0.0,1.1604289239106536,-1.1604289239106536,1.1604289239106536
2022-10-18 06:24:50.019000+00:00,0.0,1.160445836392558,-1.160445836392558,1.160445836392558
2022-10-18 06:24:51.877000+00:00,0.0,1.1604622112708165,-1.1604622112708165,1.1604622112708165
2022-10-18 06:24:53.784000+00:00,0.0,1.1604790179946267,-1.1604790179946267,1.1604790179946267
2022-10-18 06:24:55.689000+00:00,0.0,1.1604958070920879,-1.1604958070920879,1.1604958070920879
2022-10-18 06:24:57.597000+00:00,0.0,1.1605126226290725,-1.1605126226290725,1.1605126226290725
2022-10-18 06:24:59.456000+00:00,0.0,1.1605290063205054,-1.1605290063205054,1.1605290063205054
2022-10-18 06:25:01.269000+00:00,0.0,1.1605449846059108,-1.1605449846059108,1.1605449846059108
2022-10-18 06:25:03.127000+00:00,0.0,1.1605613594841693,-1.1605613594841693,1.1605613594841693
2022-10-18 06:25:05.034000+00:00,0.0,1.1605781662079795,-1.1605781662079795,1.1605781662079795
2022-10-18 06:25:06.846000+00:00,0.0,1.1605941356802103,-1.1605941356802103,1.1605941356802103
2022-10-18 06:25:08.705000+00:00,0.0,1.1606105193716432,-1.1606105193716432,1.1606105193716432
2022-10-18 06:25:10.613000+00:00,0.0,1.1606273349086278,-1.1606273349086278,1.1606273349086278
2022-10-18 06:25:12.472000+00:00,0.0,1.160643718600061,-1.160643718600061,1.160643718600061
2022-10-18 06:25:14.330000+00:00,0.0,1.1606600934783198,-1.1606600934783198,1.1606600934783198
2022-10-18 06:25:16.237000+00:00,0.0,1.1606769002021298,-1.1606769002021298,1.1606769002021298
2022-10-18 06:25:18.096000+00:00,0.0,1.160693283893563,-1.160693283893563,1.160693283893563
2022-10-18 06:25:19.955000+00:00,0.0,1.160709667584996,-1.160709667584996,1.160709667584996
2022-10-18 06:25:21.941000+00:00,0.0,1.1607271705495932,-1.1607271705495932,1.1607271705495932
2022-10-18 06:25:23.800000+00:00,0.0,1.1607435542410265,-1.1607435542410265,1.1607435542410265
2022-10-18 06:25:25.613000+00:00,0.0,1.1607595325264315,-1.1607595325264315,1.1607595325264315
2022-10-18 06:25:27.416000+00:00,0.0,1.1607754226800915,-1.1607754226800915,1.1607754226800915
2022-10-18 06:25:33.565000+00:00,0.0,1.1608296148902166,-1.1608296148902166,1.1608296148902166
2022-10-18 06:25:35.471000+00:00,0.0,1.1608464128008522,-1.1608464128008522,1.1608464128008522
2022-10-18 06:25:37.378000+00:00,0.0,1.1608632195246624,-1.1608632195246624,1.1608632195246624
2022-10-18 06:25:39.237000+00:00,0.0,1.1608796032160953,-1.1608796032160953,1.1608796032160953
2022-10-18 06:25:41.101000+00:00,0.0,1.1608960309734013,-1.1608960309734013,1.1608960309734013
2022-10-18 06:25:42.971000+00:00,0.0,1.160912511609754,-1.160912511609754,1.160912511609754
2022-10-18 06:25:44.815000+00:00,0.0,1.1609287631035694,-1.1609287631035694,1.1609287631035694
2022-10-18 06:25:46.630000+00:00,0.0,1.1609447590153237,-1.1609447590153237,1.1609447590153237
2022-10-18 06:25:48.456000+00:00,0.0,1.1609608518719976,-1.1609608518719976,1.1609608518719976
2022-10-18 06:25:50.315000+00:00,0.0,1.160977235563431,-1.160977235563431,1.160977235563431
2022-10-18 06:25:52.159000+00:00,0.0,1.160993487057246,-1.160993487057246,1.160993487057246
2022-10-18 06:25:53.982000+00:00,0.0,1.1610095534743965,-1.1610095534743965,1.1610095534743965
2022-10-18 06:25:55.880000+00:00,0.0,1.161026280879636,-1.161026280879636,1.161026280879636
2022-10-18 06:25:57.797000+00:00,0.0,1.1610431757351913,-1.1610431757351913,1.1610431757351913
2022-10-18 06:25:59.655000+00:00,0.0,1.1610595506134498,-1.1610595506134498,1.1610595506134498
2022-10-18 06:26:01.563000+00:00,0.0,1.1610763661504344,-1.1610763661504344,1.1610763661504344
2022-10-18 06:26:03.485000+00:00,0.0,1.1610933050718624,-1.1610933050718624,1.1610933050718624
2022-10-18 06:26:05.391000+00:00,0.0,1.161110102982498,-1.161110102982498,1.161110102982498
2022-10-18 06:26:07.297000+00:00,0.0,1.1611269008931338,-1.1611269008931338,1.1611269008931338
2022-10-18 06:26:09.204000+00:00,0.0,1.1611437076169437,-1.1611437076169437,1.1611437076169437
2022-10-18 06:26:11.068000+00:00,0.0,1.1611601353742493,-1.1611601353742493,1.1611601353742493
2022-10-18 06:26:12.986000+00:00,0.0,1.1611770390429794,-1.1611770390429794,1.1611770390429794
2022-10-18 06:26:14.890000+00:00,0.0,1.161193819327266,-1.161193819327266,1.161193819327266
2022-10-18 06:26:16.813000+00:00,0.0,1.1612107670618683,-1.1612107670618683,1.1612107670618683
2022-10-18 06:26:18.688000+00:00,0.0,1.1612272917640938,-1.1612272917640938,1.1612272917640938
2022-10-18 06:26:20.609000+00:00,0.0,1.161244221872347,-1.161244221872347,1.161244221872347
2022-10-18 06:26:22.461000+00:00,0.0,1.1612605438715586,-1.1612605438715586,1.1612605438715586
2022-10-18 06:26:24.328000+00:00,0.0,1.161276998068388,-1.161276998068388,1.161276998068388
2022-10-18 06:26:26.145000+00:00,0.0,1.1612930116064912,-1.1612930116064912,1.1612930116064912
2022-10-18 06:26:28.063000+00:00,0.0,1.161309915275221,-1.161309915275221,1.161309915275221
2022-10-18 06:26:29.922000+00:00,0.0,1.1613262989666544,-1.1613262989666544,1.1613262989666544
2022-10-18 06:26:31.828000+00:00,0.0,1.1613430968772898,-1.1613430968772898,1.1613430968772898
2022-10-18 06:26:37.906000+00:00,0.0,1.1613966633520239,-1.1613966633520239,1.1613966633520239
2022-10-18 06:26:39.782000+00:00,0.0,1.1614131968674237,-1.1614131968674237,1.1614131968674237
2022-10-18 06:26:41.625000+00:00,0.0,1.1614294395480647,-1.1614294395480647,1.1614294395480647
2022-10-18 06:26:43.532000+00:00,0.0,1.1614462462718746,-1.1614462462718746,1.1614462462718746
2022-10-18 06:26:45.391000+00:00,0.0,1.161462629963308,-1.161462629963308,1.161462629963308
2022-10-18 06:26:47.251000+00:00,0.0,1.1614790224679155,-1.1614790224679155,1.1614790224679155
2022-10-18 06:26:49.154000+00:00,0.0,1.1614957939390276,-1.1614957939390276,1.1614957939390276
2022-10-18 06:26:51.021000+00:00,0.0,1.1615122481358569,-1.1615122481358569,1.1615122481358569
2022-10-18 06:26:52.893000+00:00,0.0,1.1615287463985589,-1.1615287463985589,1.1615287463985589
2022-10-18 06:26:54.753000+00:00,0.0,1.1615451389031666,-1.1615451389031666,1.1615451389031666
2022-10-18 06:26:56.616000+00:00,0.0,1.1615615578472975,-1.1615615578472975,1.1615615578472975
2022-10-18 06:26:58.456000+00:00,0.0,1.161577774088415,-1.161577774088415,1.161577774088415
2022-10-18 06:27:00.331000+00:00,0.0,1.1615942987906405,-1.1615942987906405,1.1615942987906405
2022-10-18 06:27:02.237000+00:00,0.0,1.161611096701276,-1.161611096701276,1.161611096701276
2022-10-18 06:27:04.127000+00:00,0.0,1.1616277536011193,-1.1616277536011193,1.1616277536011193
2022-10-18 06:27:06.039000+00:00,0.0,1.161644604390802,-1.161644604390802,1.161644604390802
2022-10-18 06:27:07.862000+00:00,0.0,1.1616606708079524,-1.1616606708079524,1.1616606708079524
2022-10-18 06:27:09.720000+00:00,0.0,1.1616770456862109,-1.1616770456862109,1.1616770456862109
2022-10-18 06:27:11.627000+00:00,0.0,1.161693852410021,-1.161693852410021,1.161693852410021
2022-10-18 06:27:13.503000+00:00,0.0,1.1617103859254212,-1.1617103859254212,1.1617103859254212
2022-10-18 06:27:15.346000+00:00,0.0,1.161726628606062,-1.161726628606062,1.161726628606062
2022-10-18 06:27:17.252000+00:00,0.0,1.1617434265166975,-1.1617434265166975,1.1617434265166975
2022-10-18 06:27:19.081000+00:00,0.0,1.161759545812895,-1.161759545812895,1.161759545812895
2022-10-18 06:27:20.944000+00:00,0.0,1.1617759647570263,-1.1617759647570263,1.1617759647570263
2022-10-18 06:27:22.815000+00:00,0.0,1.1617924542065536,-1.1617924542065536,1.1617924542065536
2022-10-18 06:27:24.670000+00:00,0.0,1.1618088026452886,-1.1618088026452886,1.1618088026452886
2022-10-18 06:27:26.534000+00:00,0.0,1.1618252304025947,-1.1618252304025947,1.1618252304025947
2022-10-18 06:27:28.363000+00:00,0.0,1.161841349698792,-1.161841349698792,1.161841349698792
2022-10-18 06:27:30.269000+00:00,0.0,1.1618581476094274,-1.1618581476094274,1.1618581476094274
2022-10-18 06:27:32.174000+00:00,0.0,1.1618749367068886,-1.1618749367068886,1.1618749367068886
2022-10-18 06:27:33.988000+00:00,0.0,1.1618909238054684,-1.1618909238054684,1.1618909238054684
2022-10-18 06:27:35.898000+00:00,0.0,1.161907756968802,-1.161907756968802,1.161907756968802
2022-10-18 06:27:37.799000+00:00,0.0,1.1619245108135652,-1.1619245108135652,1.1619245108135652
2022-10-18 06:27:43.128000+00:00,0.0,1.1619714762205835,-1.1619714762205835,1.1619714762205835
2022-10-18 06:27:45.002000+00:00,0.0,1.1619879921096343,-1.1619879921096343,1.1619879921096343
2022-10-18 06:27:46.878000+00:00,0.0,1.1620045256250344,-1.1620045256250344,1.1620045256250344
2022-10-18 06:27:48.736000+00:00,0.0,1.1620209005032929,-1.1620209005032929,1.1620209005032929
2022-10-18 06:27:50.565000+00:00,0.0,1.1620370197994905,-1.1620370197994905,1.1620370197994905
2022-10-18 06:27:52.408000+00:00,0.0,1.1620532624801312,-1.1620532624801312,1.1620532624801312
2022-10-18 06:27:54.377000+00:00,0.0,1.1620706156207619,-1.1620706156207619,1.1620706156207619
2022-10-18 06:27:56.236000+00:00,0.0,1.1620869993121947,-1.1620869993121947,1.1620869993121947
2022-10-18 06:27:58.150000+00:00,0.0,1.1621038677282267,-1.1621038677282267,1.1621038677282267
2022-10-18 06:28:00.066000+00:00,0.0,1.1621207537706075,-1.1621207537706075,1.1621207537706075
2022-10-18 06:28:01.971000+00:00,0.0,1.1621375428680685,-1.1621375428680685,1.1621375428680685
2022-10-18 06:28:03.880000+00:00,0.0,1.1621543672182275,-1.1621543672182275,1.1621543672182275
2022-10-18 06:28:05.757000+00:00,0.0,1.162170909546802,-1.162170909546802,1.162170909546802
2022-10-18 06:28:07.612000+00:00,0.0,1.1621872579855372,-1.1621872579855372,1.1621872579855372
2022-10-18 06:28:09.473000+00:00,0.0,1.1622036593033194,-1.1622036593033194,1.1622036593033194
2022-10-18 06:28:11.311000+00:00,0.0,1.1622198579180876,-1.1622198579180876,1.1622198579180876
2022-10-18 06:28:13.147000+00:00,0.0,1.1622360389065067,-1.1622360389065067,1.1622360389065067
2022-10-18 06:28:15.175000+00:00,0.0,1.162253912024434,-1.162253912024434,1.162253912024434
2022-10-18 06:28:17.034000+00:00,0.0,1.162270295715867,-1.162270295715867,1.162270295715867
2022-10-18 06:28:18.897000+00:00,0.0,1.1622867146599982,-1.1622867146599982,1.1622867146599982
2022-10-18 06:28:20.757000+00:00,0.0,1.1623031071646057,-1.1623031071646057,1.1623031071646057
2022-10-18 06:28:22.628000+00:00,0.0,1.1623195966141333,-1.1623195966141333,1.1623195966141333
2022-10-18 06:28:24.535000+00:00,0.0,1.1623364033379433,-1.1623364033379433,1.1623364033379433
2022-10-18 06:28:26.456000+00:00,0.0,1.1623533334461968,-1.1623533334461968,1.1623533334461968
2022-10-18 06:28:28.315000+00:00,0.0,1.1623697171376297,-1.1623697171376297,1.1623697171376297
2022-10-18 06:28:30.223000+00:00,0.0,1.1623865326746146,-1.1623865326746146,1.1623865326746146
2022-10-18 06:28:32.097000+00:00,0.0,1.1624030485636654,-1.1624030485636654,1.1624030485636654
2022-10-18 06:28:33.987000+00:00,0.0,1.1624197054635088,-1.1624197054635088,1.1624197054635088
2022-10-18 06:28:35.819000+00:00,0.0,1.1624358511992297,-1.1624358511992297,1.1624358511992297
2022-10-18 06:28:37.690000+00:00,0.0,1.1624523406487572,-1.1624523406487572,1.1624523406487572
2022-10-18 06:28:39.550000+00:00,0.0,1.1624687331533647,-1.1624687331533647,1.1624687331533647
2022-10-18 06:28:41.394000+00:00,0.0,1.1624849846471803,-1.1624849846471803,1.1624849846471803
2022-10-18 06:28:47.567000+00:00,0.0,1.1625393883734936,-1.1625393883734936,1.1625393883734936
2022-10-18 06:28:49.488000+00:00,0.0,1.1625563184817471,-1.1625563184817471,1.1625563184817471
2022-10-18 06:28:51.321000+00:00,0.0,1.1625724730306426,-1.1625724730306426,1.1625724730306426
2022-10-18 06:28:53.148000+00:00,0.0,1.1625885747004912,-1.1625885747004912,1.1625885747004912
2022-10-18 06:28:55.033000+00:00,0.0,1.1626051875344618,-1.1626051875344618,1.1626051875344618
2022-10-18 06:28:56.957000+00:00,0.0,1.1626221440822389,-1.1626221440822389,1.1626221440822389
2022-10-18 06:28:58.863000+00:00,0.0,1.1626389419928744,-1.1626389419928744,1.1626389419928744
2022-10-18 06:29:00.686000+00:00,0.0,1.1626550084100247,-1.1626550084100247,1.1626550084100247
2022-10-18 06:29:02.502000+00:00,0.0,1.1626710131349536,-1.1626710131349536,1.1626710131349536
2022-10-18 06:29:04.379000+00:00,0.0,1.162687555463528,-1.162687555463528,1.162687555463528
2022-10-18 06:29:06.234000+00:00,0.0,1.1627039039022633,-1.1627039039022633,1.1627039039022633
2022-10-18 06:29:08.101000+00:00,0.0,1.1627203580990924,-1.1627203580990924,1.1627203580990924
2022-10-18 06:29:09.958000+00:00,0.0,1.1627367241641766,-1.1627367241641766,1.1627367241641766
2022-10-18 06:29:11.862000+00:00,0.0,1.162753504448463,-1.162753504448463,1.162753504448463
2022-10-18 06:29:13.768000+00:00,0.0,1.1627703023590987,-1.1627703023590987,1.1627703023590987
2022-10-18 06:29:15.638000+00:00,0.0,1.1627867829954517,-1.1627867829954517,1.1627867829954517
2022-10-18 06:29:17.502000+00:00,0.0,1.1628032107527573,-1.1628032107527573,1.1628032107527573
2022-10-18 06:29:19.426000+00:00,0.0,1.1628201673005343,-1.1628201673005343,1.1628201673005343
2022-10-18 06:29:21.222000+00:00,0.0,1.1628359957619727,-1.1628359957619727,1.1628359957619727
2022-10-18 06:29:23.082000+00:00,0.0,1.1628523882665802,-1.1628523882665802,1.1628523882665802
2022-10-18 06:29:24.894000+00:00,0.0,1.162868357738811,-1.162868357738811,1.162868357738811
2022-10-18 06:29:26.660000+00:00,0.0,1.1628839218050138,-1.1628839218050138,1.1628839218050138
2022-10-18 06:29:28.581000+00:00,0.0,1.162900851913267,-1.162900851913267,1.162900851913267
2022-10-18 06:29:30.456000+00:00,0.0,1.1629173766154928,-1.1629173766154928,1.1629173766154928
2022-10-18 06:29:32.362000+00:00,0.0,1.1629341745261281,-1.1629341745261281,1.1629341745261281
2022-10-18 06:29:34.285000+00:00,0.0,1.1629511222607305,-1.1629511222607305,1.1629511222607305
2022-10-18 06:29:36.137000+00:00,0.0,1.1629674442599423,-1.1629674442599423,1.1629674442599423
2022-10-18 06:29:38.049000+00:00,0.0,1.162984295049625,-1.162984295049625,1.162984295049625
2022-10-18 06:29:39.973000+00:00,0.0,1.1630012515974018,-1.1630012515974018,1.1630012515974018
2022-10-18 06:29:41.877000+00:00,0.0,1.1630180318816883,-1.1630180318816883,1.1630180318816883
2022-10-18 06:29:43.738000+00:00,0.0,1.1630344331994706,-1.1630344331994706,1.1630344331994706
2022-10-18 06:29:45.550000+00:00,0.0,1.1630504026717012,-1.1630504026717012,1.1630504026717012
2022-10-18 06:29:47.456000+00:00,0.0,1.1630672005823368,-1.1630672005823368,1.1630672005823368
2022-10-18 06:29:52.800000+00:00,0.0,1.163114298186973,-1.163114298186973,1.163114298186973
2022-10-18 06:29:54.737000+00:00,0.0,1.1631313693060186,-1.1631313693060186,1.1631313693060186
2022-10-18 06:29:56.636000+00:00,0.0,1.1631481055244328,-1.1631481055244328,1.1631481055244328
2022-10-18 06:29:58.549000+00:00,0.0,1.16316496512729,-1.16316496512729,1.16316496512729
2022-10-18 06:30:00.456000+00:00,0.0,1.1631817718511002,-1.1631817718511002,1.1631817718511002
2022-10-18 06:30:02.315000+00:00,0.0,1.163198155542533,-1.163198155542533,1.163198155542533
2022-10-18 06:30:04.081000+00:00,0.0,1.163213719608736,-1.163213719608736,1.163213719608736
2022-10-18 06:30:05.992000+00:00,0.0,1.163230561585244,-1.163230561585244,1.163230561585244
2022-10-18 06:30:07.847000+00:00,0.0,1.1632469100239793,-1.1632469100239793,1.1632469100239793
2022-10-18 06:30:09.706000+00:00,0.0,1.1632632937154124,-1.1632632937154124,1.1632632937154124
2022-10-18 06:30:11.612000+00:00,0.0,1.163280091626048,-1.163280091626048,1.163280091626048
2022-10-18 06:30:13.441000+00:00,0.0,1.1632962109222453,-1.1632962109222453,1.1632962109222453
2022-10-18 06:30:15.367000+00:00,0.0,1.1633131850963716,-1.1633131850963716,1.1633131850963716
2022-10-18 06:30:17.236000+00:00,0.0,1.16332965691955,-1.16332965691955,1.16332965691955
2022-10-18 06:30:19.082000+00:00,0.0,1.163345926039714,-1.163345926039714,1.163345926039714
2022-10-18 06:30:20.946000+00:00,0.0,1.16336235379702,-1.16336235379702,1.16336235379702
2022-10-18 06:30:22.800000+00:00,0.0,1.1633786934225805,-1.1633786934225805,1.1633786934225805
2022-10-18 06:30:24.784000+00:00,0.0,1.1633961787608285,-1.1633961787608285,1.1633961787608285
2022-10-18 06:30:26.690000+00:00,0.0,1.1634129766714643,-1.1634129766714643,1.1634129766714643
2022-10-18 06:30:28.597000+00:00,0.0,1.1634297833952743,-1.1634297833952743,1.1634297833952743
2022-10-18 06:30:30.425000+00:00,0.0,1.1634458938782974,-1.1634458938782974,1.1634458938782974
2022-10-18 06:30:32.221000+00:00,0.0,1.1634617223397357,-1.1634617223397357,1.1634617223397357
2022-10-18 06:30:34.086000+00:00,0.0,1.1634781589102159,-1.1634781589102159,1.1634781589102159
2022-10-18 06:30:35.944000+00:00,0.0,1.1634945337884746,-1.1634945337884746,1.1634945337884746
2022-10-18 06:30:37.757000+00:00,0.0,1.1635105120738798,-1.1635105120738798,1.1635105120738798
2022-10-18 06:30:39.580000+00:00,0.0,1.1635265784910303,-1.1635265784910303,1.1635265784910303
2022-10-18 06:30:41.432000+00:00,0.0,1.1635429004902416,-1.1635429004902416,1.1635429004902416
2022-10-18 06:30:43.347000+00:00,0.0,1.163559777719448,-1.163559777719448,1.163559777719448
2022-10-18 06:30:45.316000+00:00,0.0,1.1635771308600784,-1.1635771308600784,1.1635771308600784
2022-10-18 06:30:47.130000+00:00,0.0,1.163593117958658,-1.163593117958658,1.163593117958658
2022-10-18 06:30:48.987000+00:00,0.0,1.163609484023742,-1.163609484023742,1.163609484023742
2022-10-18 06:30:50.843000+00:00,0.0,1.1636258412756517,-1.1636258412756517,1.1636258412756517
2022-10-18 06:30:52.650000+00:00,0.0,1.1636417666820098,-1.1636417666820098,1.1636417666820098
2022-10-18 06:30:57.941000+00:00,0.0,1.1636883971883965,-1.1636883971883965,1.1636883971883965
2022-10-18 06:30:59.863000+00:00,0.0,1.1637053361098242,-1.1637053361098242,1.1637053361098242
2022-10-18 06:31:01.784000+00:00,0.0,1.1637222662180777,-1.1637222662180777,1.1637222662180777
2022-10-18 06:31:03.669000+00:00,0.0,1.1637388790520484,-1.1637388790520484,1.1637388790520484
2022-10-18 06:31:05.549000+00:00,0.0,1.1637554478201464,-1.1637554478201464,1.1637554478201464
2022-10-18 06:31:07.409000+00:00,0.0,1.1637718403247541,-1.1637718403247541,1.1637718403247541
2022-10-18 06:31:09.315000+00:00,0.0,1.1637886382353897,-1.1637886382353897,1.1637886382353897
2022-10-18 06:31:11.222000+00:00,0.0,1.1638054449592,-1.1638054449592,1.1638054449592
2022-10-18 06:31:13.132000+00:00,0.0,1.1638222781225336,-1.1638222781225336,1.1638222781225336
2022-10-18 06:31:15.004000+00:00,0.0,1.1638387763852354,-1.1638387763852354,1.1638387763852354
2022-10-18 06:31:16.863000+00:00,0.0,1.1638551600766687,-1.1638551600766687,1.1638551600766687
2022-10-18 06:31:18.768000+00:00,0.0,1.1638719491741296,-1.1638719491741296,1.1638719491741296
2022-10-18 06:31:20.679000+00:00,0.0,1.163888791150638,-1.163888791150638,1.163888791150638
2022-10-18 06:31:22.549000+00:00,0.0,1.1639052717869907,-1.1639052717869907,1.1639052717869907
2022-10-18 06:31:24.394000+00:00,0.0,1.1639215320939806,-1.1639215320939806,1.1639215320939806
2022-10-18 06:31:26.300000+00:00,0.0,1.163938330004616,-1.163938330004616,1.163938330004616
2022-10-18 06:31:28.147000+00:00,0.0,1.163954607937955,-1.163954607937955,1.163954607937955
2022-10-18 06:31:30.066000+00:00,0.0,1.1639715204198593,-1.1639715204198593,1.1639715204198593
2022-10-18 06:31:31.971000+00:00,0.0,1.1639883095173205,-1.1639883095173205,1.1639883095173205
2022-10-18 06:31:33.877000+00:00,0.0,1.164005107427956,-1.164005107427956,1.164005107427956
2022-10-18 06:31:35.742000+00:00,0.0,1.1640215439984363,-1.1640215439984363,1.1640215439984363
2022-10-18 06:31:37.646000+00:00,0.0,1.164038324282723,-1.164038324282723,1.164038324282723
2022-10-18 06:31:39.519000+00:00,0.0,1.1640548313585992,-1.1640548313585992,1.1640548313585992
2022-10-18 06:31:41.399000+00:00,0.0,1.1640714001266974,-1.1640714001266974,1.1640714001266974
2022-10-18 06:31:43.253000+00:00,0.0,1.164087739752258,-1.164087739752258,1.164087739752258
2022-10-18 06:31:45.112000+00:00,0.0,1.164104123443691,-1.164104123443691,1.164104123443691
2022-10-18 06:31:46.971000+00:00,0.0,1.1641205071351242,-1.1641205071351242,1.1641205071351242
2022-10-18 06:31:48.878000+00:00,0.0,1.1641373138589342,-1.1641373138589342,1.1641373138589342
2022-10-18 06:31:50.804000+00:00,0.0,1.1641542880330604,-1.1641542880330604,1.1641542880330604
2022-10-18 06:31:52.651000+00:00,0.0,1.164170565966399,-1.164170565966399,1.164170565966399
2022-10-18 06:31:54.466000+00:00,0.0,1.1641865618781533,-1.1641865618781533,1.1641865618781533
2022-10-18 06:31:56.327000+00:00,0.0,1.1642029631959356,-1.1642029631959356,1.1642029631959356
2022-10-18 06:32:02.515000+00:00,0.0,1.1642574991198669,-1.1642574991198669,1.1642574991198669
2022-10-18 06:32:04.374000+00:00,0.0,1.1642738828113002,-1.1642738828113002,1.1642738828113002
2022-10-18 06:32:06.233000+00:00,0.0,1.1642902665027333,-1.1642902665027333,1.1642902665027333
2022-10-18 06:32:08.107000+00:00,0.0,1.164306782391784,-1.164306782391784,1.164306782391784
2022-10-18 06:32:09.968000+00:00,0.0,1.1643231837095662,-1.1643231837095662,1.1643231837095662
2022-10-18 06:32:11.873000+00:00,0.0,1.1643399728070274,-1.1643399728070274,1.1643399728070274
2022-10-18 06:32:13.780000+00:00,0.0,1.1643567795308374,-1.1643567795308374,1.1643567795308374
2022-10-18 06:32:15.702000+00:00,0.0,1.1643737184522656,-1.1643737184522656,1.1643737184522656
2022-10-18 06:32:17.560000+00:00,0.0,1.164390093330524,-1.164390093330524,1.164390093330524
2022-10-18 06:32:19.412000+00:00,0.0,1.1644064153297355,-1.1644064153297355,1.1644064153297355
2022-10-18 06:32:21.264000+00:00,0.0,1.164422737328947,-1.164422737328947,1.164422737328947
2022-10-18 06:32:23.168000+00:00,0.0,1.1644395176132336,-1.1644395176132336,1.1644395176132336
2022-10-18 06:32:25.013000+00:00,0.0,1.1644557779202236,-1.1644557779202236,1.1644557779202236
2022-10-18 06:32:26.921000+00:00,0.0,1.1644725934572082,-1.1644725934572082,1.1644725934572082
2022-10-18 06:32:28.826000+00:00,0.0,1.1644893825546692,-1.1644893825546692,1.1644893825546692
2022-10-18 06:32:30.686000+00:00,0.0,1.1645057750592769,-1.1645057750592769,1.1645057750592769
2022-10-18 06:32:32.546000+00:00,0.0,1.1645221675638844,-1.1645221675638844,1.1645221675638844
2022-10-18 06:32:34.420000+00:00,0.0,1.1645386834529354,-1.1645386834529354,1.1645386834529354
2022-10-18 06:32:36.279000+00:00,0.0,1.1645550671443687,-1.1645550671443687,1.1645550671443687
2022-10-18 06:32:38.186000+00:00,0.0,1.1645718738681787,-1.1645718738681787,1.1645718738681787
2022-10-18 06:32:40.108000+00:00,0.0,1.1645888127896065,-1.1645888127896065,1.1645888127896065
2022-10-18 06:32:42.013000+00:00,0.0,1.1646056018870676,-1.1646056018870676,1.1646056018870676
2022-10-18 06:32:43.920000+00:00,0.0,1.1646224086108776,-1.1646224086108776,1.1646224086108776
2022-10-18 06:32:45.799000+00:00,0.0,1.1646389685658014,-1.1646389685658014,1.1646389685658014
2022-10-18 06:32:47.648000+00:00,0.0,1.1646552641254893,-1.1646552641254893,1.1646552641254893
2022-10-18 06:32:49.561000+00:00,0.0,1.1646721237283466,-1.1646721237283466,1.1646721237283466
2022-10-18 06:32:51.420000+00:00,0.0,1.1646885074197795,-1.1646885074197795,1.1646885074197795
2022-10-18 06:32:53.283000+00:00,0.0,1.1647049263639109,-1.1647049263639109,1.1647049263639109
2022-10-18 06:32:55.205000+00:00,0.0,1.1647218652853386,-1.1647218652853386,1.1647218652853386
2022-10-18 06:32:57.112000+00:00,0.0,1.164738672009149,-1.164738672009149,1.164738672009149
2022-10-18 06:32:58.970000+00:00,0.0,1.1647550468874075,-1.1647550468874075,1.1647550468874075
2022-10-18 06:33:00.804000+00:00,0.0,1.1647712102494776,-1.1647712102494776,1.1647712102494776
2022-10-18 06:33:06.929000+00:00,0.0,1.164825190943414,-1.164825190943414,1.164825190943414
2022-10-18 06:33:08.755000+00:00,0.0,1.1648412838000881,-1.1648412838000881,1.1648412838000881
2022-10-18 06:33:10.564000+00:00,0.0,1.1648572268327952,-1.1648572268327952,1.1648572268327952
2022-10-18 06:33:12.378000+00:00,0.0,1.1648732139313749,-1.1648732139313749,1.1648732139313749
2022-10-18 06:33:14.221000+00:00,0.0,1.1648894566120158,-1.1648894566120158,1.1648894566120158
2022-10-18 06:33:16.136000+00:00,0.0,1.164906333841222,-1.164906333841222,1.164906333841222
2022-10-18 06:33:18.237000+00:00,0.0,1.164924850320889,-1.164924850320889,1.164924850320889
2022-10-18 06:33:20.064000+00:00,0.0,1.1649409519907374,-1.1649409519907374,1.1649409519907374
2022-10-18 06:33:21.971000+00:00,0.0,1.1649577587145477,-1.1649577587145477,1.1649577587145477
2022-10-18 06:33:23.878000+00:00,0.0,1.1649745654383579,-1.1649745654383579,1.1649745654383579
2022-10-18 06:33:25.793000+00:00,0.0,1.164991442667564,-1.164991442667564,1.164991442667564
2022-10-18 06:33:27.705000+00:00,0.0,1.1650082934572468,-1.1650082934572468,1.1650082934572468
2022-10-18 06:33:29.533000+00:00,0.0,1.16502440394027,-1.16502440394027,1.16502440394027
2022-10-18 06:33:31.392000+00:00,0.0,1.1650407876317028,-1.1650407876317028,1.1650407876317028
2022-10-18 06:33:33.253000+00:00,0.0,1.165057188949485,-1.165057188949485,1.165057188949485
2022-10-18 06:33:35.089000+00:00,0.0,1.1650733699379043,-1.1650733699379043,1.1650733699379043
2022-10-18 06:33:36.940000+00:00,0.0,1.1650896831239412,-1.1650896831239412,1.1650896831239412
2022-10-18 06:33:39.003000+00:00,0.0,1.1651078647029764,-1.1651078647029764,1.1651078647029764
2022-10-18 06:33:40.866000+00:00,0.0,1.1651242836471079,-1.1651242836471079,1.1651242836471079
2022-10-18 06:33:42.768000+00:00,0.0,1.1651410463050453,-1.1651410463050453,1.1651410463050453
2022-10-18 06:33:44.628000+00:00,0.0,1.1651574388096528,-1.1651574388096528,1.1651574388096528
2022-10-18 06:33:46.487000+00:00,0.0,1.1651738225010861,-1.1651738225010861,1.1651738225010861
2022-10-18 06:33:48.363000+00:00,0.0,1.165190356016486,-1.165190356016486,1.165190356016486
2022-10-18 06:33:50.283000+00:00,0.0,1.165207277311565,-1.165207277311565,1.165207277311565
2022-10-18 06:33:52.142000+00:00,0.0,1.1652236610029982,-1.1652236610029982,1.1652236610029982
2022-10-18 06:33:53.990000+00:00,0.0,1.1652399477495115,-1.1652399477495115,1.1652399477495115
2022-10-18 06:33:55.886000+00:00,0.0,1.1652566575284018,-1.1652566575284018,1.1652566575284018
2022-10-18 06:33:57.753000+00:00,0.0,1.1652731117252313,-1.1652731117252313,1.1652731117252313
2022-10-18 06:33:59.663000+00:00,0.0,1.1652899448885647,-1.1652899448885647,1.1652899448885647
2022-10-18 06:34:01.529000+00:00,0.0,1.1653063902722196,-1.1653063902722196,1.1653063902722196
2022-10-18 06:34:03.441000+00:00,0.0,1.1653232410619023,-1.1653232410619023,1.1653232410619023
2022-10-18 06:34:05.316000+00:00,0.0,1.165339765764128,-1.165339765764128,1.165339765764128
2022-10-18 06:34:11.331000+00:00,0.0,1.1653927770088672,-1.1653927770088672,1.1653927770088672
2022-10-18 06:34:13.156000+00:00,0.0,1.1654088610523665,-1.1654088610523665,1.1654088610523665
2022-10-18 06:34:15.019000+00:00,0.0,1.165425279996498,-1.165425279996498,1.165425279996498
2022-10-18 06:34:16.928000+00:00,0.0,1.165442104346657,-1.165442104346657,1.165442104346657
2022-10-18 06:34:18.800000+00:00,0.31271,1.165458602609359,-0.8527486026093589,0.8527486026093589
2022-10-18 06:34:20.653000+00:00,7.73947,1.165474933421745,6.573995066578255,6.573995066578255
2022-10-18 06:34:22.692000+00:00,0.18241,1.1654929034845916,-0.9830829034845916,0.9830829034845916
2022-10-18 06:34:24.640000+00:00,8.36488,1.1655100715485571,7.199369928451443,7.199369928451443
2022-10-18 06:34:26.612000+00:00,0.54724,1.165527451128711,-0.6182874511287111,0.6182874511287111
2022-10-18 06:34:28.477000+00:00,2.81435,1.1655438876991913,1.6488061123008089,1.6488061123008089
2022-10-18 06:34:30.465000+00:00,4.873,1.1655614082901375,3.7074385917098627,3.7074385917098627
2022-10-18 06:34:32.413000+00:00,0.31271,1.165578576354103,-0.8528685763541028,0.8528685763541028
2022-10-18 06:34:34.270000+00:00,0.20847,1.1655949424191872,-0.9571249424191872,0.9571249424191872
2022-10-18 06:34:36.196000+00:00,0.39088,1.165611916593313,-0.774731916593313,0.774731916593313
2022-10-18 06:34:38.124000+00:00,0.13029,1.165628908393788,-1.035338908393788,1.035338908393788
2022-10-18 06:34:39.941000+00:00,3.62218,1.1656449219318914,2.456535078068109,2.456535078068109
2022-10-18 06:34:41.893000+00:00,0.07818,1.1656621252485548,-1.087482125248555,1.087482125248555
2022-10-18 06:34:43.695000+00:00,7.6613,1.1656780065890404,6.49562199341096,6.49562199341096
2022-10-18 06:34:45.706000+00:00,0.80782,1.1656957298830006,-0.35787572988300065,0.35787572988300065
2022-10-18 06:34:47.706000+00:00,0.05212,1.165713356232041,-1.113593356232041,1.113593356232041
2022-10-18 06:34:49.641000+00:00,0.26059,1.1657304097247378,-0.9051404097247379,0.9051404097247379
2022-10-18 06:34:51.567000+00:00,0.0,1.165747383898864,-1.165747383898864,1.165747383898864
2022-10-18 06:34:53.440000+00:00,0.0,1.1657638909747403,-1.1657638909747403,1.1657638909747403
2022-10-18 06:34:55.301000+00:00,0.0,1.1657802922925224,-1.1657802922925224,1.1657802922925224
2022-10-18 06:34:57.178000+00:00,0.0,1.165796834621097,-1.165796834621097,1.165796834621097
2022-10-18 06:34:59.112000+00:00,0.0,1.165813879300619,-1.165813879300619,1.165813879300619
2022-10-18 06:35:01.038000+00:00,0.0,1.165830853474745,-1.165830853474745,1.165830853474745
2022-10-18 06:35:02.877000+00:00,0.0,1.1658470609026879,-1.1658470609026879,1.1658470609026879
2022-10-18 06:35:04.706000+00:00,0.0,1.1658631801988855,-1.1658631801988855,1.1658631801988855
2022-10-18 06:35:06.517000+00:00,0.0,1.1658791408579416,-1.1658791408579416,1.1658791408579416
2022-10-18 06:35:08.440000+00:00,0.0,1.165896088592544,-1.165896088592544,1.165896088592544
2022-10-18 06:35:10.299000+00:00,0.0,1.1659124722839769,-1.1659124722839769,1.1659124722839769
2022-10-18 06:35:15.969000+00:00,4.95118,1.1659624429835067,3.785217557016493,3.785217557016493
2022-10-18 06:35:17.897000+00:00,0.57329,1.1659794347839818,-0.5926894347839818,0.5926894347839818
2022-10-18 06:35:19.815000+00:00,5.18571,1.165996338452712,4.019713661547288,4.019713661547288
2022-10-18 06:35:21.754000+00:00,0.46906,1.1660134271981066,-0.6969534271981066,0.6969534271981066
2022-10-18 06:35:23.713000+00:00,1.79806,1.1660306922069916,0.6320293077930084,0.6320293077930084
2022-10-18 06:35:25.680000+00:00,5.08147,1.166048027721273,3.915421972278727,3.915421972278727
2022-10-18 06:35:27.650000+00:00,0.23453,1.166065389675078,-0.9315353896750779,0.9315353896750779
2022-10-18 06:35:29.537000+00:00,1.82412,1.1660820201353976,0.6580379798646023,0.6580379798646023
2022-10-18 06:35:31.409000+00:00,0.28665,1.1660985183980994,-0.8794485183980993,0.8794485183980993
2022-10-18 06:35:33.230000+00:00,0.20847,1.166114567188901,-0.9576445671889011,0.9576445671889011
2022-10-18 06:35:35.112000+00:00,1.17265,1.166131153583348,0.006518846416651902,0.006518846416651902
2022-10-18 06:35:37.080000+00:00,0.99024,1.1661484979108039,-0.17590849791080387,0.17590849791080387
2022-10-18 06:35:38.924000+00:00,11.67436,1.166164749404619,10.508195250595382,10.508195250595382
2022-10-18 06:35:40.850000+00:00,0.10424,1.1661817235787453,-1.0619417235787454,1.0619417235787454
2022-10-18 06:35:42.737000+00:00,0.26059,1.1661983540390648,-0.9056083540390648,0.9056083540390648
2022-10-18 06:35:44.633000+00:00,0.23453,1.1662150638179551,-0.9316850638179551,0.9316850638179551
2022-10-18 06:35:46.502000+00:00,0.0,1.1662315356411335,-1.1662315356411335,1.1662315356411335
2022-10-18 06:35:48.347000+00:00,0.0,1.1662477959481234,-1.1662477959481234,1.1662477959481234
2022-10-18 06:35:50.166000+00:00,0.0,1.1662638271125756,-1.1662638271125756,1.1662638271125756
2022-10-18 06:35:52.018000+00:00,0.0,1.1662801491117873,-1.1662801491117873,1.1662801491117873
2022-10-18 06:35:53.955000+00:00,0.0,1.1662972202308328,-1.1662972202308328,1.1662972202308328
2022-10-18 06:35:55.881000+00:00,0.0,1.166314194404959,-1.166314194404959,1.166314194404959
2022-10-18 06:35:57.737000+00:00,0.0,1.1663305516568685,-1.1663305516568685,1.1663305516568685
2022-10-18 06:35:59.653000+00:00,0.0,1.1663474376992493,-1.1663474376992493,1.1663474376992493
2022-10-18 06:36:01.533000+00:00,0.0,1.1663640064673475,-1.1663640064673475,1.1663640064673475
2022-10-18 06:36:03.409000+00:00,0.39088,1.1663805399827474,-0.7755005399827474,0.7755005399827474
2022-10-18 06:36:05.330000+00:00,2.73618,1.1663974700910007,1.5697825299089994,1.5697825299089994
2022-10-18 06:36:07.330000+00:00,0.52118,1.1664150964400413,-0.6452350964400413,0.6452350964400413
2022-10-18 06:36:09.268000+00:00,0.39088,1.1664321763722616,-0.7755521763722616,0.7755521763722616
2022-10-18 06:36:11.121000+00:00,0.83388,1.1664485071846475,-0.3325685071846476,0.3325685071846476
2022-10-18 06:36:13.067000+00:00,0.23453,1.166465657622264,-0.931935657622264,0.931935657622264
2022-10-18 06:36:15.018000+00:00,0.26059,1.1664828521257529,-0.9058928521257529,0.9058928521257529
2022-10-18 06:36:20.596000+00:00,0.05212,1.166532012013227,-1.114412012013227,1.114412012013227
2022-10-18 06:36:22.455000+00:00,3.90882,1.16654839570466,2.7422716042953397,2.7422716042953397
2022-10-18 06:36:24.348000+00:00,0.26059,1.1665650790440267,-0.9059750790440267,0.9059750790440267
2022-10-18 06:36:26.299000+00:00,0.67753,1.1665822735475158,-0.4890522735475158,0.4890522735475158
2022-10-18 06:36:28.144000+00:00,1.85018,1.1665985338545057,0.6835814661454942,0.6835814661454942
2022-10-18 06:36:30.065000+00:00,0.23453,1.166615463962759,-0.932085463962759,0.932085463962759
2022-10-18 06:36:31.923000+00:00,0.443,1.1666318388410177,-0.7236318388410177,0.7236318388410177
2022-10-18 06:36:33.856000+00:00,2.50165,1.1666488747073653,1.3350011252926348,1.3350011252926348
2022-10-18 06:36:35.741000+00:00,0.20847,1.1666654875413363,-0.9581954875413363,0.9581954875413363
2022-10-18 06:36:37.660000+00:00,0.0,1.1666824000232405,-1.1666824000232405,1.1666824000232405
2022-10-18 06:36:39.549000+00:00,0.0,1.166699048109909,-1.166699048109909,1.166699048109909
2022-10-18 06:36:41.439000+00:00,0.0,1.1667157050097523,-1.1667157050097523,1.1667157050097523
2022-10-18 06:36:43.330000+00:00,0.0,1.1667323707227704,-1.1667323707227704,1.1667323707227704
2022-10-18 06:36:45.189000+00:00,0.0,1.1667487544142032,-1.1667487544142032,1.1667487544142032
2022-10-18 06:36:47.049000+00:00,0.0,1.166765146918811,-1.166765146918811,1.166765146918811
2022-10-18 06:36:48.924000+00:00,0.0,1.1667816716210364,-1.1667816716210364,1.1667816716210364
2022-10-18 06:36:50.789000+00:00,0.0,1.1667981081915166,-1.1667981081915166,1.1667981081915166
2022-10-18 06:36:52.768000+00:00,0.0,1.1668155494638923,-1.1668155494638923,1.1668155494638923
2022-10-18 06:36:54.663000+00:00,0.0,1.166832250429608,-1.166832250429608,1.166832250429608
2022-10-18 06:36:56.540000+00:00,0.0,1.1668487927581828,-1.1668487927581828,1.1668487927581828
2022-10-18 06:36:58.408000+00:00,0.0,1.1668652557681867,-1.1668652557681867,1.1668652557681867
2022-10-18 06:37:00.395000+00:00,0.28665,1.166882767545958,-0.880232767545958,0.880232767545958
2022-10-18 06:37:02.316000+00:00,7.55706,1.1668996976542116,6.390160302345788,6.390160302345788
2022-10-18 06:37:04.211000+00:00,0.443,1.1669163986199276,-0.7239163986199275,0.7239163986199275
2022-10-18 06:37:06.138000+00:00,0.65147,1.166933381607228,-0.515463381607228,0.515463381607228
2022-10-18 06:37:08.066000+00:00,1.79806,1.1669503734077031,0.6311096265922969,0.6311096265922969
2022-10-18 06:37:09.932000+00:00,20.11742,1.1669668187913578,18.95045318120864,18.95045318120864
2022-10-18 06:37:11.879000+00:00,3.07494,1.1669839780421487,1.907956021957851,1.907956021957851
2022-10-18 06:37:13.746000+00:00,0.78176,1.167000432238978,-0.38524043223897797,0.38524043223897797
2022-10-18 06:37:15.613000+00:00,5.18571,1.1670168864358073,4.0186931135641935,4.0186931135641935
2022-10-18 06:37:17.535000+00:00,0.39088,1.1670338253572354,-0.7761538253572354,0.7761538253572354
2022-10-18 06:37:19.428000+00:00,1.71988,1.167050508696602,0.552829491303398,0.552829491303398
2022-10-18 06:37:25.305000+00:00,5.18571,1.1671023037232575,4.018607696276742,4.018607696276742
2022-10-18 06:37:27.238000+00:00,1.40718,1.1671193395896053,0.24006066041039476,0.24006066041039476
2022-10-18 06:37:29.144000+00:00,2.78829,1.1671361375002407,1.6211538624997592,1.6211538624997592
2022-10-18 06:37:30.991000+00:00,4.16941,1.1671524154335797,3.0022575845664203,3.0022575845664203
2022-10-18 06:37:32.799000+00:00,0.23453,1.1671683496531124,-0.9326383496531124,0.9326383496531124
2022-10-18 06:37:34.737000+00:00,0.0,1.1671854295853326,-1.1671854295853326,1.1671854295853326
2022-10-18 06:37:36.653000+00:00,0.0,1.1672023156277134,-1.1672023156277134,1.1672023156277134
2022-10-18 06:37:38.518000+00:00,0.0,1.1672187521981936,-1.1672187521981936,1.1672187521981936
2022-10-18 06:37:40.440000+00:00,0.0,1.1672356911196216,-1.1672356911196216,1.1672356911196216
2022-10-18 06:37:42.284000+00:00,0.0,1.167251942613437,-1.167251942613437,1.167251942613437
2022-10-18 06:37:44.150000+00:00,0.0,1.1672683879970918,-1.1672683879970918,1.1672683879970918
2022-10-18 06:37:46.069000+00:00,0.0,1.167285300478996,-1.167285300478996,1.167285300478996
2022-10-18 06:37:47.878000+00:00,0.0,1.167301243511703,-1.167301243511703,1.167301243511703
2022-10-18 06:37:49.800000+00:00,0.0,1.1673181824331311,-1.1673181824331311,1.1673181824331311
2022-10-18 06:37:51.717000+00:00,2.68406,1.1673350772886864,1.5167249227113138,1.5167249227113138
2022-10-18 06:37:53.716000+00:00,0.28665,1.1673526948245523,-0.8807026948245522,0.8807026948245522
2022-10-18 06:37:55.663000+00:00,13.70694,1.1673698540753432,12.539570145924657,12.539570145924657
2022-10-18 06:37:57.534000+00:00,0.10424,1.1673863435248706,-1.0631463435248705,1.0631463435248705
2022-10-18 06:37:59.417000+00:00,3.20524,1.1674029387324922,2.0378370612675076,2.0378370612675076
2022-10-18 06:38:01.362000+00:00,3.04888,1.1674200803569343,1.8814599196430657,1.8814599196430657
2022-10-18 06:38:03.253000+00:00,2.11077,1.167436746069952,0.9433332539300481,0.9433332539300481
2022-10-18 06:38:05.129000+00:00,0.67753,1.1674532795853518,-0.48992327958535187,0.48992327958535187
2022-10-18 06:38:06.965000+00:00,0.75571,1.1674694605737712,-0.4117594605737712,0.4117594605737712
2022-10-18 06:38:08.832000+00:00,0.33876,1.1674859147706005,-0.8287259147706005,0.8287259147706005
2022-10-18 06:38:10.789000+00:00,4.84694,1.1675031621531367,3.6794368378468634,3.6794368378468634
2022-10-18 06:38:12.738000+00:00,5.73294,1.1675203390302764,4.565419660969724,4.565419660969724
2022-10-18 06:38:14.636000+00:00,0.59935,1.167537066435516,-0.568187066435516,0.568187066435516
2022-10-18 06:38:16.586000+00:00,2.18894,1.1675542521258304,1.0213857478741697,1.0213857478741697
2022-10-18 06:38:18.534000+00:00,0.05212,1.167571420189796,-1.115451420189796,1.115451420189796
2022-10-18 06:38:20.425000+00:00,0.78176,1.1675880859028136,-0.3858280859028136,0.3858280859028136
2022-10-18 06:38:22.330000+00:00,0.20847,1.1676048750002748,-0.9591348750002748,0.9591348750002748
2022-10-18 06:38:24.237000+00:00,0.0,1.1676216817240848,-1.1676216817240848,1.1676216817240848
2022-10-18 06:38:30.003000+00:00,0.0,1.1676724984883684,-1.1676724984883684,1.1676724984883684
2022-10-18 06:38:31.831000+00:00,0.0,1.1676886089713916,-1.1676886089713916,1.1676886089713916
2022-10-18 06:38:33.691000+00:00,0.0,1.1677050014759993,-1.1677050014759993,1.1677050014759993
2022-10-18 06:38:35.550000+00:00,0.0,1.1677213851674324,-1.1677213851674324,1.1677213851674324
2022-10-18 06:38:37.378000+00:00,0.0,1.1677374956504554,-1.1677374956504554,1.1677374956504554
2022-10-18 06:38:39.316000+00:00,0.0,1.1677545755826757,-1.1677545755826757,1.1677545755826757
2022-10-18 06:38:41.383000+00:00,0.443,1.167772792414409,-0.724772792414409,0.724772792414409
2022-10-18 06:38:43.380000+00:00,6.3323,1.167790392323926,5.164509607676074,5.164509607676074
2022-10-18 06:38:45.337000+00:00,0.02606,1.167807639706462,-1.141747639706462,1.141747639706462
2022-10-18 06:38:47.306000+00:00,0.41694,1.1678249928470925,-0.7508849928470925,0.7508849928470925
2022-10-18 06:38:49.244000+00:00,0.59935,1.1678420727793126,-0.5684920727793126,0.5684920727793126
2022-10-18 06:38:51.142000+00:00,0.46906,1.1678588001845522,-0.6987988001845522,0.6987988001845522
2022-10-18 06:38:53.059000+00:00,0.15635,1.1678756950401075,-1.0115256950401075,1.0115256950401075
2022-10-18 06:38:54.977000+00:00,0.72965,1.1678925987088373,-0.4382425987088373,0.4382425987088373
2022-10-18 06:38:56.924000+00:00,0.31271,1.1679097579596283,-0.8551997579596282,0.8551997579596282
2022-10-18 06:38:58.879000+00:00,3.72641,1.1679269877158154,2.5584830122841846,2.5584830122841846
2022-10-18 06:39:00.836000+00:00,0.33876,1.1679442350983513,-0.8291842350983514,0.8291842350983514
2022-10-18 06:39:02.770000+00:00,1.45929,1.1679612797778736,0.2913287202221264,0.2913287202221264
2022-10-18 06:39:04.722000+00:00,0.18241,1.167978483094537,-0.985568483094537,0.985568483094537
2022-10-18 06:39:06.675000+00:00,16.00012,1.167995695224375,14.832124304775624,14.832124304775624
2022-10-18 06:39:08.627000+00:00,0.41694,1.1680128985410385,-0.7510728985410385,0.7510728985410385
2022-10-18 06:39:10.524000+00:00,0.41694,1.1680296171331035,-0.7510896171331035,0.7510896171331035
2022-10-18 06:39:12.442000+00:00,0.28665,1.1680465208018336,-0.8813965208018335,0.8813965208018335
2022-10-18 06:39:14.331000+00:00,0.0,1.1680631688885021,-1.1680631688885021,1.1680631688885021
2022-10-18 06:39:16.228000+00:00,0.0,1.168079887480567,-1.168079887480567,1.168079887480567
2022-10-18 06:39:18.139000+00:00,0.0,1.1680967294570754,-1.1680967294570754,1.1680967294570754
2022-10-18 06:39:20.012000+00:00,0.0,1.1681132365329516,-1.1681132365329516,1.1681132365329516
2022-10-18 06:39:21.859000+00:00,0.0,1.1681295144662904,-1.1681295144662904,1.1681295144662904
2022-10-18 06:39:23.784000+00:00,0.0,1.168146479827242,-1.168146479827242,1.168146479827242
2022-10-18 06:39:25.690000+00:00,0.0,1.1681632777378776,-1.1681632777378776,1.1681632777378776
2022-10-18 06:39:27.550000+00:00,0.0,1.1681796702424854,-1.1681796702424854,1.1681796702424854
2022-10-18 06:39:29.409000+00:00,0.0,1.1681960539339182,-1.1681960539339182,1.1681960539339182
2022-10-18 06:39:35.014000+00:00,0.07818,1.1682454517771044,-1.0900654517771045,1.0900654517771045
2022-10-18 06:39:36.955000+00:00,1.69382,1.1682625581488482,0.5255574418511519,0.5255574418511519
2022-10-18 06:39:38.878000+00:00,2.13682,1.1682795058834505,0.9685404941165496,0.9685404941165496
2022-10-18 06:39:40.787000+00:00,20.69071,1.1682963302336096,19.52241366976639,19.52241366976639
2022-10-18 06:39:42.714000+00:00,3.17918,1.1683133132209105,2.0108666867790896,2.0108666867790896
2022-10-18 06:39:44.611000+00:00,0.70359,1.1683300318129752,-0.4647400318129752,0.4647400318129752
2022-10-18 06:39:46.534000+00:00,4.06518,1.1683469795475776,2.896833020452422,2.896833020452422
2022-10-18 06:39:48.503000+00:00,0.39088,1.168364332688208,-0.777484332688208,0.777484332688208
2022-10-18 06:39:50.441000+00:00,9.56359,1.1683814126204282,8.395208587379571,8.395208587379571
2022-10-18 06:39:52.363000+00:00,0.59935,1.1683983515418561,-0.5690483515418561,0.5690483515418561
2022-10-18 06:39:54.343000+00:00,1.17265,1.1684158016274062,0.004234198372593756,0.004234198372593756
2022-10-18 06:39:56.235000+00:00,1.69382,1.1684324761535985,0.5253875238464016,0.5253875238464016
2022-10-18 06:39:58.186000+00:00,0.28665,1.1684496706570875,-0.8817996706570874,0.8817996706570874
2022-10-18 06:40:00.083000+00:00,1.51141,1.1684663892491525,0.34294361075084745,0.34294361075084745
2022-10-18 06:40:02.076000+00:00,0.18241,1.1684839539059713,-0.9860739539059713,0.9860739539059713
2022-10-18 06:40:03.967000+00:00,0.0,1.168500619618989,-1.168500619618989,1.168500619618989
2022-10-18 06:40:05.785000+00:00,0.0,1.168516641970267,-1.168516641970267,1.168516641970267
2022-10-18 06:40:07.633000+00:00,0.0,1.1685329287167803,-1.1685329287167803,1.1685329287167803
2022-10-18 06:40:09.514000+00:00,0.0,1.1685495062980529,-1.1685495062980529,1.1685495062980529
2022-10-18 06:40:11.328000+00:00,0.0,1.1685654933966327,-1.1685654933966327,1.1685654933966327
2022-10-18 06:40:13.249000+00:00,0.0,1.168582423504886,-1.168582423504886,1.168582423504886
2022-10-18 06:40:15.123000+00:00,0.0,1.168598939393937,-1.168598939393937,1.168598939393937
2022-10-18 06:40:16.968000+00:00,0.0,1.1686151997009269,-1.1686151997009269,1.1686151997009269
2022-10-18 06:40:18.843000+00:00,0.0,1.1686317244031523,-1.1686317244031523,1.1686317244031523
2022-10-18 06:40:20.702000+00:00,0.0,1.1686481080945854,-1.1686481080945854,1.1686481080945854
2022-10-18 06:40:22.630000+00:00,0.443,1.1686650998950605,-0.7256650998950605,0.7256650998950605
2022-10-18 06:40:24.547000+00:00,0.18241,1.168681994750616,-0.986271994750616,0.986271994750616
2022-10-18 06:40:26.505000+00:00,0.93812,1.1686992509463265,-0.23057925094632659,0.23057925094632659
2022-10-18 06:40:28.437000+00:00,1.79806,1.1687162779994997,0.6293437220005003,0.6293437220005003
2022-10-18 06:40:30.443000+00:00,0.26059,1.168733957227587,-0.908143957227587,0.908143957227587
2022-10-18 06:40:32.440000+00:00,5.02935,1.168751557137104,3.860598442862896,3.860598442862896
2022-10-18 06:40:34.421000+00:00,7.94794,1.1687690160358288,6.779170983964171,6.779170983964171
2022-10-18 06:40:40.056000+00:00,0.20847,1.1688186782742502,-0.9603486782742503,0.9603486782742503
2022-10-18 06:40:42.026000+00:00,0.49512,1.1688360402280553,-0.6737160402280553,0.6737160402280553
2022-10-18 06:40:43.914000+00:00,4.82088,1.1688526795015495,3.6520273204984504,3.6520273204984504
2022-10-18 06:40:45.903000+00:00,0.91206,1.1688702089056702,-0.2568102089056702,0.2568102089056702
2022-10-18 06:40:47.790000+00:00,4.40394,1.1688868393659901,3.2350531606340103,3.2350531606340103
2022-10-18 06:40:49.703000+00:00,0.18241,1.168903698968847,-0.9864936989688471,0.9864936989688471
2022-10-18 06:40:51.567000+00:00,0.13029,1.168920126726153,-1.038630126726153,1.038630126726153
2022-10-18 06:40:53.468000+00:00,0.26059,1.168936880570916,-0.908346880570916,0.908346880570916
2022-10-18 06:40:55.353000+00:00,0.0,1.1689534934048864,-1.1689534934048864,1.1689534934048864
2022-10-18 06:40:57.213000+00:00,0.0,1.1689698859094944,-1.1689698859094944,1.1689698859094944
2022-10-18 06:40:59.130000+00:00,0.0,1.1689867807650496,-1.1689867807650496,1.1689867807650496
2022-10-18 06:41:01.014000+00:00,0.0,1.1690033847858459,-1.1690033847858459,1.1690033847858459
2022-10-18 06:41:02.900000+00:00,0.0,1.1690200064329908,-1.1690200064329908,1.1690200064329908
2022-10-18 06:41:04.775000+00:00,0.0,1.1690365311352164,-1.1690365311352164,1.1690365311352164
2022-10-18 06:41:06.682000+00:00,0.0,1.1690533378590264,-1.1690533378590264,1.1690533378590264
2022-10-18 06:41:08.549000+00:00,0.0,1.1690697920558557,-1.1690697920558557,1.1690697920558557
2022-10-18 06:41:10.416000+00:00,0.0,1.169086246252685,-1.169086246252685,1.169086246252685
2022-10-18 06:41:12.306000+00:00,0.78176,1.1691029031525284,-0.3873429031525284,0.3873429031525284
2022-10-18 06:41:14.172000+00:00,3.20524,1.1691193485361833,2.0361206514638166,2.0361206514638166
2022-10-18 06:41:16.076000+00:00,0.65147,1.1691361288204696,-0.5176661288204696,0.5176661288204696
2022-10-18 06:41:17.993000+00:00,0.52118,1.1691530236760248,-0.6479730236760248,0.6479730236760248
2022-10-18 06:41:19.986000+00:00,0.31271,1.1691705883328438,-0.8564605883328438,0.8564605883328438
2022-10-18 06:41:21.947000+00:00,0.36482,1.169187870968078,-0.8043678709680782,0.8043678709680782
2022-10-18 06:41:23.903000+00:00,5.10753,1.1692051095374396,3.9383248904625603,3.9383248904625603
2022-10-18 06:41:25.889000+00:00,0.26059,1.1692226125020369,-0.9086326125020369,0.9086326125020369
2022-10-18 06:41:27.809000+00:00,2.05865,1.1692395337971158,0.8894104662028843,0.8894104662028843
2022-10-18 06:41:29.737000+00:00,0.31271,1.1692565255975906,-0.8565465255975906,0.8565465255975906
2022-10-18 06:41:31.665000+00:00,0.23453,1.1692735173980657,-0.9347435173980657,0.9347435173980657
2022-10-18 06:41:33.573000+00:00,1.17265,1.1692903329350504,0.003359667064949612,0.003359667064949612
2022-10-18 06:41:35.581000+00:00,2.71012,1.1693080297894871,1.5408119702105127,1.5408119702105127
2022-10-18 06:41:37.589000+00:00,3.93488,1.1693257266439239,2.7655542733560763,2.7655542733560763
2022-10-18 06:41:39.510000+00:00,0.49512,1.1693426567521772,-0.6742226567521772,0.6742226567521772
2022-10-18 06:41:44.838000+00:00,0.0,1.1693896133460209,-1.1693896133460209,1.1693896133460209
2022-10-18 06:41:46.713000+00:00,0.0,1.1694061380482466,-1.1694061380482466,1.1694061380482466
2022-10-18 06:41:48.587000+00:00,0.0,1.1694226539372974,-1.1694226539372974,1.1694226539372974
2022-10-18 06:41:50.463000+00:00,0.0,1.1694391874526975,-1.1694391874526975,1.1694391874526975
2022-10-18 06:41:52.337000+00:00,0.0,1.1694557033417483,-1.1694557033417483,1.1694557033417483
2022-10-18 06:41:54.223000+00:00,0.0,1.1694723249888934,-1.1694723249888934,1.1694723249888934
2022-10-18 06:41:56.189000+00:00,0.0,1.1694896516900002,-1.1694896516900002,1.1694896516900002
2022-10-18 06:41:58.114000+00:00,0.0,1.1695066170509518,-1.1695066170509518,1.1695066170509518
2022-10-18 06:41:59.955000+00:00,0.0,1.1695228421052435,-1.1695228421052435,1.1695228421052435
2022-10-18 06:42:01.861000+00:00,0.33876,1.1695396400158793,-0.8307796400158793,0.8307796400158793
2022-10-18 06:42:03.740000+00:00,11.83071,1.1695561999708026,10.661153800029197,10.661153800029197
2022-10-18 06:42:05.637000+00:00,0.23453,1.1695729185628676,-0.9350429185628676,0.9350429185628676
2022-10-18 06:42:07.555000+00:00,10.42353,1.1695898222315975,9.253940177768403,9.253940177768403
2022-10-18 06:42:09.502000+00:00,0.18241,1.1696069814823884,-0.9871969814823884,0.9871969814823884
2022-10-18 06:42:11.419000+00:00,19.77865,1.1696238763379436,18.609026123662055,18.609026123662055
2022-10-18 06:42:13.279000+00:00,3.23129,1.1696402688425516,2.0616497311574484,2.0616497311574484
2022-10-18 06:42:15.187000+00:00,0.57329,1.169657084379536,-0.596367084379536,0.596367084379536
2022-10-18 06:42:16.939000+00:00,2.50165,1.1696725250612956,1.3319774749387046,1.3319774749387046
2022-10-18 06:42:18.863000+00:00,0.33876,1.1696894816090724,-0.8309294816090724,0.8309294816090724
2022-10-18 06:42:20.698000+00:00,0.72965,1.1697056537843171,-0.4400556537843171,0.4400556537843171
2022-10-18 06:42:22.616000+00:00,1.12053,1.169722557453047,-0.04919255745304696,0.04919255745304696
2022-10-18 06:42:24.486000+00:00,6.30624,1.1697390380894,5.1365009619106,5.1365009619106
2022-10-18 06:42:26.338000+00:00,1.329,1.1697553600886113,0.1592446399113887,0.1592446399113887
2022-10-18 06:42:28.223000+00:00,3.544,1.169771972922582,2.374228027077418,2.374228027077418
2022-10-18 06:42:30.113000+00:00,0.26059,1.1697886298224252,-0.9091986298224252,0.9091986298224252
2022-10-18 06:42:32.051000+00:00,0.13029,1.1698057097546455,-1.0395157097546455,1.0395157097546455
2022-10-18 06:42:33.972000+00:00,0.18241,1.169822639862899,-0.9874126398628991,0.9874126398628991
2022-10-18 06:42:35.850000+00:00,0.0,1.169839191004648,-1.169839191004648,1.169839191004648
2022-10-18 06:42:37.651000+00:00,0.0,1.169855063531959,-1.169855063531959,1.169855063531959
2022-10-18 06:42:39.518000+00:00,0.0,1.169871517728788,-1.169871517728788,1.169871517728788
2022-10-18 06:42:41.393000+00:00,0.0,1.1698880424310136,-1.1698880424310136,1.1698880424310136
2022-10-18 06:42:43.330000+00:00,0.0,1.1699051135500593,-1.1699051135500593,1.1699051135500593
2022-10-18 06:42:49.206000+00:00,0.0,1.1699568997635403,-1.1699568997635403,1.1699568997635403
2022-10-18 06:42:51.085000+00:00,0.0,1.169973459718464,-1.169973459718464,1.169973459718464
2022-10-18 06:42:53.066000+00:00,0.75571,1.1699909186171884,-0.4142809186171884,0.4142809186171884
2022-10-18 06:42:54.992000+00:00,1.51141,1.1700078927913145,0.34140210720868547,0.34140210720868547
2022-10-18 06:42:56.930000+00:00,0.59935,1.1700249727235348,-0.5706749727235347,0.5706749727235347
2022-10-18 06:42:58.851000+00:00,2.24106,1.170041902831788,1.071018097168212,1.071018097168212
2022-10-18 06:43:00.787000+00:00,0.39088,1.1700589651376592,-0.7791789651376592,0.7791789651376592
2022-10-18 06:43:02.695000+00:00,1.27688,1.1700757806746438,0.10680421932535622,0.10680421932535622
2022-10-18 06:43:04.602000+00:00,5.42024,1.170092587398454,4.250147412601546,4.250147412601546
2022-10-18 06:43:06.571000+00:00,0.26059,1.1701099405390845,-0.9095199405390845,0.9095199405390845
2022-10-18 06:43:08.498000+00:00,2.05865,1.170126923526385,0.8885230764736152,0.8885230764736152
2022-10-18 06:43:10.415000+00:00,0.18241,1.1701438183819404,-0.9877338183819404,0.9877338183819404
2022-10-18 06:43:12.384000+00:00,0.23453,1.1701611715225706,-0.9356311715225706,0.9356311715225706
2022-10-18 06:43:14.273000+00:00,3.04888,1.1701778196092394,1.8787021803907606,1.8787021803907606
2022-10-18 06:43:16.274000+00:00,2.60588,1.1701954547714544,1.4356845452285456,1.4356845452285456
2022-10-18 06:43:18.157000+00:00,2.18894,1.170212049979076,1.018727950020924,1.018727950020924
2022-10-18 06:43:20.039000+00:00,0.18241,1.170228636373523,-0.9878186363735231,0.9878186363735231
2022-10-18 06:43:21.892000+00:00,0.15635,1.1702449671859092,-1.0138949671859092,1.0138949671859092
2022-10-18 06:43:23.789000+00:00,0.26059,1.170261685777974,-0.909671685777974,0.909671685777974
2022-10-18 06:43:25.716000+00:00,0.0,1.1702786687652744,-1.1702786687652744,1.1702786687652744
2022-10-18 06:43:27.570000+00:00,0.0,1.170295008390835,-1.170295008390835,1.170295008390835
2022-10-18 06:43:29.493000+00:00,0.0,1.1703119561254374,-1.1703119561254374,1.1703119561254374
2022-10-18 06:43:31.357000+00:00,0.0,1.1703283838827434,-1.1703283838827434,1.1703283838827434
2022-10-18 06:43:33.259000+00:00,0.0,1.1703451465406807,-1.1703451465406807,1.1703451465406807
2022-10-18 06:43:35.179000+00:00,0.0,1.1703620678357596,-1.1703620678357596,1.1703620678357596
2022-10-18 06:43:37.055000+00:00,0.0,1.1703786013511597,-1.1703786013511597,1.1703786013511597
2022-10-18 06:43:38.977000+00:00,0.0,1.1703955402725876,-1.1703955402725876,1.1703955402725876
2022-10-18 06:43:40.857000+00:00,0.0,1.1704121090406856,-1.1704121090406856,1.1704121090406856
2022-10-18 06:43:42.743000+00:00,0.0,1.170428730687831,-1.170428730687831,1.170428730687831
2022-10-18 06:43:44.629000+00:00,0.0,1.1704453523349758,-1.1704453523349758,1.1704453523349758
2022-10-18 06:43:46.557000+00:00,0.0,1.170462344135451,-1.170462344135451,1.170462344135451
2022-10-18 06:43:48.370000+00:00,0.0,1.1704783224208564,-1.1704783224208564,1.1704783224208564
2022-10-18 06:43:53.743000+00:00,0.0,1.1705256756075535,-1.1705256756075535,1.1705256756075535
2022-10-18 06:43:55.600000+00:00,0.0,1.1705420416726375,-1.1705420416726375,1.1705420416726375
2022-10-18 06:43:57.472000+00:00,0.0,1.1705585399353395,-1.1705585399353395,1.1705585399353395
2022-10-18 06:43:59.347000+00:00,0.0,1.170575064637565,-1.170575064637565,1.170575064637565
2022-10-18 06:44:01.254000+00:00,0.0,1.170591871361375,-1.170591871361375,1.170591871361375
2022-10-18 06:44:03.169000+00:00,0.0,1.1706087485905814,-1.1706087485905814,1.1706087485905814
2022-10-18 06:44:05.018000+00:00,0.0,1.1706250441502692,-1.1706250441502692,1.1706250441502692
2022-10-18 06:44:06.893000+00:00,0.0,1.1706415688524947,-1.1706415688524947,1.1706415688524947
2022-10-18 06:44:08.722000+00:00,0.0,1.1706576881486923,-1.1706576881486923,1.1706576881486923
2022-10-18 06:44:10.597000+00:00,0.0,1.1706742128509178,-1.1706742128509178,1.1706742128509178
2022-10-18 06:44:12.519000+00:00,0.0,1.1706911517723455,-1.1706911517723455,1.1706911517723455
2022-10-18 06:44:14.440000+00:00,0.0,1.170708081880599,-1.170708081880599,1.170708081880599
2022-10-18 06:44:16.346000+00:00,0.0,1.1707248797912349,-1.1707248797912349,1.1707248797912349
2022-10-18 06:44:18.205000+00:00,0.0,1.1707412634826677,-1.1707412634826677,1.1707412634826677
2022-10-18 06:44:20.080000+00:00,0.0,1.1707577881848934,-1.1707577881848934,1.1707577881848934
2022-10-18 06:44:22.002000+00:00,0.0,1.1707747271063211,-1.1707747271063211,1.1707747271063211
2022-10-18 06:44:23.878000+00:00,0.0,1.170791260621721,-1.170791260621721,1.170791260621721
2022-10-18 06:44:25.707000+00:00,0.0,1.1708073799179188,-1.1708073799179188,1.1708073799179188
2022-10-18 06:44:27.596000+00:00,0.0,1.1708240280045876,-1.1708240280045876,1.1708240280045876
2022-10-18 06:44:29.519000+00:00,0.0,1.17084097573919,-1.17084097573919,1.17084097573919
2022-10-18 06:44:31.331000+00:00,0.0,1.1708569452114206,-1.1708569452114206,1.1708569452114206
2022-10-18 06:44:33.269000+00:00,0.0,1.170874025143641,-1.170874025143641,1.170874025143641
2022-10-18 06:44:35.089000+00:00,0.0,1.1708900651212677,-1.1708900651212677,1.1708900651212677
2022-10-18 06:44:36.967000+00:00,0.0,1.1709066162630166,-1.1709066162630166,1.1709066162630166
2022-10-18 06:44:38.846000+00:00,0.0,1.1709231762179404,-1.1709231762179404,1.1709231762179404
2022-10-18 06:44:40.773000+00:00,0.0,1.1709401592052409,-1.1709401592052409,1.1709401592052409
2022-10-18 06:44:42.689000+00:00,0.0,1.1709570452476217,-1.1709570452476217,1.1709570452476217
2022-10-18 06:44:44.596000+00:00,0.0,1.1709738519714317,-1.1709738519714317,1.1709738519714317
2022-10-18 06:44:46.395000+00:00,0.0,1.1709897068723936,-1.1709897068723936,1.1709897068723936
2022-10-18 06:44:48.268000+00:00,0.0,1.17100621394827,-1.17100621394827,1.17100621394827
2022-10-18 06:44:50.147000+00:00,0.0,1.1710227739031935,-1.1710227739031935,1.1710227739031935
2022-10-18 06:44:52.004000+00:00,0.0,1.1710391399682778,-1.1710391399682778,1.1710391399682778
2022-10-18 06:44:58.346000+00:00,0.0,1.1710950331210852,-1.1710950331210852,1.1710950331210852
2022-10-18 06:45:00.205000+00:00,0.0,1.171111416812518,-1.171111416812518,1.171111416812518
2022-10-18 06:45:02.065000+00:00,0.0,1.171127809317126,-1.171127809317126,1.171127809317126
2022-10-18 06:45:03.986000+00:00,0.0,1.171144739425379,-1.171144739425379,1.171144739425379
2022-10-18 06:45:05.912000+00:00,0.0,1.1711617135995052,-1.1711617135995052,1.1711617135995052
2022-10-18 06:45:07.783000+00:00,0.0,1.1711782030490328,-1.1711782030490328,1.1711782030490328
2022-10-18 06:45:09.697000+00:00,0.0,1.1711950714650645,-1.1711950714650645,1.1711950714650645
2022-10-18 06:45:11.581000+00:00,0.0,1.1712116754858606,-1.1712116754858606,1.1712116754858606
2022-10-18 06:45:13.502000+00:00,0.0,1.1712286055941141,-1.1712286055941141,1.1712286055941141
2022-10-18 06:45:15.377000+00:00,0.0,1.1712451302963394,-1.1712451302963394,1.1712451302963394
2022-10-18 06:45:17.316000+00:00,0.0,1.171262219041734,-1.171262219041734,1.171262219041734
2022-10-18 06:45:19.190000+00:00,0.0,1.1712787349307852,-1.1712787349307852,1.1712787349307852
2022-10-18 06:45:21.070000+00:00,0.0,1.1712953036988831,-1.1712953036988831,1.1712953036988831
2022-10-18 06:45:22.955000+00:00,0.0,1.1713119165328538,-1.1713119165328538,1.1713119165328538
2022-10-18 06:45:24.799000+00:00,0.0,1.1713281680266692,-1.1713281680266692,1.1713281680266692
2022-10-18 06:45:26.737000+00:00,0.0,1.1713452479588895,-1.1713452479588895,1.1713452479588895
2022-10-18 06:45:28.652000+00:00,0.0,1.1713621251880957,-1.1713621251880957,1.1713621251880957
2022-10-18 06:45:30.502000+00:00,0.0,1.1713784295609582,-1.1713784295609582,1.1713784295609582
2022-10-18 06:45:32.362000+00:00,0.0,1.1713948220655659,-1.1713948220655659,1.1713948220655659
2022-10-18 06:45:34.284000+00:00,0.0,1.1714117609869938,-1.1714117609869938,1.1714117609869938
2022-10-18 06:45:36.205000+00:00,0.0,1.171428691095247,-1.171428691095247,1.171428691095247
2022-10-18 06:45:38.081000+00:00,0.0,1.1714452246106473,-1.1714452246106473,1.1714452246106473
2022-10-18 06:45:39.986000+00:00,0.0,1.1714620137081082,-1.1714620137081082,1.1714620137081082
2022-10-18 06:45:41.862000+00:00,0.0,1.1714785472235083,-1.1714785472235083,1.1714785472235083
2022-10-18 06:45:43.736000+00:00,0.0,1.1714950631125591,-1.1714950631125591,1.1714950631125591
2022-10-18 06:45:45.628000+00:00,0.0,1.1715117376387514,-1.1715117376387514,1.1715117376387514
2022-10-18 06:45:47.521000+00:00,0.0,1.1715284209781183,-1.1715284209781183,1.1715284209781183
2022-10-18 06:45:49.361000+00:00,0.0,1.1715446372192355,-1.1715446372192355,1.1715446372192355
2022-10-18 06:45:51.205000+00:00,0.0,1.1715608887130509,-1.1715608887130509,1.1715608887130509
2022-10-18 06:45:53.081000+00:00,0.0,1.171577422228451,-1.171577422228451,1.171577422228451
2022-10-18 06:45:54.940000+00:00,0.0,1.1715938059198838,-1.1715938059198838,1.1715938059198838
2022-10-18 06:45:56.830000+00:00,0.0,1.1716104628197272,-1.1716104628197272,1.1716104628197272
2022-10-18 06:46:02.847000+00:00,0.0,1.1716634916908157,-1.1716634916908157,1.1716634916908157
2022-10-18 06:46:04.785000+00:00,0.0,1.1716805716230358,-1.1716805716230358,1.1716805716230358
2022-10-18 06:46:06.667000+00:00,0.0,1.1716971580174829,-1.1716971580174829,1.1716971580174829
2022-10-18 06:46:08.533000+00:00,0.0,1.1717136034011377,-1.1717136034011377,1.1717136034011377
2022-10-18 06:46:10.455000+00:00,0.0,1.1717305423225657,-1.1717305423225657,1.1717305423225657
2022-10-18 06:46:12.296000+00:00,0.0,1.1717467673768573,-1.1717467673768573,1.1717467673768573
2022-10-18 06:46:14.128000+00:00,0.0,1.1717629131125784,-1.1717629131125784,1.1717629131125784
2022-10-18 06:46:16.053000+00:00,0.0,1.1717798784735298,-1.1717798784735298,1.1717798784735298
2022-10-18 06:46:17.909000+00:00,0.0,1.1717962357254395,-1.1717962357254395,1.1717962357254395
2022-10-18 06:46:19.774000+00:00,0.0,1.17181267229592,-1.17181267229592,1.17181267229592
2022-10-18 06:46:21.627000+00:00,0.0,1.1718290031083058,-1.1718290031083058,1.1718290031083058
2022-10-18 06:46:23.519000+00:00,0.0,1.171845677634498,-1.171845677634498,1.171845677634498
2022-10-18 06:46:25.456000+00:00,0.0,1.171862748753544,-1.171862748753544,1.171862748753544
2022-10-18 06:46:27.330000+00:00,0.0,1.1718792646425946,-1.1718792646425946,1.1718792646425946
2022-10-18 06:46:29.205000+00:00,0.0,1.1718957893448203,-1.1718957893448203,1.1718957893448203
2022-10-18 06:46:30.998000+00:00,0.0,1.171911591366735,-1.171911591366735,1.171911591366735
2022-10-18 06:46:32.861000+00:00,0.0,1.1719280103108662,-1.1719280103108662,1.1719280103108662
2022-10-18 06:46:34.846000+00:00,0.0,1.1719455044622888,-1.1719455044622888,1.1719455044622888
2022-10-18 06:46:36.760000+00:00,0.0,1.1719623728783208,-1.1719623728783208,1.1719623728783208
2022-10-18 06:46:38.580000+00:00,0.0,1.1719784128559474,-1.1719784128559474,1.1719784128559474
2022-10-18 06:46:40.470000+00:00,0.0,1.1719950697557908,-1.1719950697557908,1.1719950697557908
2022-10-18 06:46:42.331000+00:00,0.0,1.172011471073573,-1.172011471073573,1.172011471073573
2022-10-18 06:46:44.268000+00:00,0.0,1.1720285421926186,-1.1720285421926186,1.1720285421926186
2022-10-18 06:46:46.145000+00:00,0.0,1.1720450845211934,-1.1720450845211934,1.1720450845211934
2022-10-18 06:46:48.065000+00:00,0.0,1.172062005816272,-1.172062005816272,1.172062005816272
2022-10-18 06:46:49.930000+00:00,0.0,1.1720784423867525,-1.1720784423867525,1.1720784423867525
2022-10-18 06:46:51.768000+00:00,0.0,1.1720946410015205,-1.1720946410015205,1.1720946410015205
2022-10-18 06:46:53.635000+00:00,0.0,1.17211109519835,-1.17211109519835,1.17211109519835
2022-10-18 06:46:55.550000+00:00,0.0,1.1721279724275562,-1.1721279724275562,1.1721279724275562
2022-10-18 06:46:57.424000+00:00,0.0,1.172144488316607,-1.172144488316607,1.172144488316607
2022-10-18 06:46:59.265000+00:00,0.0,1.1721607133708989,-1.1721607133708989,1.1721607133708989
2022-10-18 06:47:01.117000+00:00,0.0,1.1721770353701104,-1.1721770353701104,1.1721770353701104
2022-10-18 06:47:07.345000+00:00,0.0,1.1722319238210224,-1.1722319238210224,1.1722319238210224
2022-10-18 06:47:09.198000+00:00,0.0,1.1722482546334085,-1.1722482546334085,1.1722482546334085
2022-10-18 06:47:11.126000+00:00,0.0,1.1722652464338834,-1.1722652464338834,1.1722652464338834
2022-10-18 06:47:13.053000+00:00,0.0,1.1722822294211839,-1.1722822294211839,1.1722822294211839
2022-10-18 06:47:14.848000+00:00,0.0,1.172298049069448,-1.172298049069448,1.172298049069448
2022-10-18 06:47:16.745000+00:00,0.0,1.1723147676615129,-1.1723147676615129,1.1723147676615129
2022-10-18 06:47:18.596000+00:00,0.0,1.1723310808475498,-1.1723310808475498,1.1723310808475498
2022-10-18 06:47:20.503000+00:00,0.0,1.1723478875713598,-1.1723478875713598,1.1723478875713598
2022-10-18 06:47:22.355000+00:00,0.0,1.1723642095705715,-1.1723642095705715,1.1723642095705715
2022-10-18 06:47:24.222000+00:00,0.0,1.1723806637674008,-1.1723806637674008,1.1723806637674008
2022-10-18 06:47:26.100000+00:00,0.0,1.1723972149091497,-1.1723972149091497,1.1723972149091497
2022-10-18 06:47:27.885000+00:00,0.0,1.1724129464256685,-1.1724129464256685,1.1724129464256685
2022-10-18 06:47:29.783000+00:00,0.0,1.172429673830908,-1.172429673830908,1.172429673830908
2022-10-18 06:47:31.630000+00:00,0.0,1.1724459517642467,-1.1724459517642467,1.1724459517642467
2022-10-18 06:47:33.456000+00:00,0.0,1.1724620446209206,-1.1724620446209206,1.1724620446209206
2022-10-18 06:47:35.377000+00:00,0.0,1.1724789747291742,-1.1724789747291742,1.1724789747291742
2022-10-18 06:47:37.300000+00:00,0.0,1.1724959224637765,-1.1724959224637765,1.1724959224637765
2022-10-18 06:47:39.206000+00:00,0.0,1.1725127203744121,-1.1725127203744121,1.1725127203744121
2022-10-18 06:47:41.131000+00:00,0.0,1.1725296857353635,-1.1725296857353635,1.1725296857353635
2022-10-18 06:47:43.033000+00:00,0.0,1.1725464483933012,-1.1725464483933012,1.1725464483933012
2022-10-18 06:47:44.908000+00:00,0.0,1.1725629730955265,-1.1725629730955265,1.1725629730955265
2022-10-18 06:47:46.845000+00:00,0.0,1.1725800442145724,-1.1725800442145724,1.1725800442145724
2022-10-18 06:47:48.720000+00:00,0.0,1.1725965689167976,-1.1725965689167976,1.1725965689167976
2022-10-18 06:47:50.612000+00:00,0.0,1.1726132434429901,-1.1726132434429901,1.1726132434429901
2022-10-18 06:47:52.423000+00:00,0.0,1.1726292041020463,-1.1726292041020463,1.1726292041020463
2022-10-18 06:47:54.284000+00:00,0.0,1.1726456054198282,-1.1726456054198282,1.1726456054198282
2022-10-18 06:47:56.228000+00:00,0.0,1.1726627382310957,-1.1726627382310957,1.1726627382310957
2022-10-18 06:47:58.127000+00:00,0.0,1.1726794744495097,-1.1726794744495097,1.1726794744495097
2022-10-18 06:47:59.988000+00:00,0.0,1.1726958757672918,-1.1726958757672918,1.1726958757672918
2022-10-18 06:48:01.862000+00:00,0.0,1.172712391656343,-1.172712391656343,1.172712391656343
2022-10-18 06:48:03.706000+00:00,0.0,1.1727286431501582,-1.1727286431501582,1.1727286431501582
2022-10-18 06:48:05.613000+00:00,0.0,1.1727454498739682,-1.1727454498739682,1.1727454498739682
2022-10-18 06:48:11.785000+00:00,0.0,1.1727998447871073,-1.1727998447871073,1.1727998447871073
2022-10-18 06:48:13.675000+00:00,0.0,1.1728165016869505,-1.1728165016869505,1.1728165016869505
2022-10-18 06:48:15.503000+00:00,0.0,1.1728326121699735,-1.1728326121699735,1.1728326121699735
2022-10-18 06:48:17.425000+00:00,0.0,1.1728495510914014,-1.1728495510914014,1.1728495510914014
2022-10-18 06:48:19.300000+00:00,0.0,1.172866075793627,-1.172866075793627,1.172866075793627
2022-10-18 06:48:21.154000+00:00,0.0,1.1728824154191875,-1.1728824154191875,1.1728824154191875
2022-10-18 06:48:23.041000+00:00,0.0,1.172899045879507,-1.172899045879507,1.172899045879507
2022-10-18 06:48:24.908000+00:00,0.0,1.1729155000763365,-1.1729155000763365,1.1729155000763365
2022-10-18 06:48:26.799000+00:00,0.0,1.172932165789354,-1.172932165789354,1.172932165789354
2022-10-18 06:48:28.642000+00:00,0.0,1.172948408469995,-1.172948408469995,1.172948408469995
2022-10-18 06:48:30.509000+00:00,0.0,1.1729648626668243,-1.1729648626668243,1.1729648626668243
2022-10-18 06:48:32.361000+00:00,0.0,1.1729811846660358,-1.1729811846660358,1.1729811846660358
2022-10-18 06:48:34.206000+00:00,0.0,1.1729974449730256,-1.1729974449730256,1.1729974449730256
2022-10-18 06:48:36.071000+00:00,0.0,1.1730138815435058,-1.1730138815435058,1.1730138815435058
2022-10-18 06:48:37.940000+00:00,0.0,1.1730303533666842,-1.1730303533666842,1.1730303533666842
2022-10-18 06:48:39.814000+00:00,0.0,1.1730468692557352,-1.1730468692557352,1.1730468692557352
2022-10-18 06:48:41.691000+00:00,0.0,1.1730634115843097,-1.1730634115843097,1.1730634115843097
2022-10-18 06:48:43.628000+00:00,0.0,1.1730804827033554,-1.1730804827033554,1.1730804827033554
2022-10-18 06:48:45.487000+00:00,0.0,1.1730968663947885,-1.1730968663947885,1.1730968663947885
2022-10-18 06:48:47.362000+00:00,0.0,1.1731133910970142,-1.1731133910970142,1.1731133910970142
2022-10-18 06:48:49.256000+00:00,0.0,1.1731300832495555,-1.1731300832495555,1.1731300832495555
2022-10-18 06:48:51.136000+00:00,0.0,1.1731466520176534,-1.1731466520176534,1.1731466520176534
2022-10-18 06:48:52.941000+00:00,0.0,1.1731625597976625,-1.1731625597976625,1.1731625597976625
2022-10-18 06:48:54.799000+00:00,0.0,1.1731789346759212,-1.1731789346759212,1.1731789346759212
2022-10-18 06:48:56.655000+00:00,0.0,1.1731952919278306,-1.1731952919278306,1.1731952919278306
2022-10-18 06:48:58.522000+00:00,0.0,1.17321174612466,-1.17321174612466,1.17321174612466
2022-10-18 06:49:00.382000+00:00,0.0,1.1732281386292676,-1.1732281386292676,1.1732281386292676
2022-10-18 06:49:02.335000+00:00,0.0,1.1732453507591059,-1.1732453507591059,1.1732453507591059
2022-10-18 06:49:04.214000+00:00,0.0,1.1732619107140292,-1.1732619107140292,1.1732619107140292
2022-10-18 06:49:06.081000+00:00,0.0,1.1732783649108587,-1.1732783649108587,1.1732783649108587
2022-10-18 06:49:07.987000+00:00,0.0,1.1732951628214943,-1.1732951628214943,1.1732951628214943
2022-10-18 06:49:09.762000+00:00,0.0,1.1733108062062676,-1.1733108062062676,1.1733108062062676
2022-10-18 06:49:11.584000+00:00,0.0,1.1733268638102436,-1.1733268638102436,1.1733268638102436
2022-10-18 06:49:16.944000+00:00,0.0,1.173374102425672,-1.173374102425672,1.173374102425672
2022-10-18 06:49:18.819000+00:00,0.0,1.1733906271278975,-1.1733906271278975,1.1733906271278975
2022-10-18 06:49:20.745000+00:00,0.0,1.1734076013020236,-1.1734076013020236,1.1734076013020236
2022-10-18 06:49:22.616000+00:00,0.0,1.173424090751551,-1.173424090751551,1.173424090751551
2022-10-18 06:49:24.538000+00:00,0.0,1.1734410296729787,-1.1734410296729787,1.1734410296729787
2022-10-18 06:49:26.413000+00:00,0.0,1.1734575543752044,-1.1734575543752044,1.1734575543752044
2022-10-18 06:49:28.242000+00:00,0.0,1.1734736736714018,-1.1734736736714018,1.1734736736714018
2022-10-18 06:49:30.115000+00:00,0.0,1.1734901807472782,-1.1734901807472782,1.1734901807472782
2022-10-18 06:49:31.993000+00:00,0.0,1.1735067318890273,-1.1735067318890273,1.1735067318890273
2022-10-18 06:49:33.919000+00:00,0.0,1.1735237060631531,-1.1735237060631531,1.1735237060631531
2022-10-18 06:49:35.746000+00:00,0.0,1.1735398077330017,-1.1735398077330017,1.1735398077330017
2022-10-18 06:49:37.616000+00:00,0.0,1.1735562883693547,-1.1735562883693547,1.1735562883693547
2022-10-18 06:49:39.537000+00:00,0.0,1.173573218477608,-1.173573218477608,1.173573218477608
2022-10-18 06:49:41.412000+00:00,0.0,1.1735897431798334,-1.1735897431798334,1.1735897431798334
2022-10-18 06:49:43.287000+00:00,0.0,1.173606267882059,-1.173606267882059,1.173606267882059
2022-10-18 06:49:45.152000+00:00,0.0,1.1736227044525391,-1.1736227044525391,1.1736227044525391
2022-10-18 06:49:47.022000+00:00,0.0,1.1736391850888919,-1.1736391850888919,1.1736391850888919
2022-10-18 06:49:48.960000+00:00,0.0,1.1736562650211124,-1.1736562650211124,1.1736562650211124
2022-10-18 06:49:50.838000+00:00,0.0,1.1736728161628613,-1.1736728161628613,1.1736728161628613
2022-10-18 06:49:52.679000+00:00,0.0,1.1736890412171532,-1.1736890412171532,1.1736890412171532
2022-10-18 06:49:54.526000+00:00,0.0,1.1737053191504918,-1.1737053191504918,1.1737053191504918
2022-10-18 06:49:56.361000+00:00,0.0,1.1737214913257366,-1.1737214913257366,1.1737214913257366
2022-10-18 06:49:58.236000+00:00,0.0,1.1737380160279622,-1.1737380160279622,1.1737380160279622
2022-10-18 06:50:00.118000+00:00,0.0,1.1737546024224093,-1.1737546024224093,1.1737546024224093
2022-10-18 06:50:01.995000+00:00,0.0,1.1737711447509838,-1.1737711447509838,1.1737711447509838
2022-10-18 06:50:03.925000+00:00,0.0,1.173788154177808,-1.173788154177808,1.173788154177808
2022-10-18 06:50:05.767000+00:00,0.0,1.1738043880452742,-1.1738043880452742,1.1738043880452742
2022-10-18 06:50:07.565000+00:00,0.0,1.1738202341330615,-1.1738202341330615,1.1738202341330615
2022-10-18 06:50:09.502000+00:00,0.0,1.1738373052521074,-1.1738373052521074,1.1738373052521074
2022-10-18 06:50:11.378000+00:00,0.0,1.1738538387675073,-1.1738538387675073,1.1738538387675073
2022-10-18 06:50:13.253000+00:00,0.0,1.1738703634697325,-1.1738703634697325,1.1738703634697325
2022-10-18 06:50:15.096000+00:00,0.0,1.1738866061503734,-1.1738866061503734,1.1738866061503734
2022-10-18 06:50:21.393000+00:00,0.0,1.1739421027103274,-1.1739421027103274,1.1739421027103274
2022-10-18 06:50:23.268000+00:00,0.0,1.1739586274125529,-1.1739586274125529,1.1739586274125529
2022-10-18 06:50:25.085000+00:00,0.0,1.1739746409506564,-1.1739746409506564,1.1739746409506564
2022-10-18 06:50:26.942000+00:00,0.0,1.1739910070157404,-1.1739910070157404,1.1739910070157404
2022-10-18 06:50:28.871000+00:00,0.26059,1.1740080076293897,-0.9134180076293897,0.9134180076293897
2022-10-18 06:50:30.839000+00:00,0.70359,1.1740253519568458,-0.4704353519568457,0.4704353519568457
2022-10-18 06:50:32.784000+00:00,0.62541,1.1740424935812874,-0.5486324935812874,0.5486324935812874
2022-10-18 06:50:34.736000+00:00,0.10424,1.174059696897951,-1.0698196968979512,1.0698196968979512
2022-10-18 06:50:36.706000+00:00,0.443,1.174077058851756,-0.7310770588517559,0.7310770588517559
2022-10-18 06:50:38.643000+00:00,7.14012,1.1740941299708016,5.966025870029198,5.966025870029198
2022-10-18 06:50:40.612000+00:00,6.07171,1.174111483111432,4.897598516888568,4.897598516888568
2022-10-18 06:50:42.510000+00:00,0.33876,1.1741282105166717,-0.8353682105166718,0.8353682105166718
2022-10-18 06:50:44.438000+00:00,0.05212,1.1741452023171466,-1.1220252023171466,1.1220252023171466
2022-10-18 06:50:46.396000+00:00,0.20847,1.1741624585128574,-0.9656924585128575,0.9656924585128575
2022-10-18 06:50:48.316000+00:00,1.12053,1.174179379807936,-0.05364937980793605,0.05364937980793605
2022-10-18 06:50:50.275000+00:00,1.38112,1.1741966448168213,0.20692335518317861,0.20692335518317861
2022-10-18 06:50:52.220000+00:00,1.27688,1.1742137864412632,0.10266621355873684,0.10266621355873684
2022-10-18 06:50:54.112000+00:00,0.70359,1.1742304609674554,-0.4706404609674554,0.4706404609674554
2022-10-18 06:50:56.011000+00:00,0.13029,1.1742471971858692,-1.0439571971858692,1.0439571971858692
2022-10-18 06:50:57.909000+00:00,0.15635,1.1742639245911088,-1.0179139245911089,1.0179139245911089
2022-10-18 06:50:59.831000+00:00,0.23453,1.1742808635125368,-0.9397508635125368,0.9397508635125368
2022-10-18 06:51:01.769000+00:00,0.0,1.174297943444757,-1.174297943444757,1.174297943444757
2022-10-18 06:51:03.643000+00:00,0.0,1.1743144593338077,-1.1743144593338077,1.1743144593338077
2022-10-18 06:51:05.487000+00:00,0.0,1.1743307108276233,-1.1743307108276233,1.1743307108276233
2022-10-18 06:51:07.368000+00:00,0.0,1.174347288408896,-1.174347288408896,1.174347288408896
2022-10-18 06:51:09.268000+00:00,0.0,1.1743640334404843,-1.1743640334404843,1.1743640334404843
2022-10-18 06:51:11.132000+00:00,0.0,1.17438046119779,-1.17438046119779,1.17438046119779
2022-10-18 06:51:13.002000+00:00,0.0,1.174396941834143,-1.174396941834143,1.174396941834143
2022-10-18 06:51:14.863000+00:00,0.0,1.174413343151925,-1.174413343151925,1.174413343151925
2022-10-18 06:51:16.769000+00:00,0.0,1.1744301410625608,-1.1744301410625608,1.1744301410625608
2022-10-18 06:51:18.711000+00:00,0.33876,1.174447256247479,-0.8356872562474791,0.8356872562474791
2022-10-18 06:51:20.549000+00:00,7.58312,1.1744634548622472,6.408656545137752,6.408656545137752
2022-10-18 06:51:26.166000+00:00,0.05212,1.1745129584635274,-1.1223929584635275,1.1223929584635275
2022-10-18 06:51:28.112000+00:00,1.45929,1.174530108901144,0.284759891098856,0.284759891098856
2022-10-18 06:51:30.092000+00:00,3.25735,1.1745475589866938,2.0828024410133064,2.0828024410133064
2022-10-18 06:51:32.081000+00:00,1.40718,1.1745650883908147,0.23261491160918535,0.23261491160918535
2022-10-18 06:51:34.034000+00:00,0.15635,1.1745823005206528,-1.0182323005206528,1.0182323005206528
2022-10-18 06:51:35.917000+00:00,0.31271,1.1745988957282743,-0.8618888957282742,0.8618888957282742
2022-10-18 06:51:37.725000+00:00,4.29971,1.174614829947807,3.125095170052193,3.125095170052193
2022-10-18 06:51:39.722000+00:00,0.93812,1.1746324298573239,-0.2365124298573239,0.2365124298573239
2022-10-18 06:51:41.628000+00:00,3.04888,1.1746492277679594,1.8742307722320406,1.8742307722320406
2022-10-18 06:51:43.488000+00:00,3.46582,1.1746656202725672,2.2911543797274327,2.2911543797274327
2022-10-18 06:51:45.465000+00:00,5.23782,1.1746830439185936,4.063136956081406,4.063136956081406
2022-10-18 06:51:47.382000+00:00,0.52118,1.174699938774149,-0.653519938774149,0.653519938774149
2022-10-18 06:51:49.330000+00:00,3.70035,1.1747171068381146,2.525632893161885,2.525632893161885
2022-10-18 06:51:51.222000+00:00,0.26059,1.1747337813643068,-0.9141437813643069,0.9141437813643069
2022-10-18 06:51:53.080000+00:00,0.0,1.1747501562425655,-1.1747501562425655,1.1747501562425655
2022-10-18 06:51:54.973000+00:00,0.0,1.1747668395819322,-1.1747668395819322,1.1747668395819322
2022-10-18 06:51:56.830000+00:00,0.0,1.1747832056470164,-1.1747832056470164,1.1747832056470164
2022-10-18 06:51:58.666000+00:00,0.0,1.1747993866354354,-1.1747993866354354,1.1747993866354354
2022-10-18 06:52:00.517000+00:00,0.0,1.1748156998214725,-1.1748156998214725,1.1748156998214725
2022-10-18 06:52:02.361000+00:00,0.0,1.1748319513152878,-1.1748319513152878,1.1748319513152878
2022-10-18 06:52:04.221000+00:00,0.0,1.1748483438198956,-1.1748483438198956,1.1748483438198956
2022-10-18 06:52:06.130000+00:00,0.0,1.1748651681700548,-1.1748651681700548,1.1748651681700548
2022-10-18 06:52:08.033000+00:00,0.0,1.1748819396411667,-1.1748819396411667,1.1748819396411667
2022-10-18 06:52:09.910000+00:00,0.83388,1.1748984819697412,-0.34101848196974127,0.34101848196974127
2022-10-18 06:52:11.845000+00:00,9.90236,1.1749155354624379,8.727444464537562,8.727444464537562
2022-10-18 06:52:13.830000+00:00,0.39088,1.1749330296138605,-0.7840530296138605,0.7840530296138605
2022-10-18 06:52:15.788000+00:00,0.46906,1.174950285809571,-0.705890285809571,0.705890285809571
2022-10-18 06:52:17.691000+00:00,0.33876,1.1749670572806834,-0.8362070572806835,0.8362070572806835
2022-10-18 06:52:19.651000+00:00,2.13682,1.1749843311027428,0.9618356688972574,0.9618356688972574
2022-10-18 06:52:21.602000+00:00,5.4463,1.1750015256062318,4.2712984743937685,4.2712984743937685
2022-10-18 06:52:23.580000+00:00,0.26059,1.1750189580654329,-0.9144289580654329,0.9144289580654329
2022-10-18 06:52:25.446000+00:00,0.65147,1.1750354034490877,-0.5235654034490878,0.5235654034490878
2022-10-18 06:52:31.214000+00:00,1.17265,1.1750862378397207,-0.0024362378397206896,0.0024362378397206896
2022-10-18 06:52:33.072000+00:00,0.67753,1.1751026127179791,-0.49757261271797915,0.49757261271797915
2022-10-18 06:52:34.986000+00:00,1.772,1.1751194811340109,0.5968805188659891,0.5968805188659891
2022-10-18 06:52:36.865000+00:00,0.18241,1.1751360410889344,-0.9927260410889345,0.9927260410889345
2022-10-18 06:52:38.861000+00:00,0.15635,1.175153632185277,-1.018803632185277,1.018803632185277
2022-10-18 06:52:40.731000+00:00,0.23453,1.1751701128216296,-0.9406401128216296,0.9406401128216296
2022-10-18 06:52:42.611000+00:00,0.0,1.1751866815897278,-1.1751866815897278,1.1751866815897278
2022-10-18 06:52:44.487000+00:00,0.0,1.1752032151051277,-1.1752032151051277,1.1752032151051277
2022-10-18 06:52:46.352000+00:00,0.0,1.175219651675608,-1.175219651675608,1.175219651675608
2022-10-18 06:52:48.220000+00:00,0.0,1.1752361146856118,-1.1752361146856118,1.1752361146856118
2022-10-18 06:52:50.096000+00:00,0.0,1.175252648201012,-1.175252648201012,1.175252648201012
2022-10-18 06:52:52.017000+00:00,0.0,1.1752695783092653,-1.1752695783092653,1.1752695783092653
2022-10-18 06:52:53.876000+00:00,0.0,1.1752859620006983,-1.1752859620006983,1.1752859620006983
2022-10-18 06:52:55.772000+00:00,0.0,1.1753026717795887,-1.1753026717795887,1.1753026717795887
2022-10-18 06:52:57.648000+00:00,0.0,1.1753192052949888,-1.1753192052949888,1.1753192052949888
2022-10-18 06:52:59.590000+00:00,0.0,1.175336320479907,-1.175336320479907,1.175336320479907
2022-10-18 06:53:01.465000+00:00,0.0,1.1753528451821325,-1.1753528451821325,1.1753528451821325
2022-10-18 06:53:03.385000+00:00,0.0,1.1753697664772114,-1.1753697664772114,1.1753697664772114
2022-10-18 06:53:05.261000+00:00,0.0,1.1753862999926112,-1.1753862999926112,1.1753862999926112
2022-10-18 06:53:07.166000+00:00,0.0,1.1754030890900724,-1.1754030890900724,1.1754030890900724
2022-10-18 06:53:09.042000+00:00,0.0,1.1754196226054723,-1.1754196226054723,1.1754196226054723
2022-10-18 06:53:10.906000+00:00,0.0,1.1754360503627783,-1.1754360503627783,1.1754360503627783
2022-10-18 06:53:12.839000+00:00,0.0,1.175453086229126,-1.175453086229126,1.175453086229126
2022-10-18 06:53:14.761000+00:00,0.0,1.1754700251505537,-1.1754700251505537,1.1754700251505537
2022-10-18 06:53:16.685000+00:00,0.0,1.1754869816983307,-1.1754869816983307,1.1754869816983307
2022-10-18 06:53:18.558000+00:00,0.0,1.1755034887742073,-1.1755034887742073,1.1755034887742073
2022-10-18 06:53:20.402000+00:00,0.0,1.1755197402680224,-1.1755197402680224,1.1755197402680224
2022-10-18 06:53:22.278000+00:00,0.0,1.1755362737834225,-1.1755362737834225,1.1755362737834225
2022-10-18 06:53:24.090000+00:00,0.0,1.175552243255653,-1.175552243255653,1.175552243255653
2022-10-18 06:53:25.957000+00:00,0.0,1.1755686974524826,-1.1755686974524826,1.1755686974524826
2022-10-18 06:53:28.248000+00:00,0.0,1.1755888884353083,-1.1755888884353083,1.1755888884353083
2022-10-18 06:53:30.089000+00:00,0.0,1.1756051134896002,-1.1756051134896002,1.1756051134896002
2022-10-18 06:53:35.638000+00:00,0.0,1.175654017795013,-1.175654017795013,1.175654017795013
2022-10-18 06:53:37.528000+00:00,0.0,1.1756706746948562,-1.1756706746948562,1.1756706746948562
2022-10-18 06:53:39.402000+00:00,0.0,1.1756871905839072,-1.1756871905839072,1.1756871905839072
2022-10-18 06:53:41.277000+00:00,0.0,1.1757037152861325,-1.1757037152861325,1.1757037152861325
2022-10-18 06:53:43.199000+00:00,0.0,1.1757206542075607,-1.1757206542075607,1.1757206542075607
2022-10-18 06:53:45.121000+00:00,0.0,1.1757375931289884,-1.1757375931289884,1.1757375931289884
2022-10-18 06:53:46.949000+00:00,0.0,1.1757537036120116,-1.1757537036120116,1.1757537036120116
2022-10-18 06:53:48.787000+00:00,0.0,1.1757699022267798,-1.1757699022267798,1.1757699022267798
2022-10-18 06:53:50.654000+00:00,0.0,1.175786356423609,-1.175786356423609,1.175786356423609
2022-10-18 06:53:52.512000+00:00,0.0,1.1758027313018675,-1.1758027313018675,1.1758027313018675
2022-10-18 06:53:54.418000+00:00,0.0,1.1758195292125033,-1.1758195292125033,1.1758195292125033
2022-10-18 06:53:56.251000+00:00,0.0,1.1758356837613988,-1.1758356837613988,1.1758356837613988
2022-10-18 06:53:58.140000+00:00,0.0,1.1758523318480676,-1.1758523318480676,1.1758523318480676
2022-10-18 06:54:00.017000+00:00,0.0,1.175868874176642,-1.175868874176642,1.175868874176642
2022-10-18 06:54:01.914000+00:00,0.0,1.175885592768707,-1.175885592768707,1.175885592768707
2022-10-18 06:54:03.768000+00:00,0.0,1.1759019323942674,-1.1759019323942674,1.1759019323942674
2022-10-18 06:54:05.671000+00:00,0.0,1.1759187038653796,-1.1759187038653796,1.1759187038653796
2022-10-18 06:54:07.470000+00:00,0.0,1.1759345587663415,-1.1759345587663415,1.1759345587663415
2022-10-18 06:54:09.330000+00:00,0.0,1.1759509512709492,-1.1759509512709492,1.1759509512709492
2022-10-18 06:54:11.189000+00:00,0.0,1.1759673349623823,-1.1759673349623823,1.1759673349623823
2022-10-18 06:54:13.006000+00:00,0.0,1.1759833485004856,-1.1759833485004856,1.1759833485004856
2022-10-18 06:54:14.877000+00:00,0.0,1.175999837950013,-1.175999837950013,1.175999837950013
2022-10-18 06:54:16.814000+00:00,0.0,1.1760169090690586,-1.1760169090690586,1.1760169090690586
2022-10-18 06:54:18.704000+00:00,0.0,1.1760335659689019,-1.1760335659689019,1.1760335659689019
2022-10-18 06:54:20.580000+00:00,0.0,1.176050099484302,-1.176050099484302,1.176050099484302
2022-10-18 06:54:22.454000+00:00,0.0,1.1760666153733528,-1.1760666153733528,1.1760666153733528
2022-10-18 06:54:24.341000+00:00,0.0,1.1760832458336725,-1.1760832458336725,1.1760832458336725
2022-10-18 06:54:26.127000+00:00,0.0,1.1760989861633657,-1.1760989861633657,1.1760989861633657
2022-10-18 06:54:28.049000+00:00,0.0,1.1761159250847935,-1.1761159250847935,1.1761159250847935
2022-10-18 06:54:29.861000+00:00,0.0,1.1761318945570243,-1.1761318945570243,1.1761318945570243
2022-10-18 06:54:31.738000+00:00,0.0,1.1761484368855988,-1.1761484368855988,1.1761484368855988
2022-10-18 06:54:33.597000+00:00,0.0,1.176164820577032,-1.176164820577032,1.176164820577032
2022-10-18 06:54:35.470000+00:00,0.0,1.1761813276529085,-1.1761813276529085,1.1761813276529085
2022-10-18 06:54:40.866000+00:00,0.0,1.1762288835426196,-1.1762288835426196,1.1762288835426196
2022-10-18 06:54:42.784000+00:00,0.0,1.1762457872113494,-1.1762457872113494,1.1762457872113494
2022-10-18 06:54:44.671000+00:00,0.0,1.1762624176716692,-1.1762624176716692,1.1762624176716692
2022-10-18 06:54:46.549000+00:00,0.0,1.1762789688134183,-1.1762789688134183,1.1762789688134183
2022-10-18 06:54:48.474000+00:00,0.0,1.1762959341743697,-1.1762959341743697,1.1762959341743697
2022-10-18 06:54:50.345000+00:00,0.0,1.176312423623897,-1.176312423623897,1.176312423623897
2022-10-18 06:54:52.189000+00:00,0.0,1.1763286751177124,-1.1763286751177124,1.1763286751177124
2022-10-18 06:54:54.126000+00:00,0.0,1.1763457462367581,-1.1763457462367581,1.1763457462367581
2022-10-18 06:54:56.006000+00:00,0.0,1.176362315004856,-1.176362315004856,1.176362315004856
2022-10-18 06:54:57.870000+00:00,0.0,1.1763787427621621,-1.1763787427621621,1.1763787427621621
2022-10-18 06:54:59.700000+00:00,0.0,1.176394870871534,-1.176394870871534,1.176394870871534
2022-10-18 06:55:01.590000+00:00,0.0,1.1764115277713771,-1.1764115277713771,1.1764115277713771
2022-10-18 06:55:03.479000+00:00,0.0,1.176428175858046,-1.176428175858046,1.176428175858046
2022-10-18 06:55:05.339000+00:00,0.0,1.1764445683626539,-1.1764445683626539,1.1764445683626539
2022-10-18 06:55:07.260000+00:00,0.0,1.176461498470907,-1.176461498470907,1.176461498470907
2022-10-18 06:55:09.058000+00:00,0.0,1.1764773445586945,-1.1764773445586945,1.1764773445586945
2022-10-18 06:55:10.936000+00:00,0.0,1.1764938957004434,-1.1764938957004434,1.1764938957004434
2022-10-18 06:55:12.886000+00:00,0.0,1.176511081390758,-1.176511081390758,1.176511081390758
2022-10-18 06:55:14.714000+00:00,0.0,1.176527191873781,-1.176527191873781,1.176527191873781
2022-10-18 06:55:16.589000+00:00,0.0,1.1765437165760066,-1.1765437165760066,1.1765437165760066
2022-10-18 06:55:18.463000+00:00,0.0,1.1765602324650573,-1.1765602324650573,1.1765602324650573
2022-10-18 06:55:20.386000+00:00,0.0,1.1765771801996598,-1.1765771801996598,1.1765771801996598
2022-10-18 06:55:22.262000+00:00,0.0,1.17659371371506,-1.17659371371506,1.17659371371506
2022-10-18 06:55:24.120000+00:00,0.0,1.1766100885933186,-1.1766100885933186,1.1766100885933186
2022-10-18 06:55:26+00:00,0.0,1.1766266573614166,-1.1766266573614166,1.1766266573614166
2022-10-18 06:55:27.932000+00:00,0.0,1.1766436844145898,-1.1766436844145898,1.1766436844145898
2022-10-18 06:55:29.854000+00:00,0.0,1.1766606233360175,-1.1766606233360175,1.1766606233360175
2022-10-18 06:55:31.702000+00:00,0.0,1.176676910082531,-1.176676910082531,1.176676910082531
2022-10-18 06:55:33.573000+00:00,0.0,1.1766933995320583,-1.1766933995320583,1.1766933995320583
2022-10-18 06:55:35.418000+00:00,0.0,1.176709659839048,-1.176709659839048,1.176709659839048
2022-10-18 06:55:37.338000+00:00,0.0,1.176726581134127,-1.176726581134127,1.176726581134127
2022-10-18 06:55:39.214000+00:00,0.0,1.176743114649527,-1.176743114649527,1.176743114649527
2022-10-18 06:55:45.277000+00:00,0.0,1.1767965489266432,-1.1767965489266432,1.1767965489266432
2022-10-18 06:55:47.213000+00:00,0.0,1.1768136112325145,-1.1768136112325145,1.1768136112325145
2022-10-18 06:55:49.104000+00:00,0.0,1.1768302769455323,-1.1768302769455323,1.1768302769455323
2022-10-18 06:55:50.968000+00:00,0.0,1.1768467047028381,-1.1768467047028381,1.1768467047028381
2022-10-18 06:55:52.823000+00:00,0.0,1.1768630531415731,-1.1768630531415731,1.1768630531415731
2022-10-18 06:55:54.698000+00:00,0.0,1.1768795778437986,-1.1768795778437986,1.1768795778437986
2022-10-18 06:55:56.646000+00:00,0.0,1.1768967459077642,-1.1768967459077642,1.1768967459077642
2022-10-18 06:55:58.534000+00:00,0.0,1.1769133851812583,-1.1769133851812583,1.1769133851812583
2022-10-18 06:56:00.456000+00:00,0.0,1.176930324102686,-1.176930324102686,1.176930324102686
2022-10-18 06:56:02.315000+00:00,0.0,1.1769467077941194,-1.1769467077941194,1.1769467077941194
2022-10-18 06:56:04.238000+00:00,0.0,1.1769636555287217,-1.1769636555287217,1.1769636555287217
2022-10-18 06:56:06.054000+00:00,0.0,1.1769796602536506,-1.1769796602536506,1.1769796602536506
2022-10-18 06:56:07.987000+00:00,0.0,1.1769966961199982,-1.1769966961199982,1.1769966961199982
2022-10-18 06:56:09.847000+00:00,0.0,1.177013088624606,-1.177013088624606,1.177013088624606
2022-10-18 06:56:11.768000+00:00,0.0,1.177030018732859,-1.177030018732859,1.177030018732859
2022-10-18 06:56:13.691000+00:00,0.0,1.1770469664674617,-1.1770469664674617,1.1770469664674617
2022-10-18 06:56:15.565000+00:00,0.0,1.1770634823565125,-1.1770634823565125,1.1770634823565125
2022-10-18 06:56:17.408000+00:00,0.0,1.1770797250371534,-1.1770797250371534,1.1770797250371534
2022-10-18 06:56:19.253000+00:00,0.0,1.1770959853441432,-1.1770959853441432,1.1770959853441432
2022-10-18 06:56:21.118000+00:00,0.0,1.1771124219146234,-1.1771124219146234,1.1771124219146234
2022-10-18 06:56:23.050000+00:00,0.0,1.1771294489677966,-1.1771294489677966,1.1771294489677966
2022-10-18 06:56:24.925000+00:00,0.0,1.177145973670022,-1.177145973670022,1.177145973670022
2022-10-18 06:56:26.780000+00:00,0.0,1.177162322108757,-1.177162322108757,1.177162322108757
2022-10-18 06:56:28.597000+00:00,0.0,1.1771783356468606,-1.1771783356468606,1.1771783356468606
2022-10-18 06:56:30.457000+00:00,0.0,1.177194728151468,-1.177194728151468,1.177194728151468
2022-10-18 06:56:32.346000+00:00,0.0,1.1772113762381369,-1.1772113762381369,1.1772113762381369
2022-10-18 06:56:34.227000+00:00,0.0,1.1772279538194095,-1.1772279538194095,1.1772279538194095
2022-10-18 06:56:36.054000+00:00,0.0,1.177244055489258,-1.177244055489258,1.177244055489258
2022-10-18 06:56:38.096000+00:00,0.0,1.1772620519916281,-1.1772620519916281,1.1772620519916281
2022-10-18 06:56:39.956000+00:00,0.0,1.177278444496236,-1.177278444496236,1.177278444496236
2022-10-18 06:56:41.846000+00:00,0.0,1.177295101396079,-1.177295101396079,1.177295101396079
2022-10-18 06:56:43.737000+00:00,0.0,1.1773117671090971,-1.1773117671090971,1.1773117671090971
2022-10-18 06:56:49.722000+00:00,0.0,1.1773645139586009,-1.1773645139586009,1.1773645139586009
2022-10-18 06:56:51.645000+00:00,0.0,1.1773814616932032,-1.1773814616932032,1.1773814616932032
2022-10-18 06:56:53.572000+00:00,0.0,1.1773984446805037,-1.1773984446805037,1.1773984446805037
2022-10-18 06:56:55.441000+00:00,0.0,1.177414916503682,-1.177414916503682,1.177414916503682
2022-10-18 06:56:57.333000+00:00,0.0,1.1774315910298743,-1.1774315910298743,1.1774315910298743
2022-10-18 06:56:59.256000+00:00,0.0,1.1774485387644766,-1.1774485387644766,1.1774485387644766
2022-10-18 06:57:00.995000+00:00,0.0,1.1774638648749676,-1.1774638648749676,1.1774638648749676
2022-10-18 06:57:02.927000+00:00,0.0,1.1774808919281408,-1.1774808919281408,1.1774808919281408
2022-10-18 06:57:04.818000+00:00,0.0,1.1774975576411584,-1.1774975576411584,1.1774975576411584
2022-10-18 06:57:06.754000+00:00,0.0,1.1775146199470297,-1.1775146199470297,1.1775146199470297
2022-10-18 06:57:08.598000+00:00,0.0,1.1775308714408448,-1.1775308714408448,1.1775308714408448
2022-10-18 06:57:10.521000+00:00,0.0,1.1775478191754474,-1.1775478191754474,1.1775478191754474
2022-10-18 06:57:12.352000+00:00,0.0,1.1775639560979938,-1.1775639560979938,1.1775639560979938
2022-10-18 06:57:14.156000+00:00,0.0,1.1775798550648284,-1.1775798550648284,1.1775798550648284
2022-10-18 06:57:16.026000+00:00,0.0,1.1775963357011814,-1.1775963357011814,1.1775963357011814
2022-10-18 06:57:17.865000+00:00,0.0,1.177612543129124,-1.177612543129124,1.177612543129124
2022-10-18 06:57:19.802000+00:00,0.0,1.1776296142481697,-1.1776296142481697,1.1776296142481697
2022-10-18 06:57:21.796000+00:00,0.0,1.1776471877181631,-1.1776471877181631,1.1776471877181631
2022-10-18 06:57:23.723000+00:00,0.0,1.1776641707054636,-1.1776641707054636,1.1776641707054636
2022-10-18 06:57:25.551000+00:00,0.0,1.1776802811884868,-1.1776802811884868,1.1776802811884868
2022-10-18 06:57:27.490000+00:00,0.0,1.1776973699338815,-1.1776973699338815,1.1776973699338815
2022-10-18 06:57:29.426000+00:00,0.0,1.1777144322397526,-1.1777144322397526,1.1777144322397526
2022-10-18 06:57:31.301000+00:00,0.0,1.177730956941978,-1.177730956941978,1.177730956941978
2022-10-18 06:57:33.192000+00:00,0.0,1.1777476226549959,-1.1777476226549959,1.1777476226549959
2022-10-18 06:57:35.052000+00:00,0.0,1.1777640151596036,-1.1777640151596036,1.1777640151596036
2022-10-18 06:57:36.943000+00:00,0.0,1.1777806808726212,-1.1777806808726212,1.1777806808726212
2022-10-18 06:57:38.817000+00:00,0.0,1.1777971967616723,-1.1777971967616723,1.1777971967616723
2022-10-18 06:57:40.728000+00:00,0.0,1.1778140387381804,-1.1778140387381804,1.1778140387381804
2022-10-18 06:57:42.652000+00:00,0.0,1.1778309952859574,-1.1778309952859574,1.1778309952859574
2022-10-18 06:57:44.474000+00:00,0.0,1.1778470528899332,-1.1778470528899332,1.1778470528899332
2022-10-18 06:57:46.395000+00:00,0.0,1.1778639829981867,-1.1778639829981867,1.1778639829981867
2022-10-18 06:57:48.255000+00:00,0.0,1.1778803755027942,-1.1778803755027942,1.1778803755027942
2022-10-18 06:57:54.193000+00:00,0.0,1.1779327081330955,-1.1779327081330955,1.1779327081330955
2022-10-18 06:57:56.073000+00:00,0.0,1.1779492769011937,-1.1779492769011937,1.1779492769011937
2022-10-18 06:57:57.912000+00:00,0.0,1.1779654843291363,-1.1779654843291363,1.1779654843291363
2022-10-18 06:57:59.741000+00:00,0.0,1.177981603625334,-1.177981603625334,1.177981603625334
2022-10-18 06:58:01.658000+00:00,0.0,1.1779984984808891,-1.1779984984808891,1.1779984984808891
2022-10-18 06:58:03.599000+00:00,0.0,1.1780156048526331,-1.1780156048526331,1.1780156048526331
2022-10-18 06:58:05.474000+00:00,0.0,1.1780321295548584,-1.1780321295548584,1.1780321295548584
2022-10-18 06:58:07.412000+00:00,0.0,1.1780492094870787,-1.1780492094870787,1.1780492094870787
2022-10-18 06:58:09.333000+00:00,0.0,1.178066139595332,-1.178066139595332,1.178066139595332
2022-10-18 06:58:11.209000+00:00,0.0,1.1780826731107321,-1.1780826731107321,1.1780826731107321
2022-10-18 06:58:13.084000+00:00,0.0,1.1780991978129576,-1.1780991978129576,1.1780991978129576
2022-10-18 06:58:15.005000+00:00,0.0,1.1781161279212111,-1.1781161279212111,1.1781161279212111
2022-10-18 06:58:16.880000+00:00,0.0,1.1781326526234364,-1.1781326526234364,1.1781326526234364
2022-10-18 06:58:18.662000+00:00,0.0,1.1781483577004315,-1.1781483577004315,1.1781483577004315
2022-10-18 06:58:20.552000+00:00,0.0,1.1781650146002747,-1.1781650146002747,1.1781650146002747
2022-10-18 06:58:22.466000+00:00,0.0,1.1781818830163064,-1.1781818830163064,1.1781818830163064
2022-10-18 06:58:24.313000+00:00,0.0,1.1781981609496455,-1.1781981609496455,1.1781981609496455
2022-10-18 06:58:26.302000+00:00,0.0,1.1782156903537664,-1.1782156903537664,1.1782156903537664
2022-10-18 06:58:28.128000+00:00,0.0,1.17823178321044,-1.17823178321044,1.17823178321044
2022-10-18 06:58:30.052000+00:00,0.0,1.1782487397582173,-1.1782487397582173,1.1782487397582173
2022-10-18 06:58:31.974000+00:00,0.0,1.178265678679645,-1.178265678679645,1.178265678679645
2022-10-18 06:58:33.828000+00:00,0.0,1.1782820183052056,-1.1782820183052056,1.1782820183052056
2022-10-18 06:58:35.760000+00:00,0.0,1.1782990453583788,-1.1782990453583788,1.1782990453583788
2022-10-18 06:58:37.649000+00:00,0.0,1.1783156934450476,-1.1783156934450476,1.1783156934450476
2022-10-18 06:58:39.490000+00:00,0.0,1.1783319184993393,-1.1783319184993393,1.1783319184993393
2022-10-18 06:58:41.364000+00:00,0.0,1.17834843438839,-1.17834843438839,1.17834843438839
2022-10-18 06:58:43.255000+00:00,0.0,1.178365100101408,-1.178365100101408,1.178365100101408
2022-10-18 06:58:45.177000+00:00,0.0,1.178382039022836,-1.178382039022836,1.178382039022836
2022-10-18 06:58:47.005000+00:00,0.0,1.1783981495058589,-1.1783981495058589,1.1783981495058589
2022-10-18 06:58:48.944000+00:00,0.0,1.1784152382512536,-1.1784152382512536,1.1784152382512536
2022-10-18 06:58:50.765000+00:00,0.0,1.178431287042055,-1.178431287042055,1.178431287042055
2022-10-18 06:58:52.616000+00:00,0.0,1.178447600228092,-1.178447600228092,1.178447600228092
2022-10-18 06:58:58.580000+00:00,0.0,1.1785001620009308,-1.1785001620009308,1.1785001620009308
2022-10-18 06:59:00.377000+00:00,0.0,1.1785159992755436,-1.1785159992755436,1.1785159992755436
2022-10-18 06:59:02.206000+00:00,0.0,1.1785321185717412,-1.1785321185717412,1.1785321185717412
2022-10-18 06:59:04.082000+00:00,0.0,1.1785486520871413,-1.1785486520871413,1.1785486520871413
2022-10-18 06:59:06.007000+00:00,0.0,1.1785656174480925,-1.1785656174480925,1.1785656174480925
2022-10-18 06:59:07.941000+00:00,0.0,1.1785826621276148,-1.1785826621276148,1.1785826621276148
2022-10-18 06:59:09.845000+00:00,0.0,1.1785994424119013,-1.1785994424119013,1.1785994424119013
2022-10-18 06:59:11.650000+00:00,0.0,1.1786153501919103,-1.1786153501919103,1.1786153501919103
2022-10-18 06:59:13.488000+00:00,0.0,1.1786315488066785,-1.1786315488066785,1.1786315488066785
2022-10-18 06:59:15.408000+00:00,0.0,1.1786484701017574,-1.1786484701017574,1.1786484701017574
2022-10-18 06:59:17.284000+00:00,0.0,1.1786650036171573,-1.1786650036171573,1.1786650036171573
2022-10-18 06:59:19.196000+00:00,0.0,1.17868185440684,-1.17868185440684,1.17868185440684
2022-10-18 06:59:21.131000+00:00,0.0,1.178698907899537,-1.178698907899537,1.178698907899537
2022-10-18 06:59:23.050000+00:00,0.0,1.1787158203814412,-1.1787158203814412,1.1787158203814412
2022-10-18 06:59:24.961000+00:00,0.0,1.1787326623579495,-1.1787326623579495,1.1787326623579495
2022-10-18 06:59:26.894000+00:00,0.0,1.1787496982242969,-1.1787496982242969,1.1787496982242969
2022-10-18 06:59:28.675000+00:00,0.0,1.1787653944881176,-1.1787653944881176,1.1787653944881176
2022-10-18 06:59:30.565000+00:00,0.0,1.178782051387961,-1.178782051387961,1.178782051387961
2022-10-18 06:59:32.440000+00:00,0.0,1.1787985760901862,-1.1787985760901862,1.1787985760901862
2022-10-18 06:59:34.364000+00:00,0.0,1.1788155326379632,-1.1788155326379632,1.1788155326379632
2022-10-18 06:59:36.252000+00:00,0.0,1.1788321719114574,-1.1788321719114574,1.1788321719114574
2022-10-18 06:59:38.155000+00:00,0.0,1.1788489433825695,-1.1788489433825695,1.1788489433825695
2022-10-18 06:59:40.035000+00:00,0.0,1.1788655121506677,-1.1788655121506677,1.1788655121506677
2022-10-18 06:59:41.924000+00:00,0.0,1.1788821602373363,-1.1788821602373363,1.1788821602373363
2022-10-18 06:59:43.756000+00:00,0.0,1.1788983059730573,-1.1788983059730573,1.1788983059730573
2022-10-18 06:59:45.665000+00:00,0.0,1.1789151303232166,-1.1789151303232166,1.1789151303232166
2022-10-18 06:59:47.534000+00:00,0.0,1.178931602146395,-1.178931602146395,1.178931602146395
2022-10-18 06:59:49.377000+00:00,0.0,1.1789478448270359,-1.1789478448270359,1.1789478448270359
2022-10-18 06:59:51.268000+00:00,0.0,1.1789645105400535,-1.1789645105400535,1.1789645105400535
2022-10-18 06:59:53.137000+00:00,0.0,1.1789809823632318,-1.1789809823632318,1.1789809823632318
2022-10-18 06:59:55.049000+00:00,0.0,1.1789978331529145,-1.1789978331529145,1.1789978331529145
2022-10-18 06:59:56.972000+00:00,0.0,1.179014780887517,-1.179014780887517,1.179014780887517
2022-10-18 07:00:03.065000+00:00,0.0,1.179068479559869,-1.179068479559869,1.179068479559869
2022-10-18 07:00:04.987000+00:00,0.0,1.1790854184812969,-1.1790854184812969,1.1790854184812969
2022-10-18 07:00:06.808000+00:00,0.0,1.179101467272098,-1.179101467272098,1.179101467272098
2022-10-18 07:00:08.689000+00:00,0.0,1.1791180448533707,-1.1791180448533707,1.1791180448533707
2022-10-18 07:00:10.629000+00:00,0.65147,1.17913514241194,-0.5276651424119401,0.5276651424119401
2022-10-18 07:00:12.549000+00:00,6.95771,1.179152063707019,5.77855793629298,5.77855793629298
2022-10-18 07:00:14.380000+00:00,1.74594,1.1791682006295656,0.5667717993704344,0.5667717993704344
2022-10-18 07:00:16.238000+00:00,0.72965,1.179184575507824,-0.44953457550782405,0.44953457550782405
2022-10-18 07:00:18.133000+00:00,1.61565,1.17920127647354,0.43644872352646,0.43644872352646
2022-10-18 07:00:20.102000+00:00,9.14665,1.1792186296141702,7.967431370385829,7.967431370385829
2022-10-18 07:00:21.948000+00:00,0.46906,1.1792348987343346,-0.7101748987343346,0.7101748987343346
2022-10-18 07:00:23.830000+00:00,0.41694,1.1792514851287819,-0.7623114851287819,0.7623114851287819
2022-10-18 07:00:25.725000+00:00,0.62541,1.1792681860944976,-0.5538581860944976,0.5538581860944976
2022-10-18 07:00:27.598000+00:00,0.36482,1.179284693170374,-0.8144646931703741,0.8144646931703741
2022-10-18 07:00:29.557000+00:00,10.21506,1.1793019581792592,9.03575804182074,9.03575804182074
2022-10-18 07:00:31.440000+00:00,0.33876,1.179318553386881,-0.8405585533868811,0.8405585533868811
2022-10-18 07:00:33.292000+00:00,0.67753,1.1793348753860924,-0.5018048753860924,0.5018048753860924
2022-10-18 07:00:35.223000+00:00,3.17918,1.179351893626091,1.9998281063739092,1.9998281063739092
2022-10-18 07:00:37.138000+00:00,0.54724,1.1793687708552973,-0.6321287708552974,0.6321287708552974
2022-10-18 07:00:38.962000+00:00,2.86647,1.1793848460856222,1.6870851539143779,1.6870851539143779
2022-10-18 07:00:40.777000+00:00,4.19547,1.1794008419973765,3.0160691580026238,3.0160691580026238
2022-10-18 07:00:42.655000+00:00,0.20847,1.1794173931391254,-0.9709473931391255,0.9709473931391255
2022-10-18 07:00:44.533000+00:00,0.0,1.1794339442808746,-1.1794339442808746,1.1794339442808746
2022-10-18 07:00:46.409000+00:00,0.0,1.1794504777962744,-1.1794504777962744,1.1794504777962744
2022-10-18 07:00:48.284000+00:00,0.0,1.1794670024985,-1.1794670024985,1.1794670024985
2022-10-18 07:00:50.206000+00:00,0.0,1.179483941419928,-1.179483941419928,1.179483941419928
2022-10-18 07:00:52.010000+00:00,0.0,1.1794998403867625,-1.1794998403867625,1.1794998403867625
2022-10-18 07:00:53.909000+00:00,0.0,1.1795165766051763,-1.1795165766051763,1.1795165766051763
2022-10-18 07:00:55.772000+00:00,0.0,1.1795329955493075,-1.1795329955493075,1.1795329955493075
2022-10-18 07:00:57.690000+00:00,0.0,1.1795498992180375,-1.1795498992180375,1.1795498992180375
2022-10-18 07:00:59.550000+00:00,0.0,1.179566291722645,-1.179566291722645,1.179566291722645
2022-10-18 07:01:01.446000+00:00,0.443,1.1795830015015354,-0.7365830015015353,0.7365830015015353
2022-10-18 07:01:07.775000+00:00,0.36482,1.1796387800830743,-0.8148187800830744,0.8148187800830744
2022-10-18 07:01:09.768000+00:00,0.57329,1.179656344739893,-0.6063663447398929,0.6063663447398929
2022-10-18 07:01:11.737000+00:00,0.13029,1.1796736978805233,-1.0493836978805233,1.0493836978805233
2022-10-18 07:01:13.629000+00:00,6.07171,1.1796903724067156,4.892019627593285,4.892019627593285
2022-10-18 07:01:15.535000+00:00,0.23453,1.1797071703173514,-0.9451771703173514,0.9451771703173514
2022-10-18 07:01:17.524000+00:00,0.28665,1.179724699721472,-0.893074699721472,0.893074699721472
2022-10-18 07:01:19.351000+00:00,0.59935,1.1797408013913206,-0.5803908013913206,0.5803908013913206
2022-10-18 07:01:21.309000+00:00,0.41694,1.1797580575870312,-0.7628180575870313,0.7628180575870313
2022-10-18 07:01:23.227000+00:00,3.544,1.1797749612557609,2.364225038744239,2.364225038744239
2022-10-18 07:01:25.103000+00:00,0.07818,1.179791494771161,-1.101611494771161,1.101611494771161
2022-10-18 07:01:27.041000+00:00,9.17271,1.1798085747033813,7.992901425296619,7.992901425296619
2022-10-18 07:01:28.940000+00:00,0.18241,1.179825310921795,-0.9974153109217951,0.9974153109217951
2022-10-18 07:01:30.835000+00:00,0.13029,1.179842011887511,-1.049552011887511,1.049552011887511
2022-10-18 07:01:32.706000+00:00,0.28665,1.1798585013370384,-0.8932085013370383,0.8932085013370383
2022-10-18 07:01:34.518000+00:00,0.0,1.179874470809269,-1.179874470809269,1.179874470809269
2022-10-18 07:01:36.424000+00:00,0.0,1.1798912687199046,-1.1798912687199046,1.1798912687199046
2022-10-18 07:01:38.285000+00:00,0.0,1.179907670037687,-1.179907670037687,1.179907670037687
2022-10-18 07:01:40.252000+00:00,0.0,1.179925005551968,-1.179925005551968,1.179925005551968
2022-10-18 07:01:42.097000+00:00,0.0,1.179941265858958,-1.179941265858958,1.179941265858958
2022-10-18 07:01:44.019000+00:00,0.0,1.179958204780386,-1.179958204780386,1.179958204780386
2022-10-18 07:01:45.881000+00:00,0.0,1.1799746149113428,-1.1799746149113428,1.1799746149113428
2022-10-18 07:01:47.752000+00:00,0.0,1.17999110436087,-1.17999110436087,1.17999110436087
2022-10-18 07:01:49.566000+00:00,0.0,1.1800070914594498,-1.1800070914594498,1.1800070914594498
2022-10-18 07:01:51.494000+00:00,0.41694,1.1800240832599247,-0.7630840832599247,0.7630840832599247
2022-10-18 07:01:53.362000+00:00,0.0,1.1800405462699288,-1.1800405462699288,1.1800405462699288
2022-10-18 07:01:55.289000+00:00,0.0,1.1800575292572293,-1.1800575292572293,1.1800575292572293
2022-10-18 07:01:57.166000+00:00,0.0,1.1800740715858036,-1.1800740715858036,1.1800740715858036
2022-10-18 07:01:59.053000+00:00,0.0,1.1800907020461233,-1.1800907020461233,1.1800907020461233
2022-10-18 07:02:00.882000+00:00,0.0,1.1801068213423207,-1.1801068213423207,1.1801068213423207
2022-10-18 07:02:02.800000+00:00,0.0,1.1801237250110508,-1.1801237250110508,1.1801237250110508
2022-10-18 07:02:04.690000+00:00,0.0,1.180140381910894,-1.180140381910894,1.180140381910894
2022-10-18 07:02:06.604000+00:00,0.0,1.1801572503269258,-1.1801572503269258,1.1801572503269258
2022-10-18 07:02:12.179000+00:00,0.0,1.1802063837748762,-1.1802063837748762,1.1802063837748762
2022-10-18 07:02:14.112000+00:00,0.0,1.1802234196412238,-1.1802234196412238,1.1802234196412238
2022-10-18 07:02:16.024000+00:00,0.0,1.1802402704309065,-1.1802402704309065,1.1802402704309065
2022-10-18 07:02:17.878000+00:00,0.0,1.180256610056467,-1.180256610056467,1.180256610056467
2022-10-18 07:02:19.815000+00:00,0.0,1.1802736811755128,-1.1802736811755128,1.1802736811755128
2022-10-18 07:02:21.691000+00:00,0.0,1.1802902146909129,-1.1802902146909129,1.1802902146909129
2022-10-18 07:02:23.550000+00:00,0.31271,1.1803065983823458,-0.8675965983823457,0.8675965983823457
2022-10-18 07:02:25.457000+00:00,4.69059,1.1803234051061562,3.510266594893844,3.510266594893844
2022-10-18 07:02:27.334000+00:00,0.91206,1.1803399474347305,-0.2682799474347305,0.2682799474347305
2022-10-18 07:02:29.242000+00:00,5.65477,1.180356762971715,4.474413237028285,4.474413237028285
2022-10-18 07:02:31.132000+00:00,0.02606,1.1803734198715583,-1.1543134198715583,1.1543134198715583
2022-10-18 07:02:33.082000+00:00,4.19547,1.180390605561873,3.0150793944381276,3.0150793944381276
2022-10-18 07:02:35.039000+00:00,3.30947,1.180407852944409,2.129062147055591,2.129062147055591
2022-10-18 07:02:36.957000+00:00,0.80782,1.1804247566131387,-0.37260475661313874,0.37260475661313874
2022-10-18 07:02:38.878000+00:00,6.645,1.1804416867213923,5.464558313278607,5.464558313278607
2022-10-18 07:02:40.742000+00:00,0.46906,1.1804581144786979,-0.7113981144786978,0.7113981144786978
2022-10-18 07:02:42.674000+00:00,0.54724,1.180475141531871,-0.6332351415318711,0.6332351415318711
2022-10-18 07:02:44.554000+00:00,0.05212,1.180491710299969,-1.128371710299969,1.128371710299969
2022-10-18 07:02:46.550000+00:00,1.22477,1.1805093013963117,0.0442606986036882,0.0442606986036882
2022-10-18 07:02:48.504000+00:00,3.544,1.1805265223393242,2.363473477660676,2.363473477660676
2022-10-18 07:02:50.441000+00:00,4.89906,1.18054359345837,3.7185164065416307,3.7185164065416307
2022-10-18 07:02:52.362000+00:00,0.83388,1.1805605235666232,-0.34668052356662327,0.34668052356662327
2022-10-18 07:02:54.275000+00:00,2.00653,1.1805773831694806,0.8259526168305196,0.8259526168305196
2022-10-18 07:02:56.133000+00:00,0.18241,1.1805937580477393,-0.9981837580477393,0.9981837580477393
2022-10-18 07:02:57.988000+00:00,0.0,1.180610106486474,-1.180610106486474,1.180610106486474
2022-10-18 07:02:59.877000+00:00,0.0,1.1806267545731428,-1.1806267545731428,1.1806267545731428
2022-10-18 07:03:01.745000+00:00,0.0,1.180643217583147,-1.180643217583147,1.180643217583147
2022-10-18 07:03:03.630000+00:00,0.0,1.1806598304171174,-1.1806598304171174,1.1806598304171174
2022-10-18 07:03:05.519000+00:00,0.0,1.180676478503786,-1.180676478503786,1.180676478503786
2022-10-18 07:03:07.408000+00:00,0.0,1.180693126590455,-1.180693126590455,1.180693126590455
2022-10-18 07:03:09.268000+00:00,0.0,1.1807095190950625,-1.1807095190950625,1.1807095190950625
2022-10-18 07:03:11.085000+00:00,0.0,1.1807255326331658,-1.1807255326331658,1.1807255326331658
2022-10-18 07:03:16.566000+00:00,0.0,1.1807738376427115,-1.1807738376427115,1.1807738376427115
2022-10-18 07:03:18.471000+00:00,0.0,1.1807906267401724,-1.1807906267401724,1.1807906267401724
2022-10-18 07:03:20.395000+00:00,0.0,1.1808075832879492,-1.1808075832879492,1.1808075832879492
2022-10-18 07:03:22.212000+00:00,0.0,1.1808235968260528,-1.1808235968260528,1.1808235968260528
2022-10-18 07:03:24.081000+00:00,0.0,1.180840068649231,-1.180840068649231,1.180840068649231
2022-10-18 07:03:25.944000+00:00,0.0,1.180856487593362,-1.180856487593362,1.180856487593362
2022-10-18 07:03:27.879000+00:00,0.0,1.180873541086059,-1.180873541086059,1.180873541086059
2022-10-18 07:03:29.754000+00:00,0.0,1.1808900657882844,-1.1808900657882844,1.1808900657882844
2022-10-18 07:03:31.628000+00:00,0.0,1.1809065816773352,-1.1809065816773352,1.1809065816773352
2022-10-18 07:03:33.550000+00:00,0.0,1.1809235205987632,-1.1809235205987632,1.1809235205987632
2022-10-18 07:03:35.430000+00:00,0.0,1.1809400893668613,-1.1809400893668613,1.1809400893668613
2022-10-18 07:03:37.379000+00:00,0.0,1.1809572662440013,-1.1809572662440013,1.1809572662440013
2022-10-18 07:03:39.238000+00:00,0.0,1.1809736499354342,-1.1809736499354342,1.1809736499354342
2022-10-18 07:03:41.145000+00:00,0.0,1.1809904566592446,-1.1809904566592446,1.1809904566592446
2022-10-18 07:03:43.002000+00:00,0.0,1.1810068227243287,-1.1810068227243287,1.1810068227243287
2022-10-18 07:03:44.880000+00:00,0.0,1.1810233738660776,-1.1810233738660776,1.1810233738660776
2022-10-18 07:03:46.801000+00:00,0.65147,1.181040303974331,-0.5295703039743309,0.5295703039743309
2022-10-18 07:03:48.810000+00:00,0.54724,1.181058009641942,-0.6338180096419421,0.6338180096419421
2022-10-18 07:03:50.687000+00:00,0.62541,1.1810745519705166,-0.5556645519705166,0.5556645519705166
2022-10-18 07:03:52.574000+00:00,0.23453,1.1810911824308366,-0.9465611824308365,0.9465611824308365
2022-10-18 07:03:54.502000+00:00,0.41694,1.1811081742313114,-0.7641681742313114,0.7641681742313114
2022-10-18 07:03:56.429000+00:00,0.99024,1.181125157218612,-0.1908851572186121,0.1908851572186121
2022-10-18 07:03:58.306000+00:00,4.84694,1.1811416995471864,3.6657983004528134,3.6657983004528134
2022-10-18 07:04:00.152000+00:00,0.23453,1.1811579686673508,-0.9466279686673508,0.9466279686673508
2022-10-18 07:04:02.018000+00:00,0.15635,1.1811744140510054,-1.0248244140510054,1.0248244140510054
2022-10-18 07:04:04.057000+00:00,0.28665,1.1811923841138525,-0.8945423841138525,0.8945423841138525
2022-10-18 07:04:05.954000+00:00,0.28665,1.1812091027059173,-0.8945591027059172,0.8945591027059172
2022-10-18 07:04:07.893000+00:00,0.31271,1.181226191451312,-0.868516191451312,0.868516191451312
2022-10-18 07:04:09.770000+00:00,0.85994,1.1812427337798865,-0.3213027337798865,0.3213027337798865
2022-10-18 07:04:11.737000+00:00,12.56036,1.181260069294168,11.37909993070583,11.37909993070583
2022-10-18 07:04:13.705000+00:00,0.28665,1.1812774136216238,-0.8946274136216237,0.8946274136216237
2022-10-18 07:04:15.633000+00:00,0.13029,1.1812944054220988,-1.0510044054220988,1.0510044054220988
2022-10-18 07:04:21.117000+00:00,0.0,1.1813427368711678,-1.1813427368711678,1.1813427368711678
2022-10-18 07:04:22.956000+00:00,0.0,1.1813589442991106,-1.1813589442991106,1.1813589442991106
2022-10-18 07:04:24.830000+00:00,0.0,1.1813754601881614,-1.1813754601881614,1.1813754601881614
2022-10-18 07:04:26.706000+00:00,0.0,1.1813919937035615,-1.1813919937035615,1.1813919937035615
2022-10-18 07:04:28.592000+00:00,0.0,1.1814086153507066,-1.1814086153507066,1.1814086153507066
2022-10-18 07:04:30.487000+00:00,0.0,1.1814253163164226,-1.1814253163164226,1.1814253163164226
2022-10-18 07:04:32.409000+00:00,0.0,1.1814422552378505,-1.1814422552378505,1.1814422552378505
2022-10-18 07:04:34.268000+00:00,0.0,1.1814586389292834,-1.1814586389292834,1.1814586389292834
2022-10-18 07:04:36.268000+00:00,0.39088,1.1814762652783242,-0.7905962652783242,0.7905962652783242
2022-10-18 07:04:38.140000+00:00,12.61247,1.181492763541026,11.430977236458974,11.430977236458974
2022-10-18 07:04:40.099000+00:00,0.83388,1.1815100285499112,-0.3476300285499112,0.3476300285499112
2022-10-18 07:04:41.935000+00:00,0.46906,1.1815262095383303,-0.7124662095383303,0.7124662095383303
2022-10-18 07:04:43.814000+00:00,0.85994,1.1815427694932539,-0.32160276949325384,0.32160276949325384
2022-10-18 07:04:45.726000+00:00,1.12053,1.1815596202829366,-0.06102962028293657,0.06102962028293657
2022-10-18 07:04:47.648000+00:00,0.36482,1.1815765592043643,-0.8167565592043644,0.8167565592043644
2022-10-18 07:04:49.506000+00:00,0.99024,1.1815929340826232,-0.19135293408262322,0.19135293408262322
2022-10-18 07:04:51.352000+00:00,0.36482,1.1816092032027874,-0.8167892032027875,0.8167892032027875
2022-10-18 07:04:53.290000+00:00,0.26059,1.181626283135008,-0.921036283135008,0.921036283135008
2022-10-18 07:04:55.217000+00:00,3.93488,1.1816432661223084,2.7532367338776917,2.7532367338776917
2022-10-18 07:04:57.173000+00:00,0.26059,1.18166050469167,-0.92107050469167,0.92107050469167
2022-10-18 07:04:59.111000+00:00,0.31271,1.1816775846238903,-0.8689675846238902,0.8689675846238902
2022-10-18 07:05:00.987000+00:00,1.82412,1.1816941181392902,0.6424258818607098,0.6424258818607098
2022-10-18 07:05:02.815000+00:00,0.96418,1.1817102286223131,-0.21753022862231308,0.21753022862231308
2022-10-18 07:05:04.733000+00:00,0.65147,1.181727132291043,-0.530257132291043,0.530257132291043
2022-10-18 07:05:06.711000+00:00,0.05212,1.181744564750244,-1.129624564750244,1.129624564750244
2022-10-18 07:05:08.598000+00:00,0.0,1.1817611952105636,-1.1817611952105636,1.1817611952105636
2022-10-18 07:05:10.486000+00:00,0.0,1.181777834484058,-1.181777834484058,1.181777834484058
2022-10-18 07:05:12.330000+00:00,0.0,1.1817940859778733,-1.1817940859778733,1.1817940859778733
2022-10-18 07:05:14.096000+00:00,0.0,1.181809650044076,-1.181809650044076,1.181809650044076
2022-10-18 07:05:16.014000+00:00,0.0,1.1818265537128059,-1.1818265537128059,1.1818265537128059
2022-10-18 07:05:17.940000+00:00,0.0,1.1818435278869317,-1.1818435278869317,1.1818435278869317
2022-10-18 07:05:19.799000+00:00,0.0,1.181859911578365,-1.181859911578365,1.181859911578365
2022-10-18 07:05:25.440000+00:00,0.0,1.1819096266958335,-1.1819096266958335,1.1819096266958335
2022-10-18 07:05:27.303000+00:00,0.20847,1.181926045639965,-0.973456045639965,0.973456045639965
2022-10-18 07:05:29.206000+00:00,2.13682,1.1819428171110768,0.9548771828889233,0.9548771828889233
2022-10-18 07:05:31.190000+00:00,0.07818,1.1819603024493253,-1.1037803024493253,1.1037803024493253
2022-10-18 07:05:33.089000+00:00,7.94794,1.181977038667739,6.765962961332261,6.765962961332261
2022-10-18 07:05:35.020000+00:00,0.52118,1.1819940569077376,-0.6608140569077376,0.6608140569077376
2022-10-18 07:05:36.928000+00:00,2.57982,1.1820108724447222,1.3978091275552775,1.3978091275552775
2022-10-18 07:05:38.864000+00:00,5.10753,1.1820279347505935,3.925502065249406,3.925502065249406
2022-10-18 07:05:40.842000+00:00,0.28665,1.1820453672097946,-0.8953953672097945,0.8953953672097945
2022-10-18 07:05:42.821000+00:00,0.26059,1.18206280848217,-0.9214728084821701,0.9214728084821701
2022-10-18 07:05:44.799000+00:00,0.39088,1.182080240941371,-0.7912002409413711,0.7912002409413711
2022-10-18 07:05:46.656000+00:00,0.15635,1.1820966070064554,-1.0257466070064554,1.0257466070064554
2022-10-18 07:05:48.655000+00:00,0.41694,1.182114224542321,-0.7651742245423211,0.7651742245423211
2022-10-18 07:05:50.462000+00:00,0.46906,1.1821301499486792,-0.7130701499486791,0.7130701499486791
2022-10-18 07:05:52.439000+00:00,7.40071,1.1821475735947058,6.2185624264052946,6.2185624264052946
2022-10-18 07:05:54.387000+00:00,0.13029,1.1821647416586711,-1.0518747416586711,1.0518747416586711
2022-10-18 07:05:56.273000+00:00,0.05212,1.1821813633058165,-1.1300613633058165,1.1300613633058165
2022-10-18 07:05:58.180000+00:00,0.26059,1.1821981700296267,-0.9216081700296267,0.9216081700296267
2022-10-18 07:06:00.111000+00:00,0.0,1.1822151882696252,-1.1822151882696252,1.1822151882696252
2022-10-18 07:06:02.025000+00:00,0.0,1.182232056685657,-1.182232056685657,1.182232056685657
2022-10-18 07:06:03.893000+00:00,0.0,1.1822485196956607,-1.1822485196956607,1.1822485196956607
2022-10-18 07:06:05.690000+00:00,0.0,1.1822643569702738,-1.1822643569702738,1.1822643569702738
2022-10-18 07:06:07.518000+00:00,0.0,1.1822804674532965,-1.1822804674532965,1.1822804674532965
2022-10-18 07:06:09.377000+00:00,0.0,1.1822968511447298,-1.1822968511447298,1.1822968511447298
2022-10-18 07:06:11.283000+00:00,0.0,1.1823136490553656,-1.1823136490553656,1.1823136490553656
2022-10-18 07:06:13.129000+00:00,0.0,1.1823299181755298,-1.1823299181755298,1.1823299181755298
2022-10-18 07:06:15.050000+00:00,0.0,1.1823468482837831,-1.1823468482837831,1.1823468482837831
2022-10-18 07:06:16.909000+00:00,0.0,1.1823632319752164,-1.1823632319752164,1.1823632319752164
2022-10-18 07:06:18.925000+00:00,0.33876,1.1823809993350491,-0.8436209993350492,0.8436209993350492
2022-10-18 07:06:20.860000+00:00,2.39741,1.1823980528277458,1.215011947172254,1.215011947172254
2022-10-18 07:06:22.769000+00:00,0.67753,1.182414877177905,-0.5048848771779051,0.5048848771779051
2022-10-18 07:06:24.753000+00:00,1.14659,1.182432362516153,-0.035842362516153026,0.035842362516153026
2022-10-18 07:06:30.554000+00:00,8.00006,1.182483487741545,6.817576512258454,6.817576512258454
2022-10-18 07:06:32.487000+00:00,0.18241,1.1825005236078927,-1.0000905236078927,1.0000905236078927
2022-10-18 07:06:34.300000+00:00,1.22477,1.182516501893298,0.04225349810670198,0.04225349810670198
2022-10-18 07:06:36.207000+00:00,0.18241,1.1825333086171081,-1.0001233086171082,1.0001233086171082
2022-10-18 07:06:38.074000+00:00,0.20847,1.1825497628139374,-0.9740797628139375,0.9740797628139375
2022-10-18 07:06:39.951000+00:00,1.66777,1.1825663051425117,0.48520369485748827,0.48520369485748827
2022-10-18 07:06:41.926000+00:00,0.85994,1.1825837111621893,-0.32264371116218926,0.32264371116218926
2022-10-18 07:06:43.897000+00:00,2.08471,1.1826010819291688,0.902108918070831,0.902108918070831
2022-10-18 07:06:45.819000+00:00,0.15635,1.1826180208505965,-1.0262680208505965,1.0262680208505965
2022-10-18 07:06:47.769000+00:00,0.15635,1.1826352065409111,-1.0262852065409112,1.0262852065409112
2022-10-18 07:06:49.690000+00:00,0.28665,1.1826521366491645,-0.8960021366491644,0.8960021366491644
2022-10-18 07:06:51.493000+00:00,0.0,1.1826680268028245,-1.1826680268028245,1.1826680268028245
2022-10-18 07:06:53.299000+00:00,0.0,1.1826839433960081,-1.1826839433960081,1.1826839433960081
2022-10-18 07:06:55.148000+00:00,0.0,1.1827002389556962,-1.1827002389556962,1.1827002389556962
2022-10-18 07:06:57.034000+00:00,0.0,1.182716860602841,-1.182716860602841,1.182716860602841
2022-10-18 07:06:58.955000+00:00,0.0,1.1827337907110946,-1.1827337907110946,1.1827337907110946
2022-10-18 07:07:00.834000+00:00,0.0,1.1827503506660182,-1.1827503506660182,1.1827503506660182
2022-10-18 07:07:02.691000+00:00,0.0,1.1827667167311025,-1.1827667167311025,1.1827667167311025
2022-10-18 07:07:04.565000+00:00,0.0,1.1827832326201533,-1.1827832326201533,1.1827832326201533
2022-10-18 07:07:06.409000+00:00,0.0,1.1827994841139686,-1.1827994841139686,1.1827994841139686
2022-10-18 07:07:08.299000+00:00,0.0,1.1828161410138118,-1.1828161410138118,1.1828161410138118
2022-10-18 07:07:10.096000+00:00,0.10424,1.1828319782884247,-1.0785919782884248,1.0785919782884248
2022-10-18 07:07:12.034000+00:00,0.33876,1.1828490582206448,-0.8440890582206448,0.8440890582206448
2022-10-18 07:07:13.907000+00:00,0.75571,1.1828655652965214,-0.42715556529652143,0.42715556529652143
2022-10-18 07:07:15.756000+00:00,2.78829,1.1828818608562095,1.6054081391437904,1.6054081391437904
2022-10-18 07:07:17.672000+00:00,0.41694,1.18289874689859,-0.7659587468985901,0.7659587468985901
2022-10-18 07:07:19.619000+00:00,1.38112,1.182915906149381,0.19820409385061888,0.19820409385061888
2022-10-18 07:07:21.611000+00:00,4.82088,1.1829334619930254,3.6379465380069744,3.6379465380069744
2022-10-18 07:07:23.597000+00:00,0.28665,1.1829509649576226,-0.8963009649576226,0.8963009649576226
2022-10-18 07:07:25.455000+00:00,0.26059,1.1829673398358813,-0.9223773398358813,0.9223773398358813
2022-10-18 07:07:27.392000+00:00,0.26059,1.182984410954927,-0.922394410954927,0.922394410954927
2022-10-18 07:07:29.361000+00:00,0.18241,1.1830017640955575,-1.0005917640955575,1.0005917640955575
2022-10-18 07:07:35.095000+00:00,2.24106,1.1830522988382564,1.0580077011617437,1.0580077011617437
2022-10-18 07:07:36.986000+00:00,0.18241,1.1830689645512742,-1.0006589645512742,1.0006589645512742
2022-10-18 07:07:38.840000+00:00,0.13029,1.1830853041768346,-1.0527953041768345,1.0527953041768345
2022-10-18 07:07:40.729000+00:00,0.23453,1.1831019522635033,-0.9485719522635033,0.9485719522635033
2022-10-18 07:07:42.657000+00:00,0.0,1.1831189440639784,-1.1831189440639784,1.1831189440639784
2022-10-18 07:07:44.534000+00:00,0.0,1.183135486392553,-1.183135486392553,1.183135486392553
2022-10-18 07:07:46.425000+00:00,0.0,1.1831521521055708,-1.1831521521055708,1.1831521521055708
2022-10-18 07:07:48.300000+00:00,0.0,1.1831686768077962,-1.1831686768077962,1.1831686768077962
2022-10-18 07:07:50.166000+00:00,0.0,1.183185122191451,-1.183185122191451,1.183185122191451
2022-10-18 07:07:52.080000+00:00,0.0,1.1832019906074827,-1.1832019906074827,1.1832019906074827
2022-10-18 07:07:54.002000+00:00,0.0,1.1832189295289108,-1.1832189295289108,1.1832189295289108
2022-10-18 07:07:55.912000+00:00,0.0,1.1832357626922443,-1.1832357626922443,1.1832357626922443
2022-10-18 07:07:57.835000+00:00,0.0,1.1832527104268469,-1.1832527104268469,1.1832527104268469
2022-10-18 07:07:59.816000+00:00,0.39088,1.1832701693255716,-0.7923901693255716,0.7923901693255716
2022-10-18 07:08:01.753000+00:00,1.69382,1.183287240444617,0.510532759555383,0.510532759555383
2022-10-18 07:08:03.627000+00:00,2.215,1.1833037563336681,1.0316962436663317,1.0316962436663317
2022-10-18 07:08:05.519000+00:00,0.54724,1.1833204308598604,-0.6360804308598604,0.6360804308598604
2022-10-18 07:08:07.410000+00:00,0.39088,1.1833370965728782,-0.7924570965728782,0.7924570965728782
2022-10-18 07:08:09.315000+00:00,1.25082,1.1833538856703392,0.06746611432966088,0.06746611432966088
2022-10-18 07:08:11.229000+00:00,0.39088,1.1833707540863712,-0.7924907540863712,0.7924907540863712
2022-10-18 07:08:13.127000+00:00,1.17265,1.1833874814916103,-0.010737481491610357,0.010737481491610357
2022-10-18 07:08:15.053000+00:00,0.39088,1.1834044556657364,-0.7925244556657364,0.7925244556657364
2022-10-18 07:08:16.949000+00:00,5.36812,1.183421165444627,4.184698834555373,4.184698834555373
2022-10-18 07:08:18.940000+00:00,0.96418,1.1834387124750967,-0.21925871247509665,0.21925871247509665
2022-10-18 07:08:20.773000+00:00,0.26059,1.1834548670239924,-0.9228648670239924,0.9228648670239924
2022-10-18 07:08:22.741000+00:00,0.33876,1.1834722113514482,-0.8447122113514482,0.8447122113514482
2022-10-18 07:08:24.649000+00:00,2.71012,1.1834890268884326,1.5266309731115673,1.5266309731115673
2022-10-18 07:08:26.581000+00:00,6.95771,1.1835060539416058,5.774203946058394,5.774203946058394
2022-10-18 07:08:28.443000+00:00,2.16288,1.1835224640725626,0.9793575359274374,0.9793575359274374
2022-10-18 07:08:30.330000+00:00,0.26059,1.1835390945328823,-0.9229490945328823,0.9229490945328823
2022-10-18 07:08:32.158000+00:00,0.0,1.1835552050159053,-1.1835552050159053,1.1835552050159053
2022-10-18 07:08:34.004000+00:00,0.0,1.1835714741360697,-1.1835714741360697,1.1835714741360697
2022-10-18 07:08:39.550000+00:00,0.0,1.183620352001959,-1.183620352001959,1.183620352001959
2022-10-18 07:08:41.424000+00:00,0.0,1.1836368678910099,-1.1836368678910099,1.1836368678910099
2022-10-18 07:08:43.284000+00:00,0.0,1.1836532603956176,-1.1836532603956176,1.1836532603956176
2022-10-18 07:08:45.128000+00:00,0.0,1.1836695118894327,-1.1836695118894327,1.1836695118894327
2022-10-18 07:08:47.035000+00:00,0.0,1.1836863186132431,-1.1836863186132431,1.1836863186132431
2022-10-18 07:08:48.894000+00:00,0.0,1.183702702304676,-1.183702702304676,1.183702702304676
2022-10-18 07:08:50.805000+00:00,0.0,1.1837195442811845,-1.1837195442811845,1.1837195442811845
2022-10-18 07:08:52.756000+00:00,0.67753,1.1837367387846733,-0.5062067387846734,0.5062067387846734
2022-10-18 07:08:54.693000+00:00,3.49188,1.183753809903719,2.308126190096281,2.308126190096281
2022-10-18 07:08:56.652000+00:00,0.72965,1.1837710749126042,-0.45412107491260423,0.45412107491260423
2022-10-18 07:08:58.529000+00:00,0.46906,1.1837876172411788,-0.7147276172411787,0.7147276172411787
2022-10-18 07:09:00.472000+00:00,0.36482,1.1838047412392716,-0.8189847412392717,0.8189847412392717
2022-10-18 07:09:02.354000+00:00,1.82412,1.1838213276337188,0.6402986723662811,0.6402986723662811
2022-10-18 07:09:04.346000+00:00,5.39418,1.183838883477363,4.210341116522637,4.210341116522637
2022-10-18 07:09:06.239000+00:00,0.18241,1.1838555668167299,-1.00144556681673,1.00144556681673
2022-10-18 07:09:08.228000+00:00,0.57329,1.1838730962208506,-0.6105830962208506,0.6105830962208506
2022-10-18 07:09:10.097000+00:00,0.18241,1.183889568044029,-1.001479568044029,1.001479568044029
2022-10-18 07:09:12.021000+00:00,0.13029,1.183906524591806,-1.0536165245918059,1.0536165245918059
2022-10-18 07:09:13.972000+00:00,1.82412,1.183923719095295,0.640196280904705,0.640196280904705
2022-10-18 07:09:15.967000+00:00,0.26059,1.1839413013784628,-0.9233513013784628,0.9233513013784628
2022-10-18 07:09:17.886000+00:00,0.72965,1.1839582138603673,-0.45430821386036724,0.45430821386036724
2022-10-18 07:09:19.752000+00:00,0.15635,1.1839746592440221,-1.0276246592440221,1.0276246592440221
2022-10-18 07:09:21.691000+00:00,0.23453,1.1839917479894169,-0.9494617479894168,0.9494617479894168
2022-10-18 07:09:23.528000+00:00,0.26059,1.1840079377910104,-0.9234179377910104,0.9234179377910104
2022-10-18 07:09:25.414000+00:00,0.0,1.1840245594381555,-1.1840245594381555,1.1840245594381555
2022-10-18 07:09:27.240000+00:00,0.0,1.1840406522948297,-1.1840406522948297,1.1840406522948297
2022-10-18 07:09:29.096000+00:00,0.0,1.184057009546739,-1.184057009546739,1.184057009546739
2022-10-18 07:09:31.022000+00:00,0.0,1.184073983720865,-1.184073983720865,1.184073983720865
2022-10-18 07:09:33.003000+00:00,0.0,1.1840914426195897,-1.1840914426195897,1.1840914426195897
2022-10-18 07:09:34.924000+00:00,0.0,1.184108372727843,-1.184108372727843,1.184108372727843
2022-10-18 07:09:36.800000+00:00,0.0,1.184124906243243,-1.184124906243243,1.184124906243243
2022-10-18 07:09:38.665000+00:00,0.0,1.1841413428137235,-1.1841413428137235,1.1841413428137235
2022-10-18 07:09:44.005000+00:00,0.0,1.1841884051656615,-1.1841884051656615,1.1841884051656615
2022-10-18 07:09:45.820000+00:00,0.0,1.1842044010774158,-1.1842044010774158,1.1842044010774158
2022-10-18 07:09:47.668000+00:00,0.0,1.1842206878239292,-1.1842206878239292,1.1842206878239292
2022-10-18 07:09:49.551000+00:00,0.0,1.1842372830315508,-1.1842372830315508,1.1842372830315508
2022-10-18 07:09:51.393000+00:00,0.0,1.184253516899017,-1.184253516899017,1.184253516899017
2022-10-18 07:09:53.331000+00:00,0.443,1.1842705968312375,-0.7412705968312374,0.7412705968312374
2022-10-18 07:09:55.300000+00:00,0.57329,1.1842879499718677,-0.6109979499718677,0.6109979499718677
2022-10-18 07:09:57.222000+00:00,0.65147,1.1843048888932957,-0.5328348888932957,0.5328348888932957
2022-10-18 07:09:59.121000+00:00,4.19547,1.1843216251117097,3.0111483748882906,3.0111483748882906
2022-10-18 07:10:01.080000+00:00,0.39088,1.1843388901205947,-0.7934588901205947,0.7934588901205947
2022-10-18 07:10:03.074000+00:00,1.69382,1.184356463590588,0.509463536409412,0.509463536409412
2022-10-18 07:10:05.042000+00:00,4.97724,1.184373807918044,3.792866192081956,3.792866192081956
2022-10-18 07:10:06.963000+00:00,0.23453,1.1843907380262975,-0.9498607380262974,0.9498607380262974
2022-10-18 07:10:08.921000+00:00,1.85018,1.184407994222008,0.6657720057779919,0.6657720057779919
2022-10-18 07:10:10.879000+00:00,0.26059,1.1844252504177186,-0.9238352504177186,0.9238352504177186
2022-10-18 07:10:12.778000+00:00,0.33876,1.1844419866361326,-0.8456819866361327,0.8456819866361327
2022-10-18 07:10:14.746000+00:00,3.83065,1.1844593309635885,2.6461906690364114,2.6461906690364114
2022-10-18 07:10:16.612000+00:00,2.13682,1.1844757763472433,0.9523442236527568,0.9523442236527568
2022-10-18 07:10:18.558000+00:00,1.45929,1.1844929267848596,0.27479707321514035,0.27479707321514035
2022-10-18 07:10:20.466000+00:00,0.18241,1.1845097423218443,-1.0020997423218443,1.0020997423218443
2022-10-18 07:10:22.414000+00:00,0.13029,1.1845269103858098,-1.0542369103858098,1.0542369103858098
2022-10-18 07:10:24.324000+00:00,0.23453,1.1845437435491433,-0.9500137435491433,0.9500137435491433
2022-10-18 07:10:26.230000+00:00,0.0,1.184560541459779,-1.184560541459779,1.184560541459779
2022-10-18 07:10:28.011000+00:00,0.0,1.1845762377235993,-1.1845762377235993,1.1845762377235993
2022-10-18 07:10:29.934000+00:00,0.0,1.1845931854582021,-1.1845931854582021,1.1845931854582021
2022-10-18 07:10:31.824000+00:00,0.0,1.1846098423580451,-1.1846098423580451,1.1846098423580451
2022-10-18 07:10:33.688000+00:00,0.0,1.1846262701153512,-1.1846262701153512,1.1846262701153512
2022-10-18 07:10:35.484000+00:00,0.0,1.1846420985767891,-1.1846420985767891,1.1846420985767891
2022-10-18 07:10:37.623000+00:00,0.0,1.1846609499570881,-1.1846609499570881,1.1846609499570881
2022-10-18 07:10:39.466000+00:00,0.0,1.184677192637729,-1.184677192637729,1.184677192637729
2022-10-18 07:10:41.324000+00:00,0.0,1.1846935675159878,-1.1846935675159878,1.1846935675159878
2022-10-18 07:10:43.184000+00:00,0.0,1.1847099600205953,-1.1847099600205953,1.1847099600205953
2022-10-18 07:10:48.622000+00:00,0.0,1.1847578860636363,-1.1847578860636363,1.1847578860636363
2022-10-18 07:10:50.513000+00:00,0.0,1.1847745517766541,-1.1847745517766541,1.1847745517766541
2022-10-18 07:10:52.387000+00:00,0.57329,1.1847910676657052,-0.6115010676657052,0.6115010676657052
2022-10-18 07:10:54.327000+00:00,6.202,1.1848081652242743,5.017191834775725,5.017191834775725
2022-10-18 07:10:56.277000+00:00,0.443,1.184825350914589,-0.7418253509145889,0.7418253509145889
2022-10-18 07:10:58.196000+00:00,5.15965,1.1848422633964932,3.974807736603507,3.974807736603507
2022-10-18 07:11:00.066000+00:00,0.54724,1.1848587440328462,-0.6376187440328462,0.6376187440328462
2022-10-18 07:11:01.971000+00:00,0.99024,1.1848755331303071,-0.19463553313030713,0.19463553313030713
2022-10-18 07:11:03.972000+00:00,5.28994,1.1848931682925223,4.105046831707478,4.105046831707478
2022-10-18 07:11:05.869000+00:00,0.23453,1.184909886884587,-0.9503798868845871,0.9503798868845871
2022-10-18 07:11:07.725000+00:00,0.07818,1.1849262441364967,-1.1067462441364968,1.1067462441364968
2022-10-18 07:11:09.613000+00:00,0.59935,1.1849428834099909,-0.5855928834099908,0.5855928834099908
2022-10-18 07:11:11.500000+00:00,0.13029,1.1849595138703104,-1.0546695138703104,1.0546695138703104
2022-10-18 07:11:13.448000+00:00,1.01629,1.184976681934276,-0.16868668193427605,0.16868668193427605
2022-10-18 07:11:15.336000+00:00,0.15635,1.1849933212077703,-1.0286433212077704,1.0286433212077704
2022-10-18 07:11:17.181000+00:00,9.14665,1.1850095815147599,7.961640418485239,7.961640418485239
2022-10-18 07:11:19.065000+00:00,2.08471,1.1850261855355564,0.8996838144644435,0.8996838144644435
2022-10-18 07:11:20.885000+00:00,2.34529,1.1850422255131832,1.1602477744868167,1.1602477744868167
2022-10-18 07:11:22.831000+00:00,0.28665,1.1850593759507995,-0.8984093759507994,0.8984093759507994
2022-10-18 07:11:24.721000+00:00,0.0,1.1850760328506427,-1.1850760328506427,1.1850760328506427
2022-10-18 07:11:26.596000+00:00,0.0,1.1850925575528684,-1.1850925575528684,1.1850925575528684
2022-10-18 07:11:28.503000+00:00,0.0,1.1851093642766783,-1.1851093642766783,1.1851093642766783
2022-10-18 07:11:30.363000+00:00,0.0,1.1851257567812858,-1.1851257567812858,1.1851257567812858
2022-10-18 07:11:32.239000+00:00,0.0,1.185142290296686,-1.185142290296686,1.185142290296686
2022-10-18 07:11:34.191000+00:00,0.0,1.1851594936133494,-1.1851594936133494,1.1851594936133494
2022-10-18 07:11:36.038000+00:00,0.0,1.1851757715466884,-1.1851757715466884,1.1851757715466884
2022-10-18 07:11:37.909000+00:00,0.0,1.1851922609962158,-1.1851922609962158,1.1851922609962158
2022-10-18 07:11:39.806000+00:00,0.0,1.1852089795882805,-1.1852089795882805,1.1852089795882805
2022-10-18 07:11:41.693000+00:00,0.0,1.1852256100486005,-1.1852256100486005,1.1852256100486005
2022-10-18 07:11:43.651000+00:00,12.16947,1.185242866244311,10.98422713375569,10.98422713375569
2022-10-18 07:11:45.659000+00:00,0.26059,1.1852605630987476,-0.9246705630987476,0.9246705630987476
2022-10-18 07:11:47.597000+00:00,1.40718,1.185277643030968,0.22190235696903216,0.22190235696903216
2022-10-18 07:11:53.142000+00:00,3.49188,1.185326512083683,2.306553487916317,2.306553487916317
2022-10-18 07:11:55.035000+00:00,2.658,1.1853431954230496,1.4726568045769504,1.4726568045769504
2022-10-18 07:11:56.937000+00:00,1.19871,1.185359958080987,0.0133500419190129,0.0133500419190129
2022-10-18 07:11:58.814000+00:00,0.26059,1.1853765004095616,-0.9247865004095616,0.9247865004095616
2022-10-18 07:12:00.757000+00:00,0.15635,1.1853936244076544,-1.0290436244076544,1.0290436244076544
2022-10-18 07:12:02.761000+00:00,5.08147,1.1854112860093928,3.8960587139906075,3.8960587139906075
2022-10-18 07:12:04.752000+00:00,5.68083,1.1854288330398628,4.4954011669601375,4.4954011669601375
2022-10-18 07:12:06.670000+00:00,3.90882,1.1854457367085924,2.7233742632914075,2.7233742632914075
2022-10-18 07:12:08.557000+00:00,1.01629,1.1854623671689124,-0.16917236716891249,0.16917236716891249
2022-10-18 07:12:10.424000+00:00,0.13029,1.1854788213657415,-1.0551888213657414,1.0551888213657414
2022-10-18 07:12:12.320000+00:00,0.13029,1.185495531144632,-1.055205531144632,1.055205531144632
2022-10-18 07:12:14.189000+00:00,0.20847,1.1855120029678103,-0.9770420029678104,0.9770420029678104
2022-10-18 07:12:16.007000+00:00,0.0,1.185528025319088,-1.185528025319088,1.185528025319088
2022-10-18 07:12:17.877000+00:00,0.0,1.185544505955441,-1.185544505955441,1.185544505955441
2022-10-18 07:12:19.752000+00:00,0.0,1.1855610306576665,-1.1855610306576665,1.1855610306576665
2022-10-18 07:12:21.550000+00:00,0.0,1.1855768767454538,-1.1855768767454538,1.1855768767454538
2022-10-18 07:12:23.377000+00:00,0.0,1.1855929784153023,-1.1855929784153023,1.1855929784153023
2022-10-18 07:12:25.252000+00:00,0.0,1.185609503117528,-1.185609503117528,1.185609503117528
2022-10-18 07:12:27.071000+00:00,0.0,1.1856255342819801,-1.1856255342819801,1.1856255342819801
2022-10-18 07:12:28.924000+00:00,0.0,1.1856418650943663,-1.1856418650943663,1.1856418650943663
2022-10-18 07:12:30.741000+00:00,0.0,1.1856578786324694,-1.1856578786324694,1.1856578786324694
2022-10-18 07:12:32.589000+00:00,0.0,1.185674165378983,-1.185674165378983,1.185674165378983
2022-10-18 07:12:34.519000+00:00,0.18241,1.185691174805807,-1.003281174805807,1.003281174805807
2022-10-18 07:12:36.554000+00:00,3.72641,1.1857091096159555,2.5407008903840445,2.5407008903840445
2022-10-18 07:12:38.493000+00:00,1.25082,1.1857261983613503,0.06509380163864975,0.06509380163864975
2022-10-18 07:12:40.425000+00:00,0.07818,1.1857432254145235,-1.1075632254145236,1.1075632254145236
2022-10-18 07:12:42.368000+00:00,0.20847,1.1857603494126163,-0.9772903494126164,0.9772903494126164
2022-10-18 07:12:44.284000+00:00,3.96094,1.1857772354549971,2.7751627645450028,2.7751627645450028
2022-10-18 07:12:46.172000+00:00,2.63194,1.1857938747284915,1.4461461252715087,1.4461461252715087
2022-10-18 07:12:48.040000+00:00,1.25082,1.1858103377384954,0.06500966226150462,0.06500966226150462
2022-10-18 07:12:49.909000+00:00,0.75571,1.1858268095616735,-0.43011680956167353,0.43011680956167353
2022-10-18 07:12:51.908000+00:00,0.28665,1.1858444270975397,-0.8991944270975396,0.8991944270975396
2022-10-18 07:12:57.662000+00:00,1.40718,1.185895138103729,0.22128486189627106,0.22128486189627106
2022-10-18 07:12:59.612000+00:00,2.91859,1.1859123237940437,1.7326776762059564,1.7326776762059564
2022-10-18 07:13:01.518000+00:00,0.15635,1.185929121704679,-1.029579121704679,1.029579121704679
2022-10-18 07:13:03.445000+00:00,0.13029,1.1859461046919797,-1.0556561046919797,1.0556561046919797
2022-10-18 07:13:05.424000+00:00,0.20847,1.1859635459643552,-0.9774935459643552,0.9774935459643552
2022-10-18 07:13:07.253000+00:00,0.0,1.1859796652605528,-1.1859796652605528,1.1859796652605528
2022-10-18 07:13:09.096000+00:00,0.0,1.1859959079411935,-1.1859959079411935,1.1859959079411935
2022-10-18 07:13:10.976000+00:00,0.0,1.1860124767092917,-1.1860124767092917,1.1860124767092917
2022-10-18 07:13:12.816000+00:00,0.0,1.186028692950409,-1.186028692950409,1.186028692950409
2022-10-18 07:13:14.690000+00:00,0.0,1.18604520883946,-1.18604520883946,1.18604520883946
2022-10-18 07:13:16.550000+00:00,0.0,1.1860616013440675,-1.1860616013440675,1.1860616013440675
2022-10-18 07:13:18.300000+00:00,0.0,1.186077024399478,-1.186077024399478,1.186077024399478
2022-10-18 07:13:20.147000+00:00,0.0,1.1860933023328168,-1.1860933023328168,1.1860933023328168
2022-10-18 07:13:21.957000+00:00,0.0,1.1861092541786986,-1.1861092541786986,1.1861092541786986
2022-10-18 07:13:23.815000+00:00,0.0,1.186125629056957,-1.186125629056957,1.186125629056957
2022-10-18 07:13:25.725000+00:00,0.0,1.1861424622202907,-1.1861424622202907,1.1861424622202907
2022-10-18 07:13:27.581000+00:00,0.0,1.1861588194722004,-1.1861588194722004,1.1861588194722004
2022-10-18 07:13:29.550000+00:00,0.0,1.1861761726128308,-1.1861761726128308,1.1861761726128308
2022-10-18 07:13:31.395000+00:00,0.0,1.1861924329198206,-1.1861924329198206,1.1861924329198206
2022-10-18 07:13:33.315000+00:00,0.0,1.1862093542148995,-1.1862093542148995,1.1862093542148995
2022-10-18 07:13:35.119000+00:00,0.0,1.186225253181734,-1.186225253181734,1.186225253181734
2022-10-18 07:13:36.986000+00:00,0.0,1.1862417073785632,-1.1862417073785632,1.1862417073785632
2022-10-18 07:13:38.831000+00:00,0.0,1.1862579676855531,-1.1862579676855531,1.1862579676855531
2022-10-18 07:13:40.690000+00:00,0.0,1.1862743513769862,-1.1862743513769862,1.1862743513769862
2022-10-18 07:13:42.596000+00:00,0.0,1.186291149287622,-1.186291149287622,1.186291149287622
2022-10-18 07:13:44.456000+00:00,0.0,1.1863075417922295,-1.1863075417922295,1.1863075417922295
2022-10-18 07:13:46.299000+00:00,0.0,1.1863237844728705,-1.1863237844728705,1.1863237844728705
2022-10-18 07:13:48.205000+00:00,0.0,1.1863405823835058,-1.1863405823835058,1.1863405823835058
2022-10-18 07:13:50.026000+00:00,0.0,1.1863566311743072,-1.1863566311743072,1.1863566311743072
2022-10-18 07:13:51.893000+00:00,0.0,1.1863730853711365,-1.1863730853711365,1.1863730853711365
2022-10-18 07:13:53.800000+00:00,0.0,1.1863898920949467,-1.1863898920949467,1.1863898920949467
2022-10-18 07:13:55.647000+00:00,0.0,1.1864061700282855,-1.1864061700282855,1.1864061700282855
2022-10-18 07:13:57.472000+00:00,0.0,1.1864222540717853,-1.1864222540717853,1.1864222540717853
2022-10-18 07:14:02.906000+00:00,0.46906,1.186470144862128,-0.717410144862128,0.717410144862128
2022-10-18 07:14:04.844000+00:00,8.65153,1.1864872247943483,7.465042775205651,7.465042775205651
2022-10-18 07:14:06.774000+00:00,0.54724,1.1865042342211725,-0.6392642342211725,0.6392642342211725
2022-10-18 07:14:08.662000+00:00,2.44953,1.1865208734946666,1.2630091265053336,1.2630091265053336
2022-10-18 07:14:10.609000+00:00,0.57329,1.1865380327454575,-0.6132480327454576,0.6132480327454576
2022-10-18 07:14:12.557000+00:00,1.25082,1.1865552008094231,0.06426479919057693,0.06426479919057693
2022-10-18 07:14:14.375000+00:00,12.66459,1.1865712231607008,11.4780187768393,11.4780187768393
2022-10-18 07:14:16.360000+00:00,0.59935,1.1865887173121235,-0.5872387173121234,0.5872387173121234
2022-10-18 07:14:18.203000+00:00,0.31271,1.1866049599927644,-0.8738949599927643,0.8738949599927643
2022-10-18 07:14:20.148000+00:00,1.61565,1.186622101617206,0.429027898382794,0.429027898382794
2022-10-18 07:14:21.985000+00:00,0.26059,1.1866382914187998,-0.9260482914187999,0.9260482914187999
2022-10-18 07:14:23.942000+00:00,0.99024,1.186655538801336,-0.196415538801336,0.196415538801336
2022-10-18 07:14:25.819000+00:00,0.20847,1.1866720811299105,-0.9782020811299106,0.9782020811299106
2022-10-18 07:14:27.750000+00:00,21.18583,1.186689099369909,19.99914090063009,19.99914090063009
2022-10-18 07:14:29.655000+00:00,0.18241,1.1867058884673702,-1.0042958884673703,1.0042958884673703
2022-10-18 07:14:31.513000+00:00,5.68083,1.186722263345629,4.494107736654371,4.494107736654371
2022-10-18 07:14:33.389000+00:00,0.28665,1.1867387968610288,-0.9000887968610287,0.9000887968610287
2022-10-18 07:14:35.328000+00:00,0.0,1.1867558856064235,-1.1867558856064235,1.1867558856064235
2022-10-18 07:14:37.154000+00:00,0.0,1.1867719784630975,-1.1867719784630975,1.1867719784630975
2022-10-18 07:14:39.046000+00:00,0.0,1.1867886529892897,-1.1867886529892897,1.1867886529892897
2022-10-18 07:14:40.974000+00:00,0.0,1.1868056447897648,-1.1868056447897648,1.1868056447897648
2022-10-18 07:14:42.829000+00:00,0.0,1.1868219932285,-1.1868219932285,1.1868219932285
2022-10-18 07:14:44.704000+00:00,0.0,1.1868385179307253,-1.1868385179307253,1.1868385179307253
2022-10-18 07:14:46.579000+00:00,0.0,1.186855042632951,-1.186855042632951,1.186855042632951
2022-10-18 07:14:48.484000+00:00,0.0,1.1868718317304119,-1.1868718317304119,1.1868718317304119
2022-10-18 07:14:50.344000+00:00,0.0,1.1868882242350196,-1.1868882242350196,1.1868882242350196
2022-10-18 07:14:52.203000+00:00,0.0,1.186904607926453,-1.186904607926453,1.186904607926453
2022-10-18 07:14:54.110000+00:00,0.0,1.186921414650263,-1.186921414650263,1.186921414650263
2022-10-18 07:14:56.051000+00:00,0.33876,1.1869385210220067,-0.8481785210220067,0.8481785210220067
2022-10-18 07:14:57.964000+00:00,8.59941,1.1869553806248638,7.412454619375136,7.412454619375136
2022-10-18 07:14:59.894000+00:00,0.02606,1.186972390051688,-1.160912390051688,1.160912390051688
2022-10-18 07:15:01.721000+00:00,1.74594,1.1869884917215365,0.5589515082784635,0.5589515082784635
2022-10-18 07:15:07.621000+00:00,2.81435,1.1870404894512059,1.6273095105487942,1.6273095105487942
2022-10-18 07:15:09.611000+00:00,0.20847,1.1870580276685012,-0.9785880276685013,0.9785880276685013
2022-10-18 07:15:11.638000+00:00,2.03259,1.1870758919732538,0.8455141080267461,0.8455141080267461
2022-10-18 07:15:13.466000+00:00,0.33876,1.1870920024562768,-0.8483320024562768,0.8483320024562768
2022-10-18 07:15:15.347000+00:00,10.11083,1.1871085800375494,8.923721419962451,8.923721419962451
2022-10-18 07:15:17.301000+00:00,0.52118,1.1871258009805619,-0.6659458009805619,0.6659458009805619
2022-10-18 07:15:19.189000+00:00,0.10424,1.187142440254056,-1.0829024402540561,1.0829024402540561
2022-10-18 07:15:21.086000+00:00,4.29971,1.187159158846121,3.112550841153879,3.112550841153879
2022-10-18 07:15:23.053000+00:00,1.19871,1.1871764943604024,0.011533505639597541,0.011533505639597541
2022-10-18 07:15:25.035000+00:00,0.62541,1.1871939620723015,-0.5617839620723015,0.5617839620723015
2022-10-18 07:15:27.018000+00:00,0.18241,1.187211438597375,-1.0048014385973751,1.0048014385973751
2022-10-18 07:15:28.877000+00:00,0.0,1.1872278222888082,-1.1872278222888082,1.1872278222888082
2022-10-18 07:15:30.759000+00:00,0.0,1.1872444086832554,-1.1872444086832554,1.1872444086832554
2022-10-18 07:15:32.629000+00:00,0.0,1.1872608893196084,-1.1872608893196084,1.1872608893196084
2022-10-18 07:15:34.549000+00:00,0.0,1.187277810614687,-1.187277810614687,1.187277810614687
2022-10-18 07:15:36.425000+00:00,0.0,1.1872943441300872,-1.1872943441300872,1.1872943441300872
2022-10-18 07:15:38.292000+00:00,0.0,1.1873107983269164,-1.1873107983269164,1.1873107983269164
2022-10-18 07:15:40.190000+00:00,0.0,1.1873275257321558,-1.1873275257321558,1.1873275257321558
2022-10-18 07:15:42.112000+00:00,0.0,1.1873444646535838,-1.1873444646535838,1.1873444646535838
2022-10-18 07:15:43.924000+00:00,0.0,1.1873604341258144,-1.1873604341258144,1.1873604341258144
2022-10-18 07:15:45.866000+00:00,0.0,1.1873775493107328,-1.1873775493107328,1.1873775493107328
2022-10-18 07:15:47.768000+00:00,5.70688,1.1873943119686703,4.519485688031329,4.519485688031329
2022-10-18 07:15:49.666000+00:00,3.59612,1.1874110393739097,2.4087089606260905,2.4087089606260905
2022-10-18 07:15:51.544000+00:00,0.75571,1.1874275905156588,-0.43171759051565883,0.43171759051565883
2022-10-18 07:15:53.442000+00:00,0.02606,1.1874443179208982,-1.1613843179208982,1.1613843179208982
2022-10-18 07:15:55.400000+00:00,0.18241,1.1874615741166088,-1.0050515741166088,1.0050515741166088
2022-10-18 07:15:57.287000+00:00,4.01306,1.1874782045769283,2.825581795423072,2.825581795423072
2022-10-18 07:15:59.238000+00:00,5.36812,1.1874953990804173,4.180624600919582,4.180624600919582
2022-10-18 07:16:01.163000+00:00,0.62541,1.187512364441369,-0.562102364441369,0.562102364441369
2022-10-18 07:16:03.053000+00:00,0.75571,1.1875290213412124,-0.4318190213412124,0.4318190213412124
2022-10-18 07:16:04.930000+00:00,0.20847,1.187545563669787,-0.979075563669787,0.979075563669787
2022-10-18 07:16:06.828000+00:00,0.31271,1.1875622910750263,-0.8748522910750263,0.8748522910750263
2022-10-18 07:16:12.769000+00:00,2.73618,1.187614650144851,1.548565349855149,1.548565349855149
2022-10-18 07:16:14.648000+00:00,0.10424,1.1876312100997746,-1.0833912100997747,1.0833912100997747
2022-10-18 07:16:16.455000+00:00,0.13029,1.1876471355061327,-1.0573571355061326,1.0573571355061326
2022-10-18 07:16:18.283000+00:00,0.23453,1.1876632459891558,-0.9531332459891558,0.9531332459891558
2022-10-18 07:16:20.161000+00:00,0.0,1.1876797971309048,-1.1876797971309048,1.1876797971309048
2022-10-18 07:16:22.049000+00:00,0.0,1.187696436404399,-1.187696436404399,1.187696436404399
2022-10-18 07:16:24.096000+00:00,0.0,1.187714476972642,-1.187714476972642,1.187714476972642
2022-10-18 07:16:26.022000+00:00,0.0,1.1877314511467678,-1.1877314511467678,1.1877314511467678
2022-10-18 07:16:27.915000+00:00,0.0,1.1877481344861347,-1.1877481344861347,1.1877481344861347
2022-10-18 07:16:29.753000+00:00,0.0,1.187764333100903,-1.187764333100903,1.187764333100903
2022-10-18 07:16:31.613000+00:00,0.0,1.1877807256055104,-1.1877807256055104,1.1877807256055104
2022-10-18 07:16:33.471000+00:00,0.0,1.187797100483769,-1.187797100483769,1.187797100483769
2022-10-18 07:16:35.284000+00:00,0.0,1.1878130787691745,-1.1878130787691745,1.1878130787691745
2022-10-18 07:16:37.221000+00:00,0.46906,1.18783014988822,-0.71877014988822,0.71877014988822
2022-10-18 07:16:39.113000+00:00,7.11406,1.1878468244144123,5.926213175585588,5.926213175585588
2022-10-18 07:16:41.070000+00:00,2.00653,1.1878640717969486,0.8186659282030515,0.8186659282030515
2022-10-18 07:16:42.995000+00:00,1.90229,1.1878810371579,0.7144089628421,0.7144089628421
2022-10-18 07:16:44.924000+00:00,0.41694,1.1878980377715496,-0.7709580377715496,0.7709580377715496
2022-10-18 07:16:46.779000+00:00,2.13682,1.1879143862102848,0.9489056137897154,0.9489056137897154
2022-10-18 07:16:48.691000+00:00,3.07494,1.1879312369999675,1.8870087630000323,1.8870087630000323
2022-10-18 07:16:50.553000+00:00,0.54724,1.187947647130924,-0.6407076471309241,0.6407076471309241
2022-10-18 07:16:52.425000+00:00,0.33876,1.187964145393626,-0.8492041453936261,0.8492041453936261
2022-10-18 07:16:54.340000+00:00,3.04888,1.1879810226228322,1.8608989773771678,1.8608989773771678
2022-10-18 07:16:56.349000+00:00,1.35506,1.1879987282904434,0.16706127170955654,0.16706127170955654
2022-10-18 07:16:58.347000+00:00,1.48535,1.188016337013135,0.29733366298686503,0.29733366298686503
2022-10-18 07:17:00.207000+00:00,0.20847,1.1880327295177424,-0.9795627295177425,0.9795627295177425
2022-10-18 07:17:02.147000+00:00,21.55065,1.1880498270763118,20.36260017292369,20.36260017292369
2022-10-18 07:17:04.086000+00:00,2.08471,1.1880669158217065,0.8966430841782933,0.8966430841782933
2022-10-18 07:17:05.902000+00:00,2.60588,1.1880829205466354,1.4177970794533645,1.4177970794533645
2022-10-18 07:17:07.809000+00:00,0.31271,1.1880997272704454,-0.8753897272704454,0.8753897272704454
2022-10-18 07:17:09.691000+00:00,0.0,1.1881163136648927,-1.1881163136648927,1.1881163136648927
2022-10-18 07:17:11.582000+00:00,0.0,1.1881329793779103,-1.1881329793779103,1.1881329793779103
2022-10-18 07:17:17.238000+00:00,0.0,1.1881828266929968,-1.1881828266929968,1.1881828266929968
2022-10-18 07:17:19.085000+00:00,0.0,1.1881991046263358,-1.1881991046263358,1.1881991046263358
2022-10-18 07:17:20.960000+00:00,0.0,1.1882156293285613,-1.1882156293285613,1.1882156293285613
2022-10-18 07:17:22.817000+00:00,0.0,1.1882319953936453,-1.1882319953936453,1.1882319953936453
2022-10-18 07:17:24.632000+00:00,0.0,1.1882479913053996,-1.1882479913053996,1.1882479913053996
2022-10-18 07:17:26.519000+00:00,0.0,1.1882646217657191,-1.1882646217657191,1.1882646217657191
2022-10-18 07:17:28.503000+00:00,0.0,1.1882821071039675,-1.1882821071039675,1.1882821071039675
2022-10-18 07:17:30.364000+00:00,0.0,1.1882985084217497,-1.1882985084217497,1.1882985084217497
2022-10-18 07:17:32.150000+00:00,0.0,1.1883142487514429,-1.1883142487514429,1.1883142487514429
2022-10-18 07:17:33.956000+00:00,0.0,1.1883301653446263,-1.1883301653446263,1.1883301653446263
2022-10-18 07:17:35.824000+00:00,0.0,1.1883466283546302,-1.1883466283546302,1.1883466283546302
2022-10-18 07:17:37.722000+00:00,0.0,1.1883633557598696,-1.1883633557598696,1.1883633557598696
2022-10-18 07:17:39.520000+00:00,0.0,1.188379201847657,-1.188379201847657,1.188379201847657
2022-10-18 07:17:41.457000+00:00,0.0,1.1883962729667028,-1.1883962729667028,1.1883962729667028
2022-10-18 07:17:43.333000+00:00,0.0,1.1884128064821027,-1.1884128064821027,1.1884128064821027
2022-10-18 07:17:45.149000+00:00,0.0,1.1884288112070314,-1.1884288112070314,1.1884288112070314
2022-10-18 07:17:47.076000+00:00,0.0,1.1884457941943318,-1.1884457941943318,1.1884457941943318
2022-10-18 07:17:48.957000+00:00,0.0,1.1884623717756047,-1.1884623717756047,1.1884623717756047
2022-10-18 07:17:50.836000+00:00,0.0,1.1884789317305282,-1.1884789317305282,1.1884789317305282
2022-10-18 07:17:52.691000+00:00,0.0,1.1884952801692632,-1.1884952801692632,1.1884952801692632
2022-10-18 07:17:54.597000+00:00,0.0,1.1885120780798988,-1.1885120780798988,1.1885120780798988
2022-10-18 07:17:56.456000+00:00,0.0,1.188528461771332,-1.188528461771332,1.188528461771332
2022-10-18 07:17:58.363000+00:00,0.0,1.188545268495142,-1.188545268495142,1.188545268495142
2022-10-18 07:18:00.285000+00:00,0.67753,1.1885622074165698,-0.5110322074165699,0.5110322074165699
2022-10-18 07:18:02.183000+00:00,9.8763,1.1885789348218094,8.687721065178192,8.687721065178192
2022-10-18 07:18:04.061000+00:00,0.65147,1.1885954859635584,-0.5371254859635584,0.5371254859635584
2022-10-18 07:18:05.960000+00:00,0.78176,1.1886122221819724,-0.40685222218197237,0.40685222218197237
2022-10-18 07:18:07.866000+00:00,0.49512,1.188629020092608,-0.693509020092608,0.693509020092608
2022-10-18 07:18:09.785000+00:00,2.37135,1.1886459325745125,1.1827040674254876,1.1827040674254876
2022-10-18 07:18:11.691000+00:00,5.81112,1.1886627304851478,4.622457269514852,4.622457269514852
2022-10-18 07:18:13.658000+00:00,0.28665,1.1886800659994292,-0.9020300659994291,0.9020300659994291
2022-10-18 07:18:15.536000+00:00,0.33876,1.1886966171411784,-0.8499366171411784,0.8499366171411784
2022-10-18 07:18:21.928000+00:00,6.80135,1.1887529509527117,5.612597049047288,5.612597049047288
2022-10-18 07:18:23.956000+00:00,2.73618,1.1887708240706387,1.5474091759293613,1.5474091759293613
2022-10-18 07:18:25.773000+00:00,0.78176,1.188786837608742,-0.40702683760874203,0.40702683760874203
2022-10-18 07:18:27.650000+00:00,0.18241,1.1888033799373166,-1.0063933799373166,1.0063933799373166
2022-10-18 07:18:29.597000+00:00,0.10424,1.1888205391881075,-1.0845805391881074,1.0845805391881074
2022-10-18 07:18:31.413000+00:00,0.18241,1.1888365439130362,-1.0064265439130362,1.0064265439130362
2022-10-18 07:18:33.253000+00:00,0.0,1.1888527601541534,-1.1888527601541534,1.1888527601541534
2022-10-18 07:18:35.066000+00:00,0.0,1.1888687384395586,-1.1888687384395586,1.1888687384395586
2022-10-18 07:18:36.926000+00:00,0.0,1.1888851309441664,-1.1888851309441664,1.1888851309441664
2022-10-18 07:18:38.847000+00:00,0.0,1.1889020610524197,-1.1889020610524197,1.1889020610524197
2022-10-18 07:18:40.707000+00:00,0.0,1.1889184535570274,-1.1889184535570274,1.1889184535570274
2022-10-18 07:18:42.566000+00:00,0.0,1.1889348372484605,-1.1889348372484605,1.1889348372484605
2022-10-18 07:18:44.442000+00:00,0.0,1.1889513707638606,-1.1889513707638606,1.1889513707638606
2022-10-18 07:18:46.300000+00:00,0.0,1.188967745642119,-1.188967745642119,1.188967745642119
2022-10-18 07:18:48.155000+00:00,0.0,1.1889840940808543,-1.1889840940808543,1.1889840940808543
2022-10-18 07:18:50.081000+00:00,0.0,1.18900106825498,-1.18900106825498,1.18900106825498
2022-10-18 07:18:52.004000+00:00,0.02606,1.1890180159895825,-1.1629580159895825,1.1629580159895825
2022-10-18 07:18:53.817000+00:00,0.78176,1.189033994274988,-0.4072739942749879,0.4072739942749879
2022-10-18 07:18:55.775000+00:00,0.59935,1.1890512504706985,-0.5897012504706984,0.5897012504706984
2022-10-18 07:18:57.707000+00:00,0.72965,1.1890682775238717,-0.45941827752387165,0.45941827752387165
2022-10-18 07:18:59.631000+00:00,0.33876,1.1890852340716487,-0.8503252340716487,0.8503252340716487
2022-10-18 07:19:01.602000+00:00,1.772,1.189102604838628,0.5828973951613721,0.5828973951613721
2022-10-18 07:19:03.503000+00:00,4.97724,1.1891193586833908,3.7881206413166093,3.7881206413166093
2022-10-18 07:19:05.441000+00:00,0.33876,1.1891364386156114,-0.8503764386156114,0.8503764386156114
2022-10-18 07:19:07.356000+00:00,0.96418,1.1891533158448175,-0.2249733158448175,0.2249733158448175
2022-10-18 07:19:09.351000+00:00,0.28665,1.1891708981279854,-0.9025208981279853,0.9025208981279853
2022-10-18 07:19:11.362000+00:00,0.28665,1.1891886214219456,-0.9025386214219455,0.9025386214219455
2022-10-18 07:19:13.284000+00:00,4.873,1.1892055603433733,3.683794439656627,3.683794439656627
2022-10-18 07:19:15.158000+00:00,1.25082,1.1892220762324244,0.06159792376757567,0.06159792376757567
2022-10-18 07:19:17.127000+00:00,1.48535,1.1892394293730548,0.2961105706269451,0.2961105706269451
2022-10-18 07:19:19.012000+00:00,0.31271,1.1892560422070255,-0.8765460422070255,0.8765460422070255
2022-10-18 07:19:21.001000+00:00,0.15635,1.1892735716111462,-1.0329235716111462,1.0329235716111462
2022-10-18 07:19:26.440000+00:00,0.0,1.189321506467362,-1.189321506467362,1.189321506467362
2022-10-18 07:19:28.292000+00:00,0.0,1.1893378284665732,-1.1893378284665732,1.1893378284665732
2022-10-18 07:19:30.190000+00:00,0.0,1.1893545558718128,-1.1893545558718128,1.1893545558718128
2022-10-18 07:19:32.018000+00:00,0.0,1.1893706663548358,-1.1893706663548358,1.1893706663548358
2022-10-18 07:19:33.863000+00:00,0.0,1.1893869266618258,-1.1893869266618258,1.1893869266618258
2022-10-18 07:19:35.773000+00:00,0.0,1.1894037598251592,-1.1894037598251592,1.1894037598251592
2022-10-18 07:19:37.667000+00:00,0.0,1.1894204519777007,-1.1894204519777007,1.1894204519777007
2022-10-18 07:19:39.534000+00:00,0.0,1.18943690617453,-1.18943690617453,1.18943690617453
2022-10-18 07:19:41.459000+00:00,0.39088,1.1894538715354814,-0.7985738715354814,0.7985738715354814
2022-10-18 07:19:43.379000+00:00,10.91865,1.1894707928305603,9.72917920716944,9.72917920716944
2022-10-18 07:19:45.347000+00:00,1.19871,1.1894881371580164,0.009221862841983564,0.009221862841983564
2022-10-18 07:19:47.269000+00:00,0.36482,1.1895050760794441,-0.8246850760794442,0.8246850760794442
2022-10-18 07:19:49.253000+00:00,0.57329,1.189522561417692,-0.6162325614176921,0.6162325614176921
2022-10-18 07:19:51.143000+00:00,2.08471,1.1895392183175355,0.8951707816824643,0.8951707816824643
2022-10-18 07:19:53.036000+00:00,0.36482,1.1895559016569024,-0.8247359016569025,0.8247359016569025
2022-10-18 07:19:54.914000+00:00,0.443,1.1895724527986515,-0.7465724527986515,0.7465724527986515
2022-10-18 07:19:56.830000+00:00,0.28665,1.1895893388410324,-0.9029393388410323,0.9029393388410323
2022-10-18 07:19:58.760000+00:00,0.28665,1.1896063482678563,-0.9029563482678562,0.9029563482678562
2022-10-18 07:20:00.690000+00:00,0.26059,1.1896233576946802,-0.9290333576946802,0.9290333576946802
2022-10-18 07:20:02.584000+00:00,0.18241,1.1896400498472217,-1.0072300498472218,1.0072300498472218
2022-10-18 07:20:04.491000+00:00,0.28665,1.1896568565710317,-0.9030068565710316,0.9030068565710316
2022-10-18 07:20:06.388000+00:00,9.35512,1.1896735751630967,8.165446424836903,8.165446424836903
2022-10-18 07:20:08.330000+00:00,4.66453,1.189690690348015,3.474839309651985,3.474839309651985
2022-10-18 07:20:10.275000+00:00,4.27365,1.189707831972457,3.083942168027543,3.083942168027543
2022-10-18 07:20:12.131000+00:00,0.28665,1.1897241892243664,-0.9030741892243663,0.9030741892243663
2022-10-18 07:20:14.018000+00:00,0.0,1.1897408196846861,-1.1897408196846861,1.1897408196846861
2022-10-18 07:20:15.881000+00:00,0.0,1.1897572386288173,-1.1897572386288173,1.1897572386288173
2022-10-18 07:20:17.783000+00:00,0.0,1.189774001286755,-1.189774001286755,1.189774001286755
2022-10-18 07:20:19.637000+00:00,0.0,1.1897903409123156,-1.1897903409123156,1.1897903409123156
2022-10-18 07:20:21.518000+00:00,0.0,1.189806918493588,-1.189806918493588,1.189806918493588
2022-10-18 07:20:23.408000+00:00,0.0,1.1898235753934314,-1.1898235753934314,1.1898235753934314
2022-10-18 07:20:25.283000+00:00,0.0,1.1898401000956569,-1.1898401000956569,1.1898401000956569
2022-10-18 07:20:30.851000+00:00,0.0,1.1898891718513855,-1.1898891718513855,1.1898891718513855
2022-10-18 07:20:32.768000+00:00,0.0,1.1899060667069408,-1.1899060667069408,1.1899060667069408
2022-10-18 07:20:34.654000+00:00,0.49512,1.189922688354086,-0.6948026883540861,0.6948026883540861
2022-10-18 07:20:36.652000+00:00,4.76877,1.1899402970767774,3.5788297029232226,3.5788297029232226
2022-10-18 07:20:38.510000+00:00,4.58635,1.189956671955036,3.3963933280449643,3.3963933280449643
2022-10-18 07:20:40.425000+00:00,0.46906,1.1899735491842423,-0.7209135491842422,0.7209135491842422
2022-10-18 07:20:42.315000+00:00,9.53753,1.1899902060840857,8.347539793915914,8.347539793915914
2022-10-18 07:20:44.269000+00:00,15.505,1.1900074270270982,14.314992572972903,14.314992572972903
2022-10-18 07:20:46.206000+00:00,4.74271,1.190024498146144,3.5526855018538557,3.5526855018538557
2022-10-18 07:20:48.117000+00:00,2.31924,1.1900413401226522,1.129198659877348,1.129198659877348
2022-10-18 07:20:49.999000+00:00,0.52118,1.1900579265170994,-0.6688779265170994,0.6688779265170994
2022-10-18 07:20:51.975000+00:00,0.36482,1.1900753413499512,-0.8252553413499513,0.8252553413499513
2022-10-18 07:20:53.843000+00:00,1.772,1.190091804359955,0.5819081956400449,0.5819081956400449
2022-10-18 07:20:55.709000+00:00,0.41694,1.1901082497436097,-0.7731682497436098,0.7731682497436098
2022-10-18 07:20:57.639000+00:00,1.45929,1.190125259170434,0.2691647408295659,0.2691647408295659
2022-10-18 07:20:59.518000+00:00,2.24106,1.1901418191253574,1.0509181808746426,1.0509181808746426
2022-10-18 07:21:01.456000+00:00,0.59935,1.1901588990575778,-0.5908088990575777,0.5908088990575777
2022-10-18 07:21:03.387000+00:00,1.98047,1.1901759172975763,0.7902940827024236,0.7902940827024236
2022-10-18 07:21:05.230000+00:00,2.71012,1.190192159978217,1.5199278400217828,1.5199278400217828
2022-10-18 07:21:07.139000+00:00,0.23453,1.1902089843283763,-0.9556789843283763,0.9556789843283763
2022-10-18 07:21:08.984000+00:00,0.0,1.190225244635366,-1.190225244635366,1.190225244635366
2022-10-18 07:21:10.860000+00:00,0.0,1.1902417781507661,-1.1902417781507661,1.1902417781507661
2022-10-18 07:21:12.777000+00:00,0.0,1.1902586730063214,-1.1902586730063214,1.1902586730063214
2022-10-18 07:21:14.606000+00:00,0.0,1.190274792302519,-1.190274792302519,1.190274792302519
2022-10-18 07:21:16.482000+00:00,0.0,1.190291325817919,-1.190291325817919,1.190291325817919
2022-10-18 07:21:18.402000+00:00,0.0,1.190308247112998,-1.190308247112998,1.190308247112998
2022-10-18 07:21:20.245000+00:00,0.0,1.1903244897936387,-1.1903244897936387,1.1903244897936387
2022-10-18 07:21:22.144000+00:00,0.0,1.1903412260120527,-1.1903412260120527,1.1903412260120527
2022-10-18 07:21:24.105000+00:00,0.0,1.1903585086472868,-1.1903585086472868,1.1903585086472868
2022-10-18 07:21:25.917000+00:00,0.13029,1.1903744781195176,-1.0600844781195176,1.0600844781195176
2022-10-18 07:21:27.824000+00:00,2.50165,1.1903912848433276,1.3112587151566726,1.3112587151566726
2022-10-18 07:21:29.731000+00:00,0.78176,1.1904080915671376,-0.40864809156713755,0.40864809156713755
2022-10-18 07:21:35.377000+00:00,1.14659,1.190457850750479,-0.043867850750479054,0.043867850750479054
2022-10-18 07:21:37.340000+00:00,4.58635,1.1904751510120621,3.3958748489879382,3.3958748489879382
2022-10-18 07:21:39.294000+00:00,0.20847,1.1904923719550748,-0.9820223719550749,0.9820223719550749
2022-10-18 07:21:41.202000+00:00,0.59935,1.1905091874920595,-0.5911591874920594,0.5911591874920594
2022-10-18 07:21:43.200000+00:00,0.18241,1.1905267962147508,-1.0081167962147508,1.0081167962147508
2022-10-18 07:21:45.231000+00:00,0.46906,1.1905446957722017,-0.7214846957722016,0.7214846957722016
2022-10-18 07:21:47.115000+00:00,3.07494,1.1905612997929977,1.884378700207002,1.884378700207002
2022-10-18 07:21:48.972000+00:00,0.83388,1.1905776658580818,-0.3566976658580818,0.3566976658580818
2022-10-18 07:21:50.905000+00:00,2.89253,1.1905947017244294,1.7019352982755704,1.7019352982755704
2022-10-18 07:21:52.839000+00:00,0.23453,1.1906117464039516,-0.9560817464039516,0.9560817464039516
2022-10-18 07:21:54.736000+00:00,0.15635,1.1906284649960166,-1.0342784649960166,1.0342784649960166
2022-10-18 07:21:56.715000+00:00,0.26059,1.190645906268392,-0.9300559062683921,0.9300559062683921
2022-10-18 07:21:58.570000+00:00,0.0,1.190662254707127,-1.190662254707127,1.190662254707127
2022-10-18 07:22:00.426000+00:00,0.0,1.190678611959037,-1.190678611959037,1.190678611959037
2022-10-18 07:22:02.362000+00:00,0.0,1.190695674264908,-1.190695674264908,1.190695674264908
2022-10-18 07:22:04.253000+00:00,0.0,1.1907123399779258,-1.1907123399779258,1.1907123399779258
2022-10-18 07:22:06.166000+00:00,0.0,1.190729199580783,-1.190729199580783,1.190729199580783
2022-10-18 07:22:08.003000+00:00,0.0,1.1907453893823767,-1.1907453893823767,1.1907453893823767
2022-10-18 07:22:09.863000+00:00,0.0,1.1907617818869842,-1.1907617818869842,1.1907617818869842
2022-10-18 07:22:11.768000+00:00,0.0,1.1907785709844454,-1.1907785709844454,1.1907785709844454
2022-10-18 07:22:13.674000+00:00,0.0,1.1907953688950808,-1.1907953688950808,1.1907953688950808
2022-10-18 07:22:15.612000+00:00,0.31271,1.1908124488273013,-0.8781024488273013,0.8781024488273013
2022-10-18 07:22:17.448000+00:00,8.78183,1.1908286298157202,7.591001370184279,7.591001370184279
2022-10-18 07:22:19.347000+00:00,0.46906,1.1908453660341345,-0.7217853660341345,0.7217853660341345
2022-10-18 07:22:21.253000+00:00,8.26065,1.1908621639447698,7.06978783605523,7.06978783605523
2022-10-18 07:22:23.236000+00:00,0.54724,1.1908796404698436,-0.6436396404698437,0.6436396404698437
2022-10-18 07:22:25.129000+00:00,3.17918,1.1908963238092105,1.9882836761907896,1.9882836761907896
2022-10-18 07:22:27.037000+00:00,6.04565,1.190913139346195,4.854736860653805,4.854736860653805
2022-10-18 07:22:28.909000+00:00,0.31271,1.190929637608897,-0.8782196376088969,0.8782196376088969
2022-10-18 07:22:30.832000+00:00,0.26059,1.1909465853434993,-0.9303565853434993,0.9303565853434993
2022-10-18 07:22:32.659000+00:00,0.443,1.1909626870133478,-0.7479626870133478,0.7479626870133478
2022-10-18 07:22:34.536000+00:00,0.36482,1.1909792293419224,-0.8261592293419224,0.8261592293419224
2022-10-18 07:22:40.069000+00:00,8.75577,1.1910279926365428,7.564742007363457,7.564742007363457
2022-10-18 07:22:41.987000+00:00,3.51794,1.1910448963052729,2.326895103694727,2.326895103694727
2022-10-18 07:22:43.885000+00:00,4.82088,1.191061623710512,3.629818376289488,3.629818376289488
2022-10-18 07:22:45.872000+00:00,0.28665,1.191079135488284,-0.9044291354882839,0.9044291354882839
2022-10-18 07:22:47.800000+00:00,0.0,1.191096127288759,-1.191096127288759,1.191096127288759
2022-10-18 07:22:49.721000+00:00,0.0,1.1911130573970123,-1.1911130573970123,1.1911130573970123
2022-10-18 07:22:51.612000+00:00,0.0,1.1911297231100302,-1.1911297231100302,1.1911297231100302
2022-10-18 07:22:53.395000+00:00,0.0,1.1911454370001997,-1.1911454370001997,1.1911454370001997
2022-10-18 07:22:55.315000+00:00,0.0,1.1911623582952786,-1.1911623582952786,1.1911623582952786
2022-10-18 07:22:57.190000+00:00,0.0,1.191178882997504,-1.191178882997504,1.191178882997504
2022-10-18 07:22:59.065000+00:00,0.0,1.1911954076997295,-1.1911954076997295,1.1911954076997295
2022-10-18 07:23:00.930000+00:00,0.0,1.1912118442702098,-1.1912118442702098,1.1912118442702098
2022-10-18 07:23:02.815000+00:00,0.0,1.1912284571041805,-1.1912284571041805,1.1912284571041805
2022-10-18 07:23:04.738000+00:00,0.0,1.1912454048387828,-1.1912454048387828,1.1912454048387828
2022-10-18 07:23:06.612000+00:00,0.0,1.1912619207278339,-1.1912619207278339,1.1912619207278339
2022-10-18 07:23:08.534000+00:00,0.0,1.1912788596492616,-1.1912788596492616,1.1912788596492616
2022-10-18 07:23:10.353000+00:00,0.0,1.191294890813714,-1.191294890813714,1.191294890813714
2022-10-18 07:23:12.236000+00:00,0.0,1.1913114860213359,-1.1913114860213359,1.1913114860213359
2022-10-18 07:23:14.147000+00:00,0.0,1.191328327997844,-1.191328327997844,1.191328327997844
2022-10-18 07:23:15.977000+00:00,0.0,1.191344456107216,-1.191344456107216,1.191344456107216
2022-10-18 07:23:17.862000+00:00,0.0,1.1913610689411867,-1.1913610689411867,1.1913610689411867
2022-10-18 07:23:19.746000+00:00,0.0,1.1913776729619827,-1.1913776729619827,1.1913776729619827
2022-10-18 07:23:21.584000+00:00,0.0,1.191393871576751,-1.191393871576751,1.191393871576751
2022-10-18 07:23:23.455000+00:00,0.0,1.1914103610262783,-1.1914103610262783,1.1914103610262783
2022-10-18 07:23:25.331000+00:00,0.0,1.1914268945416784,-1.1914268945416784,1.1914268945416784
2022-10-18 07:23:27.194000+00:00,0.0,1.1914433134858096,-1.1914433134858096,1.1914433134858096
2022-10-18 07:23:29.128000+00:00,7.2183,1.1914603581653318,6.026839641834668,6.026839641834668
2022-10-18 07:23:31.041000+00:00,0.96418,1.191477217768189,-0.2272972177681889,0.2272972177681889
2022-10-18 07:23:32.930000+00:00,1.329,1.1914938658548577,0.13750613414514223,0.13750613414514223
2022-10-18 07:23:34.866000+00:00,0.0,1.1915109281607288,-1.1915109281607288,1.1915109281607288
2022-10-18 07:23:36.754000+00:00,2.78829,1.191527567434223,1.596762432565777,1.596762432565777
2022-10-18 07:23:38.611000+00:00,3.23129,1.1915439334993072,2.039746066500693,2.039746066500693
2022-10-18 07:23:44.668000+00:00,0.39088,1.1915973148973764,-0.8007173148973764,0.8007173148973764
2022-10-18 07:23:46.546000+00:00,0.96418,1.1916138660391253,-0.2274338660391253,0.2274338660391253
2022-10-18 07:23:48.533000+00:00,0.31271,1.1916313778168972,-0.8789213778168972,0.8789213778168972
2022-10-18 07:23:50.461000+00:00,1.56353,1.191648369617372,0.371881630382628,0.371881630382628
2022-10-18 07:23:52.409000+00:00,2.47559,1.1916655376813376,1.2839244623186623,1.2839244623186623
2022-10-18 07:23:54.300000+00:00,0.54724,1.1916822033943553,-0.6444422033943553,0.6444422033943553
2022-10-18 07:23:56.191000+00:00,1.329,1.1916988691073733,0.13730113089262663,0.13730113089262663
2022-10-18 07:23:58.139000+00:00,4.06518,1.1917160371713387,2.8734639628286613,2.8734639628286613
2022-10-18 07:24:00.033000+00:00,0.28665,1.19173272932388,-0.9050827293238799,0.9050827293238799
2022-10-18 07:24:01.910000+00:00,0.0,1.1917492716524545,-1.1917492716524545,1.1917492716524545
2022-10-18 07:24:03.799000+00:00,0.0,1.1917659197391233,-1.1917659197391233,1.1917659197391233
2022-10-18 07:24:05.673000+00:00,0.0,1.1917824356281743,-1.1917824356281743,1.1917824356281743
2022-10-18 07:24:07.550000+00:00,0.0,1.1917989779567486,-1.1917989779567486,1.1917989779567486
2022-10-18 07:24:09.471000+00:00,0.0,1.191815908065002,-1.191815908065002,1.191815908065002
2022-10-18 07:24:11.347000+00:00,0.0,1.1918324415804022,-1.1918324415804022,1.1918324415804022
2022-10-18 07:24:13.190000+00:00,0.0,1.1918486842610427,-1.1918486842610427,1.1918486842610427
2022-10-18 07:24:15.097000+00:00,0.0,1.1918654909848532,-1.1918654909848532,1.1918654909848532
2022-10-18 07:24:17.019000+00:00,0.0,1.191882429906281,-1.191882429906281,1.191882429906281
2022-10-18 07:24:19.005000+00:00,0.443,1.1918999328708781,-0.7488999328708781,0.7488999328708781
2022-10-18 07:24:20.944000+00:00,10.05871,1.1919170216162729,8.866792978383726,8.866792978383726
2022-10-18 07:24:22.932000+00:00,0.59935,1.191934542207219,-0.5925845422072189,0.5925845422072189
2022-10-18 07:24:24.809000+00:00,1.329,1.1919510845357937,0.13704891546420628,0.13704891546420628
2022-10-18 07:24:26.727000+00:00,0.36482,1.1919679882045235,-0.8271479882045236,0.8271479882045236
2022-10-18 07:24:28.707000+00:00,0.05212,1.1919854382900736,-1.1398654382900737,1.1398654382900737
2022-10-18 07:24:30.689000+00:00,4.76877,1.1920029060019726,3.5767670939980274,3.5767670939980274
2022-10-18 07:24:32.534000+00:00,0.13029,1.1920191663089625,-1.0617291663089625,1.0617291663089625
2022-10-18 07:24:34.448000+00:00,0.31271,1.1920360347249943,-0.8793260347249943,0.8793260347249943
2022-10-18 07:24:36.355000+00:00,0.23453,1.1920528414488043,-0.9575228414488043,0.9575228414488043
2022-10-18 07:24:38.253000+00:00,0.31271,1.192069568854044,-0.8793595688540439,0.8793595688540439
2022-10-18 07:24:40.252000+00:00,1.53747,1.1920871863899098,0.34538281361009004,0.34538281361009004
2022-10-18 07:24:42.208000+00:00,0.05212,1.1921044249592714,-1.1399844249592714,1.1399844249592714
2022-10-18 07:24:44.114000+00:00,0.99024,1.192121222869907,-0.20188122286990695,0.20188122286990695
2022-10-18 07:24:49.568000+00:00,0.26059,1.1921692899237404,-0.9315792899237404,0.9315792899237404
2022-10-18 07:24:51.415000+00:00,0.0,1.1921855678570794,-1.1921855678570794,1.1921855678570794
2022-10-18 07:24:53.284000+00:00,0.0,1.1922020396802577,-1.1922020396802577,1.1922020396802577
2022-10-18 07:24:55.149000+00:00,0.0,1.192218476250738,-1.192218476250738,1.192218476250738
2022-10-18 07:24:57.082000+00:00,0.0,1.1922355121170858,-1.1922355121170858,1.1922355121170858
2022-10-18 07:24:58.940000+00:00,0.0,1.192251886995344,-1.192251886995344,1.192251886995344
2022-10-18 07:25:00.883000+00:00,0.0,1.1922690109934369,-1.1922690109934369,1.1922690109934369
2022-10-18 07:25:02.729000+00:00,0.0,1.1922852801136015,-1.1922852801136015,1.1922852801136015
2022-10-18 07:25:04.637000+00:00,0.0,1.1923020956505859,-1.1923020956505859,1.1923020956505859
2022-10-18 07:25:06.502000+00:00,0.0,1.1923185322210663,-1.1923185322210663,1.1923185322210663
2022-10-18 07:25:08.440000+00:00,0.15635,1.1923356121532867,-1.0359856121532867,1.0359856121532867
2022-10-18 07:25:10.378000+00:00,13.08153,1.1923526920855068,11.889177307914494,11.889177307914494
2022-10-18 07:25:12.356000+00:00,1.69382,1.1923701245447078,0.5014498754552923,0.5014498754552923
2022-10-18 07:25:14.378000+00:00,0.18241,1.1923879447835877,-1.0099779447835877,1.0099779447835877
2022-10-18 07:25:16.269000+00:00,0.46906,1.1924046104966055,-0.7233446104966055,0.7233446104966055
2022-10-18 07:25:18.213000+00:00,1.06841,1.192421743307873,-0.1240117433078729,0.1240117433078729
2022-10-18 07:25:20.161000+00:00,10.78836,1.1924389113718386,9.595921088628163,9.595921088628163
2022-10-18 07:25:22.091000+00:00,0.39088,1.1924559207986625,-0.8015759207986625,0.8015759207986625
2022-10-18 07:25:23.999000+00:00,0.28665,1.192472736335647,-0.905822736335647,0.905822736335647
2022-10-18 07:25:25.898000+00:00,0.0,1.192489472554061,-1.192489472554061,1.192489472554061
2022-10-18 07:25:27.794000+00:00,0.02606,1.1925061823329515,-1.1664461823329515,1.1664461823329515
2022-10-18 07:25:29.792000+00:00,0.70359,1.1925237910556428,-0.4889337910556427,0.4889337910556427
2022-10-18 07:25:31.638000+00:00,0.15635,1.1925400601758072,-1.0361900601758072,1.0361900601758072
2022-10-18 07:25:33.606000+00:00,7.58312,1.1925574045032632,6.390562595496737,6.390562595496737
2022-10-18 07:25:35.622000+00:00,0.10424,1.192575171863096,-1.088335171863096,1.088335171863096
2022-10-18 07:25:37.581000+00:00,0.23453,1.1925924368719811,-0.9580624368719811,0.9580624368719811
2022-10-18 07:25:39.471000+00:00,0.26059,1.1926090937718243,-0.9320190937718243,0.9320190937718243
2022-10-18 07:25:41.346000+00:00,0.0,1.1926256184740498,-1.1926256184740498,1.1926256184740498
2022-10-18 07:25:43.238000+00:00,0.0,1.192642293000242,-1.192642293000242,1.192642293000242
2022-10-18 07:25:45.165000+00:00,0.0,1.1926592759875425,-1.1926592759875425,1.1926592759875425
2022-10-18 07:25:47.065000+00:00,0.0,1.192676021019131,-1.192676021019131,1.192676021019131
2022-10-18 07:25:49.003000+00:00,0.0,1.1926931009513513,-1.1926931009513513,1.1926931009513513
2022-10-18 07:25:54.362000+00:00,0.0,1.1927403307536055,-1.1927403307536055,1.1927403307536055
2022-10-18 07:25:56.253000+00:00,0.0,1.1927569964666231,-1.1927569964666231,1.1927569964666231
2022-10-18 07:25:58.167000+00:00,0.0,1.192773864882655,-1.192773864882655,1.192773864882655
2022-10-18 07:26:00.097000+00:00,0.0,1.192790874309479,-1.192790874309479,1.192790874309479
2022-10-18 07:26:01.972000+00:00,0.0,1.1928073990117045,-1.1928073990117045,1.1928073990117045
2022-10-18 07:26:03.847000+00:00,0.0,1.19282392371393,-1.19282392371393,1.19282392371393
2022-10-18 07:26:05.674000+00:00,0.0,1.1928400253837783,-1.1928400253837783,1.1928400253837783
2022-10-18 07:26:07.596000+00:00,0.0,1.1928569643052063,-1.1928569643052063,1.1928569643052063
2022-10-18 07:26:09.471000+00:00,0.0,1.1928734890074317,-1.1928734890074317,1.1928734890074317
2022-10-18 07:26:11.378000+00:00,0.0,1.192890295731242,-1.192890295731242,1.192890295731242
2022-10-18 07:26:13.284000+00:00,0.0,1.1929070936418773,-1.1929070936418773,1.1929070936418773
2022-10-18 07:26:15.190000+00:00,0.0,1.192923891552513,-1.192923891552513,1.192923891552513
2022-10-18 07:26:17.019000+00:00,0.0,1.1929400108487105,-1.1929400108487105,1.1929400108487105
2022-10-18 07:26:18.940000+00:00,0.0,1.192956940956964,-1.192956940956964,1.192956940956964
2022-10-18 07:26:20.851000+00:00,0.0,1.1929737829334721,-1.1929737829334721,1.1929737829334721
2022-10-18 07:26:22.753000+00:00,0.0,1.1929905455914096,-1.1929905455914096,1.1929905455914096
2022-10-18 07:26:24.613000+00:00,0.0,1.1930069380960173,-1.1930069380960173,1.1930069380960173
2022-10-18 07:26:26.535000+00:00,0.0,1.1930238770174453,-1.1930238770174453,1.1930238770174453
2022-10-18 07:26:28.346000+00:00,0.0,1.1930398376765015,-1.1930398376765015,1.1930398376765015
2022-10-18 07:26:30.252000+00:00,0.0,1.193056635587137,-1.193056635587137,1.193056635587137
2022-10-18 07:26:32.114000+00:00,0.0,1.1930730457180938,-1.1930730457180938,1.1930730457180938
2022-10-18 07:26:34.174000+00:00,1.01629,1.1930912008576056,-0.17680120085760564,0.17680120085760564
2022-10-18 07:26:36.110000+00:00,2.44953,1.1931082631634766,1.2564217368365236,1.2564217368365236
2022-10-18 07:26:38.004000+00:00,0.65147,1.193124955316018,-0.5416549553160179,0.5416549553160179
2022-10-18 07:26:39.926000+00:00,0.07818,1.1931418942374459,-1.114961894237446,1.114961894237446
2022-10-18 07:26:41.793000+00:00,0.33876,1.1931583484342752,-0.8543983484342752,0.8543983484342752
2022-10-18 07:26:43.754000+00:00,0.26059,1.1931756310695094,-0.9325856310695094,0.9325856310695094
2022-10-18 07:26:45.628000+00:00,5.316,1.1931921469585602,4.12280785304144,4.12280785304144
2022-10-18 07:26:47.467000+00:00,0.18241,1.193208354386503,-1.0107983543865031,1.0107983543865031
2022-10-18 07:26:49.394000+00:00,2.13682,1.1932253373738035,0.9435946626261966,0.9435946626261966
2022-10-18 07:26:51.301000+00:00,0.31271,1.1932421440976138,-0.8805321440976137,0.8805321440976137
2022-10-18 07:26:53.222000+00:00,0.18241,1.193259074205867,-1.0108490742058671,1.0108490742058671
2022-10-18 07:26:59.137000+00:00,4.5603,1.1933112041331544,3.3669887958668454,3.3669887958668454
2022-10-18 07:27:01.095000+00:00,0.13029,1.193328460328865,-1.063038460328865,1.063038460328865
2022-10-18 07:27:03.044000+00:00,0.15635,1.1933456372060052,-1.0369956372060052,1.0369956372060052
2022-10-18 07:27:04.941000+00:00,0.26059,1.19336235579807,-0.9327723557980699,0.9327723557980699
2022-10-18 07:27:06.808000+00:00,0.0,1.1933788099948992,-1.1933788099948992,1.1933788099948992
2022-10-18 07:27:08.690000+00:00,0.0,1.1933953963893464,-1.1933953963893464,1.1933953963893464
2022-10-18 07:27:10.566000+00:00,0.0,1.1934119299047463,-1.1934119299047463,1.1934119299047463
2022-10-18 07:27:12.400000+00:00,0.0,1.1934280932668164,-1.1934280932668164,1.1934280932668164
2022-10-18 07:27:14.252000+00:00,0.0,1.193444415266028,-1.193444415266028,1.193444415266028
2022-10-18 07:27:16.117000+00:00,0.0,1.1934608518365082,-1.1934608518365082,1.1934608518365082
2022-10-18 07:27:18.033000+00:00,0.0,1.193477737878889,-1.193477737878889,1.193477737878889
2022-10-18 07:27:19.940000+00:00,0.0,1.1934945446026992,-1.1934945446026992,1.1934945446026992
2022-10-18 07:27:21.776000+00:00,0.0,1.1935107255911181,-1.1935107255911181,1.1935107255911181
2022-10-18 07:27:23.685000+00:00,0.41694,1.1935275499412774,-0.7765875499412774,0.7765875499412774
2022-10-18 07:27:25.683000+00:00,3.90882,1.193545158663969,2.715274841336031,2.715274841336031
2022-10-18 07:27:27.613000+00:00,0.46906,1.1935621680907929,-0.7245021680907928,0.7245021680907928
2022-10-18 07:27:29.472000+00:00,0.36482,1.1935785517822262,-0.8287585517822262,0.8287585517822262
2022-10-18 07:27:31.335000+00:00,1.56353,1.1935949707263573,0.36993502927364275,0.36993502927364275
2022-10-18 07:27:33.302000+00:00,6.98377,1.1936123062406387,5.790157693759361,5.790157693759361
2022-10-18 07:27:35.222000+00:00,1.45929,1.1936292275357174,0.26566077246428255,0.26566077246428255
2022-10-18 07:27:37.205000+00:00,0.36482,1.1936467040607912,-0.8288267040607913,0.8288267040607913
2022-10-18 07:27:39.146000+00:00,0.33876,1.193663810432535,-0.854903810432535,0.854903810432535
2022-10-18 07:27:41.118000+00:00,0.28665,1.193681190012689,-0.9070311900126888,0.9070311900126888
2022-10-18 07:27:43.123000+00:00,1.22477,1.193698860427602,0.031071139572397932,0.031071139572397932
2022-10-18 07:27:45.090000+00:00,0.28665,1.1937161959418834,-0.9070661959418833,0.9070661959418833
2022-10-18 07:27:46.956000+00:00,0.36482,1.1937326413255382,-0.8289126413255383,0.8289126413255383
2022-10-18 07:27:48.893000+00:00,10.68412,1.1937497124445837,9.490370287555416,9.490370287555416
2022-10-18 07:27:50.790000+00:00,4.45606,1.1937664310366487,3.262293568963351,3.262293568963351
2022-10-18 07:27:52.721000+00:00,4.74271,1.1937834492766473,3.5489265507233525,3.5489265507233525
2022-10-18 07:27:54.647000+00:00,0.26059,1.1938004234507733,-0.9332104234507733,0.9332104234507733
2022-10-18 07:27:56.575000+00:00,0.0,1.1938174152512482,-1.1938174152512482,1.1938174152512482
2022-10-18 07:27:58.457000+00:00,0.0,1.1938340016456954,-1.1938340016456954,1.1938340016456954
2022-10-18 07:28:03.883000+00:00,0.0,1.1938818219306424,-1.1938818219306424,1.1938818219306424
2022-10-18 07:28:05.773000+00:00,0.0,1.1938984788304856,-1.1938984788304856,1.1938984788304856
2022-10-18 07:28:07.628000+00:00,0.0,1.1939148272692206,-1.1939148272692206,1.1939148272692206
2022-10-18 07:28:09.477000+00:00,0.0,1.1939311228289085,-1.1939311228289085,1.1939311228289085
2022-10-18 07:28:11.331000+00:00,0.0,1.193947462454469,-1.193947462454469,1.193947462454469
2022-10-18 07:28:13.181000+00:00,0.0,1.1939637668273315,-1.1939637668273315,1.1939637668273315
2022-10-18 07:28:15.190000+00:00,7.14012,1.1939814724949427,5.946138527505057,5.946138527505057
2022-10-18 07:28:17.118000+00:00,1.22477,1.1939984642954178,0.03077153570458213,0.03077153570458213
2022-10-18 07:28:19.106000+00:00,5.60265,1.194015984886364,4.408634015113636,4.408634015113636
2022-10-18 07:28:20.991000+00:00,0.10424,1.1940325977203348,-1.0897925977203347,1.0897925977203347
2022-10-18 07:28:22.950000+00:00,3.04888,1.1940498627292198,1.8548301372707803,1.8548301372707803
2022-10-18 07:28:24.909000+00:00,2.86647,1.194067127738105,1.672402872261895,1.672402872261895
2022-10-18 07:28:26.846000+00:00,1.06841,1.194084198857151,-0.1256741988571508,0.1256741988571508
2022-10-18 07:28:28.800000+00:00,3.77853,1.1941014198001634,2.5844285801998366,2.5844285801998366
2022-10-18 07:28:30.706000+00:00,0.41694,1.194118217710799,-0.777178217710799,0.777178217710799
2022-10-18 07:28:32.588000+00:00,4.24759,1.194134804105246,3.053455195894754,3.053455195894754
2022-10-18 07:28:34.485000+00:00,1.43324,1.194151522697311,0.23908847730268912,0.23908847730268912
2022-10-18 07:28:36.362000+00:00,3.23129,1.1941680650258855,2.0371219349741145,2.0371219349741145
2022-10-18 07:28:38.284000+00:00,3.75247,1.1941850039473132,2.558284996052687,2.558284996052687
2022-10-18 07:28:40.221000+00:00,5.10753,1.1942020750663591,3.9133279249336406,3.9133279249336406
2022-10-18 07:28:42.096000+00:00,0.05212,1.1942185997685846,-1.1420985997685846,1.1420985997685846
2022-10-18 07:28:44.025000+00:00,5.316,1.194235600382234,4.121764399617765,4.121764399617765
2022-10-18 07:28:45.928000+00:00,0.26059,1.194252371853346,-0.933662371853346,0.933662371853346
2022-10-18 07:28:47.862000+00:00,0.0,1.1942694165328684,-1.1942694165328684,1.1942694165328684
2022-10-18 07:28:49.690000+00:00,0.0,1.1942855270158912,-1.1942855270158912,1.1942855270158912
2022-10-18 07:28:51.604000+00:00,0.0,1.1943023954319232,-1.1943023954319232,1.1943023954319232
2022-10-18 07:28:53.471000+00:00,0.0,1.1943188496287522,-1.1943188496287522,1.1943188496287522
2022-10-18 07:28:55.395000+00:00,0.0,1.1943358061765292,-1.1943358061765292,1.1943358061765292
2022-10-18 07:28:57.268000+00:00,0.0,1.1943523132524057,-1.1943523132524057,1.1943523132524057
2022-10-18 07:28:59.132000+00:00,0.0,1.1943687410097115,-1.1943687410097115,1.1943687410097115
2022-10-18 07:29:01.047000+00:00,0.0,1.1943856182389179,-1.1943856182389179,1.1943856182389179
2022-10-18 07:29:02.867000+00:00,0.0,1.1944016582165444,-1.1944016582165444,1.1944016582165444
2022-10-18 07:29:08.799000+00:00,8.65153,1.1944539379677988,7.4570760620322005,7.4570760620322005
2022-10-18 07:29:10.739000+00:00,0.02606,1.1944710355263681,-1.1684110355263682,1.1684110355263682
2022-10-18 07:29:12.658000+00:00,3.23129,1.1944879480082724,2.0368020519917276,2.0368020519917276
2022-10-18 07:29:14.515000+00:00,3.101,1.1945043140733564,1.9064956859266435,1.9064956859266435
2022-10-18 07:29:16.452000+00:00,3.15312,1.1945213851924021,1.9585986148075978,1.9585986148075978
2022-10-18 07:29:18.401000+00:00,0.05212,1.1945385620695421,-1.1424185620695422,1.1424185620695422
2022-10-18 07:29:20.292000+00:00,0.31271,1.1945552277825597,-0.8818452277825597,0.8818452277825597
2022-10-18 07:29:22.230000+00:00,0.443,1.1945723077147803,-0.7515723077147802,0.7515723077147802
2022-10-18 07:29:24.113000+00:00,1.35506,1.1945889029224017,0.1604710970775982,0.1604710970775982
2022-10-18 07:29:26.050000+00:00,6.61894,1.1946059740414476,5.424334025958553,5.424334025958553
2022-10-18 07:29:27.926000+00:00,3.90882,1.1946225075568475,2.7141974924431524,2.7141974924431524
2022-10-18 07:29:29.813000+00:00,0.41694,1.1946391380171673,-0.7776991380171673,0.7776991380171673
2022-10-18 07:29:31.764000+00:00,0.28665,1.1946563325206563,-0.9080063325206562,0.9080063325206562
2022-10-18 07:29:33.723000+00:00,0.91206,1.1946735975295413,-0.2826135975295413,0.2826135975295413
2022-10-18 07:29:35.622000+00:00,0.26059,1.1946903337479553,-0.9341003337479553,0.9341003337479553
2022-10-18 07:29:37.511000+00:00,0.0,1.1947069818346239,-1.1947069818346239,1.1947069818346239
2022-10-18 07:29:39.369000+00:00,0.0,1.1947233567128825,-1.1947233567128825,1.1947233567128825
2022-10-18 07:29:41.214000+00:00,0.0,1.1947396170198725,-1.1947396170198725,1.1947396170198725
2022-10-18 07:29:43.073000+00:00,0.0,1.1947560007113056,-1.1947560007113056,1.1947560007113056
2022-10-18 07:29:44.926000+00:00,0.0,1.1947723315236918,-1.1947723315236918,1.1947723315236918
2022-10-18 07:29:46.792000+00:00,0.0,1.1947887769073464,-1.1947887769073464,1.1947887769073464
2022-10-18 07:29:48.640000+00:00,0.0,1.1948050636538599,-1.1948050636538599,1.1948050636538599
2022-10-18 07:29:50.510000+00:00,0.0,1.1948215442902128,-1.1948215442902128,1.1948215442902128
2022-10-18 07:29:52.448000+00:00,0.0,1.1948386242224331,-1.1948386242224331,1.1948386242224331
2022-10-18 07:29:54.386000+00:00,0.36482,1.1948557041546533,-0.8300357041546533,0.8300357041546533
2022-10-18 07:29:56.228000+00:00,5.18571,1.1948719380221196,3.9908380619778807,3.9908380619778807
2022-10-18 07:29:58.124000+00:00,1.12053,1.19488864780101,-0.07435864780100987,0.07435864780100987
2022-10-18 07:30:00.043000+00:00,0.80782,1.1949055602829142,-0.3870855602829142,0.3870855602829142
2022-10-18 07:30:02.033000+00:00,0.13029,1.1949230985002095,-1.0646330985002095,1.0646330985002095
2022-10-18 07:30:03.898000+00:00,1.64171,1.1949395350706897,0.4467704649293103,0.4467704649293103
2022-10-18 07:30:05.850000+00:00,2.81435,1.1949567383873534,1.6193932616126467,1.6193932616126467
2022-10-18 07:30:07.683000+00:00,1.40718,1.1949728929362489,0.21220710706375123,0.21220710706375123
2022-10-18 07:30:13.722000+00:00,9.14665,1.1950261156971766,7.951623884302823,7.951623884302823
2022-10-18 07:30:15.680000+00:00,0.54724,1.1950433718928875,-0.6478033718928875,0.6478033718928875
2022-10-18 07:30:17.558000+00:00,1.51141,1.1950599230346364,0.31635007696536355,0.31635007696536355
2022-10-18 07:30:19.486000+00:00,3.43977,1.1950769148351115,2.2446930851648887,2.2446930851648887
2022-10-18 07:30:21.402000+00:00,1.48535,1.1950938008774923,0.29025619912250766,0.29025619912250766
2022-10-18 07:30:23.350000+00:00,1.04235,1.1951109689414579,-0.15276096894145774,0.15276096894145774
2022-10-18 07:30:25.116000+00:00,3.49188,1.1951265330076604,2.2967534669923397,2.2967534669923397
2022-10-18 07:30:27.018000+00:00,0.23453,1.1951432956655978,-0.9606132956655978,0.9606132956655978
2022-10-18 07:30:28.924000+00:00,0.0,1.1951600935762334,-1.1951600935762334,1.1951600935762334
2022-10-18 07:30:30.850000+00:00,0.0,1.1951770677503597,-1.1951770677503597,1.1951770677503597
2022-10-18 07:30:32.753000+00:00,0.0,1.1951938392214716,-1.1951938392214716,1.1951938392214716
2022-10-18 07:30:34.638000+00:00,0.0,1.1952104520554423,-1.1952104520554423,1.1952104520554423
2022-10-18 07:30:36.441000+00:00,0.0,1.1952263422091023,-1.1952263422091023,1.1952263422091023
2022-10-18 07:30:38.267000+00:00,0.0,1.1952424350657762,-1.1952424350657762,1.1952424350657762
2022-10-18 07:30:40.160000+00:00,0.0,1.195259118405143,-1.195259118405143,1.195259118405143
2022-10-18 07:30:42.065000+00:00,0.0,1.1952759075026043,-1.1952759075026043,1.1952759075026043
2022-10-18 07:30:43.925000+00:00,0.0,1.1952923000072118,-1.1952923000072118,1.1952923000072118
2022-10-18 07:30:45.945000+00:00,0.0,1.1953101026197426,-1.1953101026197426,1.1953101026197426
2022-10-18 07:30:47.846000+00:00,0.39088,1.1953268564645056,-0.8044468564645056,0.8044468564645056
2022-10-18 07:30:49.757000+00:00,7.974,1.1953436984410137,6.7786563015589865,6.7786563015589865
2022-10-18 07:30:51.697000+00:00,0.443,1.1953607959995831,-0.752360795999583,0.752360795999583
2022-10-18 07:30:53.605000+00:00,0.23453,1.1953776115365677,-0.9608476115365677,0.9608476115365677
2022-10-18 07:30:55.565000+00:00,5.10753,1.1953948853586276,3.912135114641372,3.912135114641372
2022-10-18 07:30:57.439000+00:00,8.65153,1.1954114012476784,7.456118598752321,7.456118598752321
2022-10-18 07:30:59.393000+00:00,2.03259,1.195428622190691,0.837161377809309,0.837161377809309
2022-10-18 07:31:01.240000+00:00,0.57329,1.19544490012403,-0.62215490012403,0.62215490012403
2022-10-18 07:31:03.146000+00:00,2.94465,1.1954616980346655,1.7491883019653347,1.7491883019653347
2022-10-18 07:31:05.106000+00:00,0.443,1.1954789718567251,-0.7524789718567251,0.7524789718567251
2022-10-18 07:31:06.965000+00:00,0.62541,1.1954953555481582,-0.5700853555481582,0.5700853555481582
2022-10-18 07:31:08.891000+00:00,0.31271,1.1955123297222843,-0.8828023297222842,0.8828023297222842
2022-10-18 07:31:10.783000+00:00,3.57006,1.1955290042484767,2.374530995751523,2.374530995751523
2022-10-18 07:31:12.779000+00:00,5.02935,1.195546595344819,3.833803404655181,3.833803404655181
2022-10-18 07:31:18.607000+00:00,2.73618,1.1955979585259229,1.5405820414740772,1.5405820414740772
2022-10-18 07:31:20.454000+00:00,0.23453,1.195614236459262,-0.9610842364592619,0.9610842364592619
2022-10-18 07:31:22.231000+00:00,0.0,1.1956298974703845,-1.1956298974703845,1.1956298974703845
2022-10-18 07:31:24.122000+00:00,0.0,1.1956465631834021,-1.1956465631834021,1.1956465631834021
2022-10-18 07:31:25.987000+00:00,0.0,1.1956629997538823,-1.1956629997538823,1.1956629997538823
2022-10-18 07:31:27.810000+00:00,0.0,1.1956790661710328,-1.1956790661710328,1.1956790661710328
2022-10-18 07:31:29.731000+00:00,0.0,1.1956959962792864,-1.1956959962792864,1.1956959962792864
2022-10-18 07:31:31.576000+00:00,0.0,1.1957122565862761,-1.1957122565862761,1.1957122565862761
2022-10-18 07:31:33.450000+00:00,0.0,1.195728772475327,-1.195728772475327,1.195728772475327
2022-10-18 07:31:35.310000+00:00,0.0,1.1957451649799347,-1.1957451649799347,1.1957451649799347
2022-10-18 07:31:37.184000+00:00,0.0,1.1957616808689857,-1.1957616808689857,1.1957616808689857
2022-10-18 07:31:39.045000+00:00,0.0,1.1957780821867678,-1.1957780821867678,1.1957780821867678
2022-10-18 07:31:40.955000+00:00,0.0,1.1957949153501015,-1.1957949153501015,1.1957949153501015
2022-10-18 07:31:42.810000+00:00,0.0,1.1958112637888365,-1.1958112637888365,1.1958112637888365
2022-10-18 07:31:44.654000+00:00,0.0,1.195827515282652,-1.195827515282652,1.195827515282652
2022-10-18 07:31:46.607000+00:00,0.49512,1.19584472741249,-0.7007247274124899,0.7007247274124899
2022-10-18 07:31:48.575000+00:00,7.29647,1.1958620717399457,6.100607928260055,6.100607928260055
2022-10-18 07:31:50.561000+00:00,0.33876,1.195879574704543,-0.857119574704543,0.857119574704543
2022-10-18 07:31:52.467000+00:00,0.41694,1.1958963726151786,-0.7789563726151786,0.7789563726151786
2022-10-18 07:31:54.395000+00:00,0.23453,1.1959133644156537,-0.9613833644156536,0.9613833644156536
2022-10-18 07:31:56.343000+00:00,1.25082,1.1959305324796192,0.05488946752038082,0.05488946752038082
2022-10-18 07:31:58.210000+00:00,0.36482,1.1959469866764483,-0.8311269866764484,0.8311269866764484
2022-10-18 07:32:00.127000+00:00,0.59935,1.1959638815320037,-0.5966138815320037,0.5966138815320037
2022-10-18 07:32:01.956000+00:00,0.41694,1.195980000828201,-0.7790400008282011,0.7790400008282011
2022-10-18 07:32:03.897000+00:00,2.57982,1.1959971071999451,1.3838228928000547,1.3838228928000547
2022-10-18 07:32:05.815000+00:00,0.26059,1.1960140108686748,-0.9354240108686748,0.9354240108686748
2022-10-18 07:32:07.753000+00:00,0.20847,1.1960310908008949,-0.9875610908008949,0.9875610908008949
2022-10-18 07:32:09.669000+00:00,0.33876,1.196047976843276,-0.857287976843276,0.857287976843276
2022-10-18 07:32:11.657000+00:00,0.23453,1.1960654974342222,-0.9615354974342222,0.9615354974342222
2022-10-18 07:32:13.605000+00:00,4.76877,1.1960826654981878,3.572687334501812,3.572687334501812
2022-10-18 07:32:15.503000+00:00,5.759,1.196099392903427,4.562900607096573,4.562900607096573
2022-10-18 07:32:17.472000+00:00,0.31271,1.1961167460440574,-0.8834067460440573,0.8834067460440573
2022-10-18 07:32:23.252000+00:00,0.0,1.1961676861927844,-1.1961676861927844,1.1961676861927844
2022-10-18 07:32:25.146000+00:00,0.0,1.1961843783453259,-1.1961843783453259,1.1961843783453259
2022-10-18 07:32:26.988000+00:00,0.0,1.196200612212792,-1.196200612212792,1.196200612212792
2022-10-18 07:32:28.909000+00:00,0.0,1.1962175423210453,-1.1962175423210453,1.1962175423210453
2022-10-18 07:32:30.820000+00:00,0.0,1.1962343842975538,-1.1962343842975538,1.1962343842975538
2022-10-18 07:32:32.722000+00:00,0.0,1.196251146955491,-1.196251146955491,1.196251146955491
2022-10-18 07:32:34.504000+00:00,0.0,1.1962668520324862,-1.1962668520324862,1.1962668520324862
2022-10-18 07:32:36.338000+00:00,0.0,1.1962830153945565,-1.1962830153945565,1.1962830153945565
2022-10-18 07:32:38.299000+00:00,0.0,1.1963002980297905,-1.1963002980297905,1.1963002980297905
2022-10-18 07:32:40.205000+00:00,1.58959,1.1963170959404261,0.39327290405957394,0.39327290405957394
2022-10-18 07:32:42.191000+00:00,0.78176,1.1963345989050234,-0.41457459890502335,0.41457459890502335
2022-10-18 07:32:44.049000+00:00,0.26059,1.1963509737832818,-0.9357609737832818,0.9357609737832818
2022-10-18 07:32:46.008000+00:00,0.46906,1.196368238792167,-0.727308238792167,0.727308238792167
2022-10-18 07:32:47.966000+00:00,8.72971,1.1963854949878778,7.533324505012123,7.533324505012123
2022-10-18 07:32:49.853000+00:00,10.73624,1.1964021254481976,9.539837874551804,9.539837874551804
2022-10-18 07:32:51.801000+00:00,0.20847,1.1964192935121631,-0.9879492935121632,0.9879492935121632
2022-10-18 07:32:53.729000+00:00,0.93812,1.196436285312638,-0.25831628531263806,0.25831628531263806
2022-10-18 07:32:55.646000+00:00,0.20847,1.1964531801681932,-0.9879831801681933,0.9879831801681933
2022-10-18 07:32:57.604000+00:00,1.25082,1.1964704363639038,0.05434956363609622,0.05434956363609622
2022-10-18 07:32:59.628000+00:00,2.99677,1.1964882742291327,1.8002817257708674,1.8002817257708674
2022-10-18 07:33:01.515000+00:00,1.61565,1.1965049046894527,0.41914509531054733,0.41914509531054733
2022-10-18 07:33:03.474000+00:00,0.99024,1.196522169698338,-0.2062821696983379,0.2062821696983379
2022-10-18 07:33:05.614000+00:00,0.62541,1.196541029891811,-0.5711310298918111,0.5711310298918111
2022-10-18 07:33:07.494000+00:00,8.46912,1.196557598659909,7.272562401340091,7.272562401340091
2022-10-18 07:33:09.349000+00:00,0.28665,1.1965739470986443,-0.9099239470986442,0.9099239470986442
2022-10-18 07:33:11.235000+00:00,0.0,1.1965905687457894,-1.1965905687457894,1.1965905687457894
2022-10-18 07:33:13.033000+00:00,0.0,1.1966064148335769,-1.1966064148335769,1.1966064148335769
2022-10-18 07:33:14.952000+00:00,0.0,1.1966233273154812,-1.1966233273154812,1.1966233273154812
2022-10-18 07:33:16.844000+00:00,0.0,1.1966400018416734,-1.1966400018416734,1.1966400018416734
2022-10-18 07:33:18.719000+00:00,0.0,1.196656526543899,-1.196656526543899,1.196656526543899
2022-10-18 07:33:20.577000+00:00,0.0,1.1966729014221578,-1.1966729014221578,1.1966729014221578
2022-10-18 07:33:22.437000+00:00,0.0,1.1966892939267653,-1.1966892939267653,1.1966892939267653
2022-10-18 07:33:27.787000+00:00,0.41694,1.1967364444104485,-0.7797964444104485,0.7797964444104485
2022-10-18 07:33:29.737000+00:00,2.73618,1.196753630100763,1.539426369899237,1.539426369899237
2022-10-18 07:33:31.595000+00:00,1.56353,1.1967700049790215,0.36675999502097856,0.36675999502097856
2022-10-18 07:33:33.492000+00:00,0.41694,1.1967867235710865,-0.7798467235710865,0.7798467235710865
2022-10-18 07:33:35.391000+00:00,4.89906,1.1968034597895005,3.7022565402104997,3.7022565402104997
2022-10-18 07:33:37.328000+00:00,4.61241,1.1968205309085462,3.4155894690914534,3.4155894690914534
2022-10-18 07:33:39.224000+00:00,0.65147,1.1968372406874366,-0.5453672406874366,0.5453672406874366
2022-10-18 07:33:41.171000+00:00,0.23453,1.1968543999382275,-0.9623243999382275,0.9623243999382275
2022-10-18 07:33:43.038000+00:00,0.443,1.196870854135057,-0.753870854135057,0.753870854135057
2022-10-18 07:33:44.966000+00:00,0.33876,1.1968878459355319,-0.8581278459355319,0.8581278459355319
2022-10-18 07:33:46.892000+00:00,4.09124,1.196904820109658,2.894335179890342,2.894335179890342
2022-10-18 07:33:48.791000+00:00,0.31271,1.1969215563280717,-0.8842115563280717,0.8842115563280717
2022-10-18 07:33:50.760000+00:00,0.39088,1.1969389094687024,-0.8060589094687024,0.8060589094687024
2022-10-18 07:33:52.658000+00:00,1.35506,1.1969556368739416,0.15810436312605836,0.15810436312605836
2022-10-18 07:33:54.594000+00:00,1.22477,1.1969726991798129,0.027797300820187054,0.027797300820187054
2022-10-18 07:33:56.546000+00:00,5.8893,1.1969899024964765,4.692310097503524,4.692310097503524
2022-10-18 07:33:58.439000+00:00,0.26059,1.1970065858358432,-0.9364165858358432,0.9364165858358432
2022-10-18 07:34:00.328000+00:00,0.0,1.197023233922512,-1.197023233922512,1.197023233922512
2022-10-18 07:34:02.220000+00:00,0.0,1.1970399084487042,-1.1970399084487042,1.1970399084487042
2022-10-18 07:34:04.080000+00:00,0.0,1.197056300953312,-1.197056300953312,1.197056300953312
2022-10-18 07:34:06.007000+00:00,0.0,1.1970732839406124,-1.1970732839406124,1.1970732839406124
2022-10-18 07:34:07.892000+00:00,0.0,1.197089896774583,-1.197089896774583,1.197089896774583
2022-10-18 07:34:09.767000+00:00,0.0,1.1971064214768086,-1.1971064214768086,1.1971064214768086
2022-10-18 07:34:11.573000+00:00,0.0,1.1971223380699922,-1.1971223380699922,1.1971223380699922
2022-10-18 07:34:13.503000+00:00,0.0,1.1971393474968162,-1.1971393474968162,1.1971393474968162
2022-10-18 07:34:15.439000+00:00,0.0,1.1971564098026874,-1.1971564098026874,1.1971564098026874
2022-10-18 07:34:17.267000+00:00,0.0,1.1971725202857104,-1.1971725202857104,1.1971725202857104
2022-10-18 07:34:19.119000+00:00,0.0,1.197188842284922,-1.197188842284922,1.197188842284922
2022-10-18 07:34:21.101000+00:00,0.0,1.197206309996821,-1.197206309996821,1.197206309996821
2022-10-18 07:34:22.986000+00:00,0.0,1.1972229228307918,-1.1972229228307918,1.1972229228307918
2022-10-18 07:34:24.908000+00:00,0.0,1.1972398617522197,-1.1972398617522197,1.1972398617522197
2022-10-18 07:34:26.798000+00:00,0.0,1.197256518652063,-1.197256518652063,1.197256518652063
2022-10-18 07:34:32.314000+00:00,0.0,1.1973051321227164,-1.1973051321227164,1.1973051321227164
2022-10-18 07:34:34.161000+00:00,0.0,1.1973214100560554,-1.1973214100560554,1.1973214100560554
2022-10-18 07:34:36.070000+00:00,0.0,1.1973382344062147,-1.1973382344062147,1.1973382344062147
2022-10-18 07:34:38.002000+00:00,0.0,1.1973552614593879,-1.1973552614593879,1.1973552614593879
2022-10-18 07:34:39.861000+00:00,0.0,1.197371645150821,-1.197371645150821,1.197371645150821
2022-10-18 07:34:41.817000+00:00,0.0,1.1973888837201825,-1.1973888837201825,1.1973888837201825
2022-10-18 07:34:43.690000+00:00,0.0,1.197405390796059,-1.197405390796059,1.197405390796059
2022-10-18 07:34:45.521000+00:00,0.0,1.1974215277186055,-1.1974215277186055,1.1974215277186055
2022-10-18 07:34:47.470000+00:00,0.0,1.1974387045957453,-1.1974387045957453,1.1974387045957453
2022-10-18 07:34:49.361000+00:00,0.0,1.1974553703087634,-1.1974553703087634,1.1974553703087634
2022-10-18 07:34:51.273000+00:00,0.0,1.197472221098446,-1.197472221098446,1.197472221098446
2022-10-18 07:34:53.152000+00:00,0.0,1.1974887810533694,-1.1974887810533694,1.1974887810533694
2022-10-18 07:34:54.978000+00:00,0.0,1.1975048739100433,-1.1975048739100433,1.1975048739100433
2022-10-18 07:34:56.824000+00:00,0.0,1.1975211430302077,-1.1975211430302077,1.1975211430302077
2022-10-18 07:34:58.736000+00:00,0.0,1.1975379938198905,-1.1975379938198905,1.1975379938198905
2022-10-18 07:35:00.587000+00:00,0.0,1.1975543070059276,-1.1975543070059276,1.1975543070059276
2022-10-18 07:35:02.455000+00:00,0.0,1.1975707700159313,-1.1975707700159313,1.1975707700159313
2022-10-18 07:35:04.462000+00:00,0.0,1.1975884580571936,-1.1975884580571936,1.1975884580571936
2022-10-18 07:35:06.330000+00:00,0.0,1.1976049210671973,-1.1976049210671973,1.1976049210671973
2022-10-18 07:35:08.190000+00:00,0.0,1.197621313571805,-1.197621313571805,1.197621313571805
2022-10-18 07:35:10.085000+00:00,0.39088,1.197638014537521,-0.8067580145375209,0.8067580145375209
2022-10-18 07:35:11.920000+00:00,4.82088,1.1976541867127655,3.6232258132872346,3.6232258132872346
2022-10-18 07:35:13.817000+00:00,1.17265,1.1976709053048304,-0.025020905304830476,0.025020905304830476
2022-10-18 07:35:15.805000+00:00,3.12706,1.1976884258957767,1.9293715741042234,1.9293715741042234
2022-10-18 07:35:17.775000+00:00,0.05212,1.1977057878495816,-1.1455857878495816,1.1455857878495816
2022-10-18 07:35:19.706000+00:00,11.04894,1.1977228060895801,9.85121719391042,9.85121719391042
2022-10-18 07:35:21.571000+00:00,2.76224,1.1977392426600604,1.5645007573399394,1.5645007573399394
2022-10-18 07:35:23.409000+00:00,0.23453,1.1977554412748286,-0.9632254412748286,0.9632254412748286
2022-10-18 07:35:25.283000+00:00,3.41371,1.1977719571638796,2.2159380428361204,2.2159380428361204
2022-10-18 07:35:27.121000+00:00,0.59935,1.1977881557786478,-0.5984381557786478,0.5984381557786478
2022-10-18 07:35:29.050000+00:00,1.01629,1.1978051563922973,-0.18151515639229743,0.18151515639229743
2022-10-18 07:35:30.897000+00:00,2.42347,1.1978214343256361,1.2256485656743639,1.2256485656743639
2022-10-18 07:35:36.834000+00:00,4.40394,1.197873758142763,3.206066241857237,3.206066241857237
2022-10-18 07:35:38.741000+00:00,0.02606,1.1978905648665732,-1.1718305648665732,1.1718305648665732
2022-10-18 07:35:40.730000+00:00,8.15641,1.197908094270694,6.958501905729305,6.958501905729305
2022-10-18 07:35:42.638000+00:00,0.26059,1.1979249098076785,-0.9373349098076785,0.9373349098076785
2022-10-18 07:35:44.519000+00:00,0.0,1.1979414873889511,-1.1979414873889511,1.1979414873889511
2022-10-18 07:35:46.347000+00:00,0.0,1.197957597871974,-1.197957597871974,1.197957597871974
2022-10-18 07:35:48.190000+00:00,0.0,1.1979738405526148,-1.1979738405526148,1.1979738405526148
2022-10-18 07:35:50.066000+00:00,0.0,1.197990374068015,-1.197990374068015,1.197990374068015
2022-10-18 07:35:51.963000+00:00,0.0,1.1980070926600797,-1.1980070926600797,1.1980070926600797
2022-10-18 07:35:53.863000+00:00,0.0,1.198023837691668,-1.198023837691668,1.198023837691668
2022-10-18 07:35:55.773000+00:00,0.0,1.198040670855002,-1.198040670855002,1.198040670855002
2022-10-18 07:35:57.627000+00:00,0.0,1.1980570104805626,-1.1980570104805626,1.1980570104805626
2022-10-18 07:35:59.440000+00:00,0.0,1.1980729887659676,-1.1980729887659676,1.1980729887659676
2022-10-18 07:36:01.408000+00:00,0.33876,1.1980903330934236,-0.8593303330934237,0.8593303330934237
2022-10-18 07:36:03.316000+00:00,3.51794,1.1981071486304082,2.3198328513695916,2.3198328513695916
2022-10-18 07:36:05.253000+00:00,0.18241,1.1981242197494537,-1.0157142197494538,1.0157142197494538
2022-10-18 07:36:07.206000+00:00,0.31271,1.198141431879292,-0.885431431879292,0.885431431879292
2022-10-18 07:36:09.050000+00:00,6.56683,1.1981576833731071,5.368672316626894,5.368672316626894
2022-10-18 07:36:11.008000+00:00,18.18906,1.198174939568818,16.990885060431182,16.990885060431182
2022-10-18 07:36:12.986000+00:00,3.23129,1.198192372028019,2.033097627971981,2.033097627971981
2022-10-18 07:36:14.957000+00:00,0.443,1.1982097427949983,-0.7552097427949982,0.7552097427949982
2022-10-18 07:36:16.851000+00:00,0.57329,1.1982264349475398,-0.6249364349475398,0.6249364349475398
2022-10-18 07:36:18.709000+00:00,0.31271,1.1982428098257984,-0.8855328098257984,0.8855328098257984
2022-10-18 07:36:20.628000+00:00,11.98706,1.1982597223077027,10.788800277692296,10.788800277692296
2022-10-18 07:36:22.456000+00:00,0.36482,1.1982758327907257,-0.8334558327907258,0.8334558327907258
2022-10-18 07:36:24.331000+00:00,0.18241,1.1982923574929512,-1.0158823574929512,1.0158823574929512
2022-10-18 07:36:26.238000+00:00,5.15965,1.1983091642167611,3.961340835783239,3.961340835783239
2022-10-18 07:36:28.206000+00:00,1.40718,1.1983265085442172,0.2088534914557829,0.2088534914557829
2022-10-18 07:36:30.222000+00:00,2.47559,1.19834427590405,1.27724572409595,1.27724572409595
2022-10-18 07:36:32.113000+00:00,0.31271,1.1983609416170675,-0.8856509416170675,0.8856509416170675
2022-10-18 07:36:34.002000+00:00,0.23453,1.1983775897037365,-0.9638475897037365,0.9638475897037365
2022-10-18 07:36:35.836000+00:00,0.0,1.1983937530658066,-1.1983937530658066,1.1983937530658066
2022-10-18 07:36:41.340000+00:00,0.0,1.198442260778366,-1.198442260778366,1.198442260778366
2022-10-18 07:36:43.269000+00:00,0.0,1.1984592613920155,-1.1984592613920155,1.1984592613920155
2022-10-18 07:36:45.128000+00:00,0.0,1.1984756450834486,-1.1984756450834486,1.1984756450834486
2022-10-18 07:36:47.042000+00:00,0.0,1.1984925134994806,-1.1984925134994806,1.1984925134994806
2022-10-18 07:36:48.893000+00:00,0.0,1.1985088266855173,-1.1985088266855173,1.1985088266855173
2022-10-18 07:36:50.757000+00:00,0.0,1.1985252544428233,-1.1985252544428233,1.1985252544428233
2022-10-18 07:36:52.706000+00:00,0.31271,1.198542431319963,-0.885832431319963,0.885832431319963
2022-10-18 07:36:54.631000+00:00,8.36488,1.1985593966809147,7.166320603319084,7.166320603319084
2022-10-18 07:36:56.549000+00:00,0.02606,1.1985763003496444,-1.1725163003496444,1.1725163003496444
2022-10-18 07:36:58.526000+00:00,1.92835,1.198593723995671,0.729756276004329,0.729756276004329
2022-10-18 07:37:00.487000+00:00,6.17594,1.1986110066309053,4.9773289933690945,4.9773289933690945
2022-10-18 07:37:02.370000+00:00,2.31924,1.198627601838527,1.1206123981614733,1.1206123981614733
2022-10-18 07:37:04.253000+00:00,2.26712,1.1986441970461486,1.0684758029538513,1.0684758029538513
2022-10-18 07:37:06.150000+00:00,0.18241,1.1986609156382135,-1.0162509156382136,1.0162509156382136
2022-10-18 07:37:08.019000+00:00,13.23789,1.1986773874613919,12.03921261253861,12.03921261253861
2022-10-18 07:37:09.955000+00:00,0.41694,1.198694449767263,-0.7817544497672629,0.7817544497672629
2022-10-18 07:37:11.847000+00:00,4.27365,1.1987111242934554,3.0749388757065446,3.0749388757065446
2022-10-18 07:37:13.800000+00:00,1.19871,1.1987283364232932,-1.833642329329699e-05,1.833642329329699e-05
2022-10-18 07:37:15.768000+00:00,0.85994,1.198745680750749,-0.338805680750749,0.338805680750749
2022-10-18 07:37:17.574000+00:00,3.46582,1.1987615973439327,2.267058402656067,2.267058402656067
2022-10-18 07:37:19.473000+00:00,5.15965,1.1987783335623465,3.9608716664376535,3.9608716664376535
2022-10-18 07:37:21.369000+00:00,0.91206,1.198795043341237,-0.2867350433412371,0.2867350433412371
2022-10-18 07:37:23.245000+00:00,5.36812,1.1988115768566372,4.169308423143363,4.169308423143363
2022-10-18 07:37:25.142000+00:00,0.18241,1.198828295448702,-1.016418295448702,1.016418295448702
2022-10-18 07:37:27.003000+00:00,0.0,1.198844696766484,-1.198844696766484,1.198844696766484
2022-10-18 07:37:28.925000+00:00,0.0,1.198861635687912,-1.198861635687912,1.198861635687912
2022-10-18 07:37:30.837000+00:00,0.0,1.1988784864775948,-1.1988784864775948,1.1988784864775948
2022-10-18 07:37:32.707000+00:00,0.0,1.1988949671139477,-1.1988949671139477,1.1988949671139477
2022-10-18 07:37:34.596000+00:00,0.0,1.1989116152006165,-1.1989116152006165,1.1989116152006165
2022-10-18 07:37:36.456000+00:00,0.0,1.198928007705224,-1.198928007705224,1.198928007705224
2022-10-18 07:37:38.363000+00:00,0.0,1.198944814429034,-1.198944814429034,1.198944814429034
2022-10-18 07:37:40.211000+00:00,0.0,1.1989611011755477,-1.1989611011755477,1.1989611011755477
2022-10-18 07:37:45.862000+00:00,0.36482,1.1990109044247617,-0.8341909044247617,0.8341909044247617
2022-10-18 07:37:47.720000+00:00,4.03912,1.19902727930302,2.8400927206969797,2.8400927206969797
2022-10-18 07:37:49.648000+00:00,1.04235,1.199044271103495,-0.15669427110349488,0.15669427110349488
2022-10-18 07:37:51.549000+00:00,7.89583,1.199061024948258,6.696768975051742,6.696768975051742
2022-10-18 07:37:53.557000+00:00,0.39088,1.1990787218026946,-0.8081987218026946,0.8081987218026946
2022-10-18 07:37:55.550000+00:00,2.73618,1.1990962864595136,1.5370837135404865,1.5370837135404865
2022-10-18 07:37:57.489000+00:00,4.76877,1.1991133752049083,3.5696566247950914,3.5696566247950914
2022-10-18 07:37:59.393000+00:00,0.28665,1.1991301554891949,-0.9124801554891948,0.9124801554891948
2022-10-18 07:38:01.263000+00:00,0.70359,1.1991466361255478,-0.4955566361255478,0.4955566361255478
2022-10-18 07:38:03.300000+00:00,0.28665,1.1991645885620454,-0.9125145885620454,0.9125145885620454
2022-10-18 07:38:05.269000+00:00,0.28665,1.199181941702676,-0.9125319417026758,0.9125319417026758
2022-10-18 07:38:07.330000+00:00,4.82088,1.199200105655362,3.6216798943446378,3.6216798943446378
2022-10-18 07:38:09.226000+00:00,2.08471,1.1992168154342526,0.8854931845657472,0.8854931845657472
2022-10-18 07:38:11.086000+00:00,3.17918,1.1992332079388603,1.9799467920611398,1.9799467920611398
2022-10-18 07:38:13.097000+00:00,0.13029,1.1992509312328203,-1.0689609312328203,1.0689609312328203
2022-10-18 07:38:15+00:00,0.13029,1.1992677027039325,-1.0689777027039324,1.0689777027039324
2022-10-18 07:38:16.924000+00:00,0.28665,1.1992846592517092,-0.9126346592517092,0.9126346592517092
2022-10-18 07:38:18.754000+00:00,0.0,1.1993007873610815,-1.1993007873610815,1.1993007873610815
2022-10-18 07:38:20.596000+00:00,0.0,1.1993170212285478,-1.1993170212285478,1.1993170212285478
2022-10-18 07:38:22.519000+00:00,0.0,1.1993339689631501,-1.1993339689631501,1.1993339689631501
2022-10-18 07:38:24.379000+00:00,0.0,1.1993503614677579,-1.1993503614677579,1.1993503614677579
2022-10-18 07:38:26.241000+00:00,0.0,1.1993667715987146,-1.1993667715987146,1.1993667715987146
2022-10-18 07:38:28.150000+00:00,0.0,1.199383595948874,-1.199383595948874,1.199383595948874
2022-10-18 07:38:30.066000+00:00,0.0,1.1994004819912545,-1.1994004819912545,1.1994004819912545
2022-10-18 07:38:31.988000+00:00,0.0,1.1994174209126824,-1.1994174209126824,1.1994174209126824
2022-10-18 07:38:33.894000+00:00,0.0,1.199434218823318,-1.199434218823318,1.199434218823318
2022-10-18 07:38:35.850000+00:00,0.443,1.1994514573926796,-0.7564514573926795,0.7564514573926795
2022-10-18 07:38:37.776000+00:00,3.88277,1.1994684315668054,2.6833015684331945,2.6833015684331945
2022-10-18 07:38:39.664000+00:00,2.11077,1.1994850708403,0.9112849291597,0.9112849291597
2022-10-18 07:38:41.565000+00:00,0.59935,1.1995018246850628,-0.6001518246850628,0.6001518246850628
2022-10-18 07:38:43.489000+00:00,5.94141,1.1995187812328396,4.741891218767161,4.741891218767161
2022-10-18 07:38:45.330000+00:00,5.42024,1.1995350062871315,4.220704993712868,4.220704993712868
2022-10-18 07:38:50.867000+00:00,4.58635,1.1995838048344503,3.38676619516555,3.38676619516555
2022-10-18 07:38:52.769000+00:00,0.443,1.1996005674923875,-0.7566005674923875,0.7566005674923875
2022-10-18 07:38:54.738000+00:00,4.66453,1.199617920633018,3.4649120793669823,3.4649120793669823
2022-10-18 07:38:56.639000+00:00,0.39088,1.199634674477781,-0.808754674477781,0.808754674477781
2022-10-18 07:38:58.601000+00:00,3.12706,1.19965196592619,1.9274080340738102,1.9274080340738102
2022-10-18 07:39:00.549000+00:00,3.20524,1.199669133990155,2.005570866009845,2.005570866009845
2022-10-18 07:39:02.487000+00:00,1.35506,1.1996862139223756,0.1553737860776243,0.1553737860776243
2022-10-18 07:39:04.378000+00:00,0.33876,1.1997028796353932,-0.8609428796353933,0.8609428796353933
2022-10-18 07:39:06.261000+00:00,3.43977,1.1997194748430147,2.2400505251569856,2.2400505251569856
2022-10-18 07:39:08.138000+00:00,0.28665,1.1997360171715894,-0.9130860171715893,0.9130860171715893
2022-10-18 07:39:09.972000+00:00,0.0,1.1997521805336595,-1.1997521805336595,1.1997521805336595
2022-10-18 07:39:11.894000+00:00,0.0,1.1997691194550875,-1.1997691194550875,1.1997691194550875
2022-10-18 07:39:13.753000+00:00,0.0,1.1997855031465203,-1.1997855031465203,1.1997855031465203
2022-10-18 07:39:15.612000+00:00,0.0,1.1998018868379536,-1.1998018868379536,1.1998018868379536
2022-10-18 07:39:17.535000+00:00,0.0,1.199818834572556,-1.199818834572556,1.199818834572556
2022-10-18 07:39:19.400000+00:00,0.0,1.1998352711430365,-1.1998352711430365,1.1998352711430365
2022-10-18 07:39:21.269000+00:00,0.0,1.1998517429662146,-1.1998517429662146,1.1998517429662146
2022-10-18 07:39:23.206000+00:00,0.0,1.1998688140852605,-1.1998688140852605,1.1998688140852605
2022-10-18 07:39:24.972000+00:00,0.0,1.1998843781514632,-1.1998843781514632,1.1998843781514632
2022-10-18 07:39:26.941000+00:00,0.33876,1.1999017312920937,-0.8611417312920937,0.8611417312920937
2022-10-18 07:39:28.805000+00:00,8.86,1.1999181590493992,7.6600818409506,7.6600818409506
2022-10-18 07:39:30.724000+00:00,0.02606,1.1999350715313035,-1.1738750715313035,1.1738750715313035
2022-10-18 07:39:32.661000+00:00,1.61565,1.1999521426503494,0.4156978573496506,0.4156978573496506
2022-10-18 07:39:34.596000+00:00,1.772,1.199969196143046,0.5720308038569539,0.5720308038569539
2022-10-18 07:39:36.520000+00:00,21.78518,1.199986152690823,20.585193847309178,20.585193847309178
2022-10-18 07:39:38.458000+00:00,2.57982,1.2000032326230432,1.3798167673769566,1.3798167673769566
2022-10-18 07:39:40.440000+00:00,0.28665,1.2000207003349423,-0.9133707003349423,0.9133707003349423
2022-10-18 07:39:42.364000+00:00,2.34529,1.2000376568827194,1.1452523431172805,1.1452523431172805
2022-10-18 07:39:44.271000+00:00,0.41694,1.2000544636065293,-0.7831144636065294,0.7831144636065294
2022-10-18 07:39:46.200000+00:00,11.2053,1.200071464220179,10.005228535779821,10.005228535779821
2022-10-18 07:39:48.097000+00:00,0.31271,1.200088182812244,-0.887378182812244,0.887378182812244
2022-10-18 07:39:50.085000+00:00,0.23453,1.2001057034031901,-0.9655757034031901,0.9655757034031901
2022-10-18 07:39:55.618000+00:00,1.17265,1.2001544666978106,-0.027504466697810592,0.027504466697810592
2022-10-18 07:39:57.581000+00:00,2.08471,1.2001717669593939,0.884538233040606,0.884538233040606
2022-10-18 07:39:59.487000+00:00,0.26059,1.2001885648700297,-0.9395985648700297,0.9395985648700297
2022-10-18 07:40:01.291000+00:00,0.0,1.2002044638368639,-1.2002044638368639,1.2002044638368639
2022-10-18 07:40:03.206000+00:00,0.0,1.2002213410660705,-1.2002213410660705,1.2002213410660705
2022-10-18 07:40:05.034000+00:00,0.0,1.2002374515490932,-1.2002374515490932,1.2002374515490932
2022-10-18 07:40:06.956000+00:00,0.0,1.2002543904705214,-1.2002543904705214,1.2002543904705214
2022-10-18 07:40:08.790000+00:00,0.0,1.2002705538325915,-1.2002705538325915,1.2002705538325915
2022-10-18 07:40:10.638000+00:00,0.0,1.2002868405791047,-1.2002868405791047,1.2002868405791047
2022-10-18 07:40:12.472000+00:00,0.0,1.2003030039411748,-1.2003030039411748,1.2003030039411748
2022-10-18 07:40:14.381000+00:00,0.0,1.200319828291334,-1.200319828291334,1.200319828291334
2022-10-18 07:40:16.253000+00:00,0.0,1.2003363265540359,-1.2003363265540359,1.2003363265540359
2022-10-18 07:40:18.146000+00:00,0.0,1.2003530098934028,-1.2003530098934028,1.2003530098934028
2022-10-18 07:40:20.065000+00:00,0.0,1.200369922375307,-1.200369922375307,1.200369922375307
2022-10-18 07:40:21.972000+00:00,0.0,1.2003867290991175,-1.2003867290991175,1.2003867290991175
2022-10-18 07:40:23.878000+00:00,0.0,1.2004035270097528,-1.2004035270097528,1.2004035270097528
2022-10-18 07:40:25.851000+00:00,0.49512,1.2004209154030814,-0.7053009154030814,0.7053009154030814
2022-10-18 07:40:27.773000+00:00,9.09453,1.2004378543245093,7.894092145675492,7.894092145675492
2022-10-18 07:40:29.752000+00:00,0.72965,1.200455295596885,-0.470805295596885,0.470805295596885
2022-10-18 07:40:31.740000+00:00,0.59935,1.200472816187831,-0.601122816187831,0.601122816187831
2022-10-18 07:40:33.658000+00:00,0.33876,1.200489719856561,-0.861729719856561,0.861729719856561
2022-10-18 07:40:35.581000+00:00,1.61565,1.2005066675911635,0.4151433324088365,0.4151433324088365
2022-10-18 07:40:37.447000+00:00,4.873,1.200523112974818,3.6724768870251823,3.6724768870251823
2022-10-18 07:40:39.399000+00:00,0.18241,1.2005403162914816,-1.0181303162914817,1.0181303162914817
2022-10-18 07:40:41.330000+00:00,0.59935,1.2005573345314802,-0.6012073345314801,0.6012073345314801
2022-10-18 07:40:43.252000+00:00,0.28665,1.2005742734529083,-0.9139242734529083,0.9139242734529083
2022-10-18 07:40:45.138000+00:00,0.18241,1.2005908951000532,-1.0181808951000533,1.0181808951000533
2022-10-18 07:40:47.146000+00:00,1.79806,1.2006085919544902,0.5974514080455098,0.5974514080455098
2022-10-18 07:40:48.994000+00:00,2.81435,1.2006248787010034,1.6137251212989967,1.6137251212989967
2022-10-18 07:40:50.869000+00:00,4.63847,1.200641403403229,3.4378285965967708,3.4378285965967708
2022-10-18 07:40:52.696000+00:00,0.15635,1.2006575050730772,-1.0443075050730772,1.0443075050730772
2022-10-18 07:40:54.616000+00:00,0.10424,1.2006744263681564,-1.0964344263681562,1.0964344263681562
2022-10-18 07:41:00.414000+00:00,0.0,1.2007255251540245,-1.2007255251540245,1.2007255251540245
2022-10-18 07:41:02.233000+00:00,0.0,1.200741556318477,-1.200741556318477,1.200741556318477
2022-10-18 07:41:04.103000+00:00,0.0,1.2007580369548299,-1.2007580369548299,1.2007580369548299
2022-10-18 07:41:05.992000+00:00,0.0,1.2007746850414986,-1.2007746850414986,1.2007746850414986
2022-10-18 07:41:07.844000+00:00,0.0,1.20079100704071,-1.20079100704071,1.20079100704071
2022-10-18 07:41:09.701000+00:00,0.0,1.2008073731057942,-1.2008073731057942,1.2008073731057942
2022-10-18 07:41:11.681000+00:00,0.0,1.2008248231913443,-1.2008248231913443,1.2008248231913443
2022-10-18 07:41:13.535000+00:00,0.0,1.200841162816905,-1.200841162816905,1.200841162816905
2022-10-18 07:41:15.399000+00:00,0.0,1.2008575905742105,-1.2008575905742105,1.2008575905742105
2022-10-18 07:41:17.337000+00:00,0.41694,1.2008746705064308,-0.7839346705064308,0.7839346705064308
2022-10-18 07:41:19.223000+00:00,12.14342,1.200891292153576,10.942528707846424,10.942528707846424
2022-10-18 07:41:21.114000+00:00,0.72965,1.2009079578665938,-0.47125795786659375,0.47125795786659375
2022-10-18 07:41:23.056000+00:00,0.52118,1.2009250730515122,-0.6797450730515122,0.6797450730515122
2022-10-18 07:41:24.884000+00:00,0.31271,1.2009411835345352,-0.8882311835345351,0.8882311835345351
2022-10-18 07:41:26.763000+00:00,0.75571,1.2009577434894587,-0.4452477434894587,0.4452477434894587
2022-10-18 07:41:28.699000+00:00,0.31271,1.20097480579533,-0.88826480579533,0.88826480579533
2022-10-18 07:41:30.547000+00:00,1.45929,1.2009910925418432,0.25829890745815676,0.25829890745815676
2022-10-18 07:41:32.799000+00:00,0.26059,1.2010109398108628,-0.9404209398108628,0.9404209398108628
2022-10-18 07:41:34.745000+00:00,1.09447,1.2010280902484793,-0.10655809024847929,0.10655809024847929
2022-10-18 07:41:36.681000+00:00,0.33876,1.2010451525543504,-0.8622851525543505,0.8622851525543505
2022-10-18 07:41:38.697000+00:00,0.23453,1.2010629199141833,-0.9665329199141833,0.9665329199141833
2022-10-18 07:41:40.509000+00:00,0.15635,1.2010788893864142,-1.0447288893864142,1.0447288893864142
2022-10-18 07:41:42.509000+00:00,15.505,1.2010965157354545,14.303903484264547,14.303903484264547
2022-10-18 07:41:44.448000+00:00,0.83388,1.2011136044808493,-0.3672336044808493,0.3672336044808493
2022-10-18 07:41:46.383000+00:00,0.23453,1.201130657973546,-0.9666006579735459,0.9666006579735459
2022-10-18 07:41:48.306000+00:00,0.31271,1.2011476057081483,-0.8884376057081482,0.8884376057081482
2022-10-18 07:41:50.161000+00:00,0.0,1.2011639541468835,-1.2011639541468835,1.2011639541468835
2022-10-18 07:41:52.071000+00:00,0.0,1.201180787310217,-1.201180787310217,1.201180787310217
2022-10-18 07:41:53.807000+00:00,0.0,1.2011960869811842,-1.2011960869811842,1.2011960869811842
2022-10-18 07:41:55.619000+00:00,0.0,1.201212056453415,-1.201212056453415,1.201212056453415
2022-10-18 07:41:57.517000+00:00,0.0,1.2012287838586544,-1.2012287838586544,1.2012287838586544
2022-10-18 07:41:59.384000+00:00,0.0,1.2012452380554837,-1.2012452380554837,1.2012452380554837
2022-10-18 07:42:04.877000+00:00,0.0,1.2012936488231234,-1.2012936488231234,1.2012936488231234
2022-10-18 07:42:06.802000+00:00,0.0,1.201310614184075,-1.201310614184075,1.201310614184075
2022-10-18 07:42:08.741000+00:00,0.15635,1.2013277029294698,-1.0449777029294698,1.0449777029294698
2022-10-18 07:42:10.607000+00:00,1.19871,1.2013441483131244,-0.0026341483131244736,0.0026341483131244736
2022-10-18 07:42:12.464000+00:00,0.72965,1.2013605143782087,-0.47171051437820866,0.47171051437820866
2022-10-18 07:42:14.320000+00:00,0.23453,1.201376871630118,-0.9668468716301181,0.9668468716301181
2022-10-18 07:42:16.221000+00:00,0.33876,1.2013936254748812,-0.8626336254748812,0.8626336254748812
2022-10-18 07:42:18.128000+00:00,1.61565,1.2014104321986911,0.4142395678013089,0.4142395678013089
2022-10-18 07:42:20.065000+00:00,4.69059,1.2014275033177368,3.4891624966822636,3.4891624966822636
2022-10-18 07:42:22.018000+00:00,0.23453,1.201444715447575,-0.9669147154475749,0.9669147154475749
2022-10-18 07:42:23.910000+00:00,1.92835,1.2014613899737672,0.7268886100262328,0.7268886100262328
2022-10-18 07:42:25.797000+00:00,0.20847,1.2014780204340871,-0.9930080204340872,0.9930080204340872
2022-10-18 07:42:27.676000+00:00,0.20847,1.2014945803890105,-0.9930245803890105,0.9930245803890105
2022-10-18 07:42:29.613000+00:00,1.92835,1.2015116515080562,0.7268383484919438,0.7268383484919438
2022-10-18 07:42:31.471000+00:00,0.85994,1.2015280263863148,-0.3415880263863148,0.3415880263863148
2022-10-18 07:42:33.410000+00:00,13.23789,1.2015451151317096,12.03634488486829,12.03634488486829
2022-10-18 07:42:35.410000+00:00,0.15635,1.2015627414807502,-1.0452127414807502,1.0452127414807502
2022-10-18 07:42:37.283000+00:00,0.18241,1.2015792485566266,-1.0191692485566266,1.0191692485566266
2022-10-18 07:42:39.253000+00:00,0.28665,1.2015966105104314,-0.9149466105104314,0.9149466105104314
2022-10-18 07:42:41.168000+00:00,0.0,1.2016134877396376,-1.2016134877396376,1.2016134877396376
2022-10-18 07:42:43.051000+00:00,0.0,1.2016300829472595,-1.2016300829472595,1.2016300829472595
2022-10-18 07:42:44.924000+00:00,0.0,1.2016465900231357,-1.2016465900231357,1.2016465900231357
2022-10-18 07:42:46.769000+00:00,0.0,1.2016628503301257,-1.2016628503301257,1.2016628503301257
2022-10-18 07:42:48.646000+00:00,0.0,1.2016793926587002,-1.2016793926587002,1.2016793926587002
2022-10-18 07:42:50.550000+00:00,0.0,1.2016961729429867,-1.2016961729429867,1.2016961729429867
2022-10-18 07:42:52.362000+00:00,0.0,1.2017121424152175,-1.2017121424152175,1.2017121424152175
2022-10-18 07:42:54.268000+00:00,0.0,1.2017289403258529,-1.2017289403258529,1.2017289403258529
2022-10-18 07:42:56.120000+00:00,0.0,1.2017452623250646,-1.2017452623250646,1.2017452623250646
2022-10-18 07:42:58.034000+00:00,0.0,1.2017621307410962,-1.2017621307410962,1.2017621307410962
2022-10-18 07:42:59.909000+00:00,0.0,1.2017786554433216,-1.2017786554433216,1.2017786554433216
2022-10-18 07:43:01.814000+00:00,0.0,1.2017954445407826,-1.2017954445407826,1.2017954445407826
2022-10-18 07:43:03.641000+00:00,0.0,1.2018115462106311,-1.2018115462106311,1.2018115462106311
2022-10-18 07:43:09.334000+00:00,8.15641,1.201861719613175,6.954548280386824,6.954548280386824
2022-10-18 07:43:11.212000+00:00,0.13029,1.201878270754924,-1.071588270754924,1.071588270754924
2022-10-18 07:43:13.206000+00:00,1.85018,1.2018958442249175,0.6482841557750825,0.6482841557750825
2022-10-18 07:43:15.158000+00:00,2.76224,1.2019130475415811,1.5603269524584187,1.5603269524584187
2022-10-18 07:43:17.127000+00:00,18.57995,1.2019304006822114,17.37801959931779,17.37801959931779
2022-10-18 07:43:19.105000+00:00,3.25735,1.2019478331414124,2.055402166858588,2.055402166858588
2022-10-18 07:43:21.095000+00:00,2.26712,1.2019653713587077,1.065154628641292,1.065154628641292
2022-10-18 07:43:23.012000+00:00,0.59935,1.201982266214263,-0.6026322662142629,0.6026322662142629
2022-10-18 07:43:24.868000+00:00,0.39088,1.2019986234661726,-0.8111186234661726,0.8111186234661726
2022-10-18 07:43:26.775000+00:00,1.74594,1.2020154301899826,0.5439245698100175,0.5439245698100175
2022-10-18 07:43:28.641000+00:00,0.443,1.2020318755736374,-0.7590318755736374,0.7590318755736374
2022-10-18 07:43:30.551000+00:00,0.02606,1.2020487087369711,-1.1759887087369711,1.1759887087369711
2022-10-18 07:43:32.520000+00:00,1.87624,1.2020660618776016,0.6741739381223983,0.6741739381223983
2022-10-18 07:43:34.424000+00:00,4.06518,1.202082842161888,2.8630971578381117,2.8630971578381117
2022-10-18 07:43:36.268000+00:00,0.02606,1.2020990936557032,-1.1760390936557032,1.1760390936557032
2022-10-18 07:43:38.210000+00:00,3.17918,1.2021162088406216,1.9770637911593785,1.9770637911593785
2022-10-18 07:43:40.049000+00:00,0.28665,1.2021324162685643,-0.9154824162685642,0.9154824162685642
2022-10-18 07:43:41.987000+00:00,0.0,1.2021494962007848,-1.2021494962007848,1.2021494962007848
2022-10-18 07:43:43.878000+00:00,0.0,1.2021661619138024,-1.2021661619138024,1.2021661619138024
2022-10-18 07:43:45.804000+00:00,0.0,1.2021831360879283,-1.2021831360879283,1.2021831360879283
2022-10-18 07:43:47.707000+00:00,0.0,1.2021999075590406,-1.2021999075590406,1.2021999075590406
2022-10-18 07:43:49.584000+00:00,0.0,1.202216449887615,-1.202216449887615,1.202216449887615
2022-10-18 07:43:51.503000+00:00,0.0,1.2022333623695194,-1.2022333623695194,1.2022333623695194
2022-10-18 07:43:53.408000+00:00,0.0,1.2022501514669806,-1.2022501514669806,1.2022501514669806
2022-10-18 07:43:55.306000+00:00,0.0,1.2022668788722197,-1.2022668788722197,1.2022668788722197
2022-10-18 07:43:57.221000+00:00,0.0,1.2022837561014261,-1.2022837561014261,1.2022837561014261
2022-10-18 07:43:59.173000+00:00,0.52118,1.2023009594180896,-0.6811209594180896,0.6811209594180896
2022-10-18 07:44:00.997000+00:00,5.99353,1.2023170346484147,4.791212965351585,4.791212965351585
2022-10-18 07:44:02.815000+00:00,2.215,1.2023330569996924,1.0126669430003075,1.0126669430003075
2022-10-18 07:44:04.721000+00:00,0.36482,1.202349854910328,-0.837529854910328,0.837529854910328
2022-10-18 07:44:06.597000+00:00,0.20847,1.202366388425728,-0.9938963884257281,0.9938963884257281
2022-10-18 07:44:08.596000+00:00,1.01629,1.2023840059615938,-0.18609400596159387,0.18609400596159387
2022-10-18 07:44:14.122000+00:00,0.31271,1.2024327075639927,-0.8897227075639926,0.8897227075639926
2022-10-18 07:44:15.975000+00:00,0.07818,1.2024490383763788,-1.124269038376379,1.124269038376379
2022-10-18 07:44:17.877000+00:00,3.987,1.2024658010343163,2.7845341989656838,2.7845341989656838
2022-10-18 07:44:19.835000+00:00,0.28665,1.202483057230027,-0.9158330572300268,0.9158330572300268
2022-10-18 07:44:21.736000+00:00,0.31271,1.20249981107479,-0.8897898110747899,0.8897898110747899
2022-10-18 07:44:23.689000+00:00,1.40718,1.2025170232046278,0.20466297679537226,0.20466297679537226
2022-10-18 07:44:25.580000+00:00,1.22477,1.202533688917646,0.02223631108235402,0.02223631108235402
2022-10-18 07:44:27.575000+00:00,5.42024,1.2025512712008135,4.217688728799186,4.217688728799186
2022-10-18 07:44:29.534000+00:00,0.26059,1.2025685362096987,-0.9419785362096987,0.9419785362096987
2022-10-18 07:44:31.455000+00:00,0.0,1.2025854663179523,-1.2025854663179523,1.2025854663179523
2022-10-18 07:44:33.330000+00:00,0.0,1.2026019910201775,-1.2026019910201775,1.2026019910201775
2022-10-18 07:44:35.205000+00:00,0.0,1.2026185157224032,-1.2026185157224032,1.2026185157224032
2022-10-18 07:44:37.127000+00:00,0.0,1.2026354546438311,-1.2026354546438311,1.2026354546438311
2022-10-18 07:44:39.050000+00:00,0.0,1.2026524023784335,-1.2026524023784335,1.2026524023784335
2022-10-18 07:44:40.934000+00:00,0.0,1.2026690063992298,-1.2026690063992298,1.2026690063992298
2022-10-18 07:44:42.846000+00:00,0.0,1.2026858571889125,-1.2026858571889125,1.2026858571889125
2022-10-18 07:44:44.754000+00:00,0.0,1.202702672725897,-1.202702672725897,1.202702672725897
2022-10-18 07:44:46.611000+00:00,0.0,1.2027190387909812,-1.2027190387909812,1.2027190387909812
2022-10-18 07:44:48.471000+00:00,0.0,1.2027354312955887,-1.2027354312955887,1.2027354312955887
2022-10-18 07:44:50.333000+00:00,0.0,1.2027518414265455,-1.2027518414265455,1.2027518414265455
2022-10-18 07:44:52.191000+00:00,0.0,1.2027682163048041,-1.2027682163048041,1.2027682163048041
2022-10-18 07:44:54.003000+00:00,0.0,1.2027841857770347,-1.2027841857770347,1.2027841857770347
2022-10-18 07:44:55.981000+00:00,0.46906,1.2028016182362358,-0.7337416182362357,0.7337416182362357
2022-10-18 07:44:57.929000+00:00,4.97724,1.2028187863002011,3.774421213699799,3.774421213699799
2022-10-18 07:44:59.909000+00:00,0.70359,1.2028362363857514,-0.4992462363857514,0.4992462363857514
2022-10-18 07:45:01.805000+00:00,1.87624,1.2028529461646418,0.6733870538353581,0.6733870538353581
2022-10-18 07:45:03.783000+00:00,0.28665,1.2028703786238428,-0.9162203786238428,0.9162203786238428
2022-10-18 07:45:05.726000+00:00,1.19871,1.2028875026219357,-0.004177502621935725,0.004177502621935725
2022-10-18 07:45:07.663000+00:00,4.5603,1.2029045737409814,3.3573954262590187,3.3573954262590187
2022-10-18 07:45:09.580000+00:00,0.20847,1.2029214685965366,-0.9944514685965367,0.9944514685965367
2022-10-18 07:45:11.416000+00:00,0.80782,1.2029376495849557,-0.39511764958495577,0.39511764958495577
2022-10-18 07:45:13.378000+00:00,0.26059,1.2029549410333646,-0.9423649410333647,0.9423649410333647
2022-10-18 07:45:19.009000+00:00,0.78176,1.2030045680190882,-0.42124456801908816,0.42124456801908816
2022-10-18 07:45:20.916000+00:00,12.03918,1.2030213747428982,10.836158625257102,10.836158625257102
2022-10-18 07:45:22.793000+00:00,0.02606,1.2030379170714727,-1.1769779170714727,1.1769779170714727
2022-10-18 07:45:24.791000+00:00,0.28665,1.2030555257941642,-0.9164055257941641,0.9164055257941641
2022-10-18 07:45:26.780000+00:00,0.23453,1.203073055198285,-0.9685430551982849,0.9685430551982849
2022-10-18 07:45:28.656000+00:00,0.0,1.2030895887136848,-1.2030895887136848,1.2030895887136848
2022-10-18 07:45:30.503000+00:00,0.0,1.2031058666470238,-1.2031058666470238,1.2031058666470238
2022-10-18 07:45:32.425000+00:00,0.0,1.2031228055684517,-1.2031228055684517,1.2031228055684517
2022-10-18 07:45:34.300000+00:00,0.0,1.2031393302706772,-1.2031393302706772,1.2031393302706772
2022-10-18 07:45:36.177000+00:00,0.0,1.2031558725992517,-1.2031558725992517,1.2031558725992517
2022-10-18 07:45:38.065000+00:00,0.0,1.2031725118727459,-1.2031725118727459,1.2031725118727459
2022-10-18 07:45:39.925000+00:00,0.0,1.2031889043773536,-1.2031889043773536,1.2031889043773536
2022-10-18 07:45:41.846000+00:00,0.0,1.203205834485607,-1.203205834485607,1.203205834485607
2022-10-18 07:45:43.706000+00:00,0.0,1.2032222269902146,-1.2032222269902146,1.2032222269902146
2022-10-18 07:45:45.534000+00:00,0.0,1.2032383374732376,-1.2032383374732376,1.2032383374732376
2022-10-18 07:45:47.460000+00:00,0.13029,1.2032553116473637,-1.0729653116473636,1.0729653116473636
2022-10-18 07:45:49.409000+00:00,1.19871,1.2032724885245036,-0.004562488524503694,0.004562488524503694
2022-10-18 07:45:51.346000+00:00,0.83388,1.2032895596435493,-0.3694095596435494,0.3694095596435494
2022-10-18 07:45:53.355000+00:00,0.18241,1.2033072653111607,-1.0208972653111608,1.0208972653111608
2022-10-18 07:45:55.253000+00:00,0.07818,1.2033239927164,-1.1251439927164,1.1251439927164
2022-10-18 07:45:57.241000+00:00,3.38765,1.2033415133073462,2.184308486692654,2.184308486692654
2022-10-18 07:45:59.190000+00:00,2.68406,1.2033586901844862,1.480701309815514,1.480701309815514
2022-10-18 07:46:01.117000+00:00,1.19871,1.2033756731717866,-0.004665673171786677,0.004665673171786677
2022-10-18 07:46:03.014000+00:00,0.96418,1.2033923917638516,-0.23921239176385156,0.23921239176385156
2022-10-18 07:46:04.891000+00:00,0.18241,1.203408934092426,-1.0209989340924261,1.0209989340924261
2022-10-18 07:46:06.838000+00:00,1.79806,1.203426093343217,0.594633906656783,0.594633906656783
2022-10-18 07:46:08.782000+00:00,4.53424,1.2034432261544845,3.330796773845515,3.330796773845515
2022-10-18 07:46:10.672000+00:00,3.93488,1.2034598830543275,2.7314201169456727,2.7314201169456727
2022-10-18 07:46:12.499000+00:00,1.95441,1.203475984724176,0.7509340152758239,0.7509340152758239
2022-10-18 07:46:14.367000+00:00,0.20847,1.2034924477341797,-0.9950224477341798,0.9950224477341798
2022-10-18 07:46:16.304000+00:00,0.15635,1.2035095188532257,-1.0471595188532257,1.0471595188532257
2022-10-18 07:46:18.222000+00:00,0.23453,1.2035264225219555,-0.9689964225219555,0.9689964225219555
2022-10-18 07:46:23.626000+00:00,0.0,1.203574048917063,-1.203574048917063,1.203574048917063
2022-10-18 07:46:25.501000+00:00,0.0,1.2035905736192882,-1.2035905736192882,1.2035905736192882
2022-10-18 07:46:27.376000+00:00,0.0,1.203607098321514,-1.203607098321514,1.203607098321514
2022-10-18 07:46:29.298000+00:00,0.0,1.2036240372429416,-1.2036240372429416,1.2036240372429416
2022-10-18 07:46:31.189000+00:00,0.0,1.2036407029559595,-1.2036407029559595,1.2036407029559595
2022-10-18 07:46:33.064000+00:00,0.0,1.203657227658185,-1.203657227658185,1.203657227658185
2022-10-18 07:46:34.922000+00:00,0.0,1.2036736025364436,-1.2036736025364436,1.2036736025364436
2022-10-18 07:46:36.815000+00:00,0.0,1.2036902858758105,-1.2036902858758105,1.2036902858758105
2022-10-18 07:46:38.681000+00:00,0.0,1.2037067312594651,-1.2037067312594651,1.2037067312594651
2022-10-18 07:46:40.595000+00:00,0.0,1.203723599675497,-1.203723599675497,1.203723599675497
2022-10-18 07:46:42.439000+00:00,0.0,1.2037398511693123,-1.2037398511693123,1.2037398511693123
2022-10-18 07:46:44.360000+00:00,0.0,1.2037567812775656,-1.2037567812775656,1.2037567812775656
2022-10-18 07:46:46.212000+00:00,0.0,1.2037731032767773,-1.2037731032767773,1.2037731032767773
2022-10-18 07:46:48.069000+00:00,0.0,1.2037894693418614,-1.2037894693418614,1.2037894693418614
2022-10-18 07:46:49.985000+00:00,0.0,1.2038063553842422,-1.2038063553842422,1.2038063553842422
2022-10-18 07:46:51.862000+00:00,0.0,1.2038228977128167,-1.2038228977128167,1.2038228977128167
2022-10-18 07:46:53.734000+00:00,0.0,1.2038393959755185,-1.2038393959755185,1.2038393959755185
2022-10-18 07:46:55.548000+00:00,0.0,1.2038553830740983,-1.2038553830740983,1.2038553830740983
2022-10-18 07:46:57.447000+00:00,0.39088,1.2038721192925121,-0.8129921192925121,0.8129921192925121
2022-10-18 07:46:59.313000+00:00,0.72965,1.203888564676167,-0.474238564676167,0.474238564676167
2022-10-18 07:47:01.298000+00:00,0.96418,1.2039060588275898,-0.2397260588275898,0.2397260588275898
2022-10-18 07:47:03.196000+00:00,10.86653,1.203922786232829,9.66260721376717,9.66260721376717
2022-10-18 07:47:04.938000+00:00,0.02606,1.2039381387828434,-1.1778781387828434,1.1778781387828434
2022-10-18 07:47:06.868000+00:00,2.91859,1.2039551482096673,1.7146348517903327,1.7146348517903327
2022-10-18 07:47:08.764000+00:00,2.84041,1.2039718579885579,1.636438142011442,1.636438142011442
2022-10-18 07:47:10.724000+00:00,3.02282,1.2039891318106175,1.8188308681893823,1.8188308681893823
2022-10-18 07:47:12.612000+00:00,0.78176,1.2040057710841117,-0.42224577108411165,0.42224577108411165
2022-10-18 07:47:14.560000+00:00,0.443,1.2040229391480772,-0.7610229391480772,0.7610229391480772
2022-10-18 07:47:16.456000+00:00,0.85994,1.2040396489269676,-0.34409964892696754,0.34409964892696754
2022-10-18 07:47:18.417000+00:00,0.99024,1.2040569315622016,-0.2138169315622016,0.2138169315622016
2022-10-18 07:47:20.292000+00:00,2.24106,1.2040734562644273,1.0369865437355728,1.0369865437355728
2022-10-18 07:47:22.262000+00:00,3.59612,1.2040908182182322,2.392029181781768,2.392029181781768
2022-10-18 07:47:28.573000+00:00,0.26059,1.2041464381626295,-0.9435564381626295,0.9435564381626295
2022-10-18 07:47:30.448000+00:00,0.0,1.204162962864855,-1.204162962864855,1.204162962864855
2022-10-18 07:47:32.355000+00:00,0.0,1.2041797695886651,-1.2041797695886651,1.2041797695886651
2022-10-18 07:47:34.230000+00:00,0.0,1.2041962942908904,-1.2041962942908904,1.2041962942908904
2022-10-18 07:47:36.134000+00:00,0.0,1.204213074575177,-1.204213074575177,1.204213074575177
2022-10-18 07:47:37.996000+00:00,0.0,1.2042294847061337,-1.2042294847061337,1.2042294847061337
2022-10-18 07:47:39.871000+00:00,0.0,1.2042460094083591,-1.2042460094083591,1.2042460094083591
2022-10-18 07:47:41.776000+00:00,0.0,1.20426279850582,-1.20426279850582,1.20426279850582
2022-10-18 07:47:43.630000+00:00,0.0,1.2042791381313807,-1.2042791381313807,1.2042791381313807
2022-10-18 07:47:45.449000+00:00,0.0,1.204295169295833,-1.204295169295833,1.204295169295833
2022-10-18 07:47:47.308000+00:00,0.0,1.2043115529872663,-1.2043115529872663,1.2043115529872663
2022-10-18 07:47:49.171000+00:00,0.443,1.2043279719313975,-0.7613279719313975,0.7613279719313975
2022-10-18 07:47:51.062000+00:00,0.0,1.2043446376444154,-1.2043446376444154,1.2043446376444154
2022-10-18 07:47:52.886000+00:00,0.0,1.20436071287474,-1.20436071287474,1.20436071287474
2022-10-18 07:47:54.746000+00:00,0.0,1.204377105379348,-1.204377105379348,1.204377105379348
2022-10-18 07:47:56.620000+00:00,0.0,1.204393621268399,-1.204393621268399,1.204393621268399
2022-10-18 07:47:58.449000+00:00,0.0,1.2044097405645964,-1.2044097405645964,1.2044097405645964
2022-10-18 07:48:00.558000+00:00,0.0,1.2044283275496594,-1.2044283275496594,1.2044283275496594
2022-10-18 07:48:02.479000+00:00,0.0,1.204445257657913,-1.204445257657913,1.204445257657913
2022-10-18 07:48:04.378000+00:00,0.0,1.2044619938763268,-1.2044619938763268,1.2044619938763268
2022-10-18 07:48:06.253000+00:00,0.0,1.2044785185785523,-1.2044785185785523,1.2044785185785523
2022-10-18 07:48:08.132000+00:00,0.0,1.2044950785334758,-1.2044950785334758,1.2044950785334758
2022-10-18 07:48:10.065000+00:00,0.0,1.2045121143998236,-1.2045121143998236,1.2045121143998236
2022-10-18 07:48:11.950000+00:00,0.0,1.2045287272337941,-1.2045287272337941,1.2045287272337941
2022-10-18 07:48:13.862000+00:00,0.0,1.204545578023477,-1.204545578023477,1.204545578023477
2022-10-18 07:48:15.773000+00:00,0.0,1.2045624199999851,-1.2045624199999851,1.2045624199999851
2022-10-18 07:48:17.691000+00:00,0.0,1.204579323668715,-1.204579323668715,1.204579323668715
2022-10-18 07:48:19.502000+00:00,0.0,1.2045952843277712,-1.2045952843277712,1.2045952843277712
2022-10-18 07:48:21.268000+00:00,0.0,1.204610848393974,-1.204610848393974,1.204610848393974
2022-10-18 07:48:23.128000+00:00,0.0,1.2046272408985814,-1.2046272408985814,1.2046272408985814
2022-10-18 07:48:24.987000+00:00,0.0,1.2046436245900147,-1.2046436245900147,1.2046436245900147
2022-10-18 07:48:26.893000+00:00,0.0,1.20466042250065,-1.20466042250065,1.20466042250065
2022-10-18 07:48:32.894000+00:00,2.29318,1.2047133103609462,1.0884666896390538,1.0884666896390538
2022-10-18 07:48:34.791000+00:00,0.78176,1.2047300289530112,-0.42297002895301117,0.42297002895301117
2022-10-18 07:48:36.730000+00:00,4.01306,1.204747117698406,2.8083128823015944,2.8083128823015944
2022-10-18 07:48:38.677000+00:00,0.33876,1.2047642769491969,-0.8660042769491969,0.8660042769491969
2022-10-18 07:48:40.636000+00:00,1.64171,1.204781541958082,0.43692845804191793,0.43692845804191793
2022-10-18 07:48:42.565000+00:00,4.63847,1.2047985425717316,3.433671457428268,3.433671457428268
2022-10-18 07:48:44.401000+00:00,0.26059,1.2048147235601507,-0.9442247235601507,0.9442247235601507
2022-10-18 07:48:46.359000+00:00,0.96418,1.2048319797558613,-0.24065197975586128,0.24065197975586128
2022-10-18 07:48:48.278000+00:00,0.28665,1.2048488922377658,-0.9181988922377657,0.9181988922377657
2022-10-18 07:48:50.135000+00:00,0.26059,1.20486525830285,-0.9442752583028501,0.9442752583028501
2022-10-18 07:48:52.073000+00:00,0.75571,1.2048823382350702,-0.4491723382350702,0.4491723382350702
2022-10-18 07:48:54.035000+00:00,0.59935,1.2048996296834789,-0.6055496296834788,0.6055496296834788
2022-10-18 07:48:55.868000+00:00,9.12059,1.2049157842323743,7.915674215767625,7.915674215767625
2022-10-18 07:48:57.745000+00:00,0.10424,1.2049323265609488,-1.100692326560949,1.100692326560949
2022-10-18 07:48:59.693000+00:00,0.07818,1.2049494946249144,-1.1267694946249145,1.1267694946249145
2022-10-18 07:49:01.693000+00:00,0.31271,1.2049671209739548,-0.8922571209739547,0.8922571209739547
2022-10-18 07:49:03.629000+00:00,0.0,1.204984183279826,-1.204984183279826,1.204984183279826
2022-10-18 07:49:05.470000+00:00,0.0,1.2050004083341177,-1.2050004083341177,1.2050004083341177
2022-10-18 07:49:07.314000+00:00,0.0,1.2050166598279333,-1.2050166598279333,1.2050166598279333
2022-10-18 07:49:09.200000+00:00,0.0,1.2050332814750782,-1.2050332814750782,1.2050332814750782
2022-10-18 07:49:11.052000+00:00,0.0,1.20504960347429,-1.20504960347429,1.20504960347429
2022-10-18 07:49:12.892000+00:00,0.0,1.2050658197154072,-1.2050658197154072,1.2050658197154072
2022-10-18 07:49:14.720000+00:00,0.0,1.2050819301984301,-1.2050819301984301,1.2050819301984301
2022-10-18 07:49:16.549000+00:00,0.0,1.2050980494946275,-1.2050980494946275,1.2050980494946275
2022-10-18 07:49:18.409000+00:00,0.0,1.2051144419992355,-1.2051144419992355,1.2051144419992355
2022-10-18 07:49:20.269000+00:00,0.0,1.205130834503843,-1.205130834503843,1.205130834503843
2022-10-18 07:49:22.127000+00:00,0.0,1.2051472093821016,-1.2051472093821016,1.2051472093821016
2022-10-18 07:49:24.112000+00:00,0.443,1.2051647035335242,-0.7621647035335242,0.7621647035335242
2022-10-18 07:49:26.023000+00:00,4.58635,1.2051815455100323,3.381168454489968,3.381168454489968
2022-10-18 07:49:27.949000+00:00,0.23453,1.2051985196841586,-0.9706685196841586,0.9706685196841586
2022-10-18 07:49:29.847000+00:00,0.36482,1.205215247089398,-0.8403952470893981,0.8403952470893981
2022-10-18 07:49:31.742000+00:00,0.05212,1.205231948055114,-1.153111948055114,1.153111948055114
2022-10-18 07:49:37.519000+00:00,0.49512,1.2052828617643172,-0.7101628617643172,0.7101628617643172
2022-10-18 07:49:39.518000+00:00,0.28665,1.2053004793001831,-0.9186504793001831,0.9186504793001831
2022-10-18 07:49:41.314000+00:00,4.06518,1.2053163077616216,2.8598636922383784,2.8598636922383784
2022-10-18 07:49:43.315000+00:00,1.56353,1.2053339429238368,0.3581960570761633,0.3581960570761633
2022-10-18 07:49:45.283000+00:00,0.13029,1.2053512872512924,-1.0750612872512924,1.0750612872512924
2022-10-18 07:49:47.222000+00:00,0.28665,1.2053683759966871,-0.918718375996687,0.918718375996687
2022-10-18 07:49:49.221000+00:00,22.12395,1.2053859935325533,20.91856400646745,20.91856400646745
2022-10-18 07:49:51.125000+00:00,1.98047,1.2054027738168398,0.7750672261831602,0.7750672261831602
2022-10-18 07:49:53.071000+00:00,3.544,1.205419924254456,2.338580075745544,2.338580075745544
2022-10-18 07:49:55.055000+00:00,0.31271,1.2054374095927045,-0.8927274095927045,0.8927274095927045
2022-10-18 07:49:56.979000+00:00,0.0,1.2054543661404813,-1.2054543661404813,1.2054543661404813
2022-10-18 07:49:59.064000+00:00,0.0,1.205472741609356,-1.205472741609356,1.205472741609356
2022-10-18 07:50:00.945000+00:00,0.0,1.2054893191906286,-1.2054893191906286,1.2054893191906286
2022-10-18 07:50:02.831000+00:00,0.0,1.2055059408377737,-1.2055059408377737,1.2055059408377737
2022-10-18 07:50:04.690000+00:00,0.0,1.2055223245292068,-1.2055223245292068,1.2055223245292068
2022-10-18 07:50:06.518000+00:00,0.0,1.20553843501223,-1.20553843501223,1.20553843501223
2022-10-18 07:50:08.393000+00:00,0.0,1.2055549597144553,-1.2055549597144553,1.2055549597144553
2022-10-18 07:50:10.210000+00:00,0.0,1.2055709732525588,-1.2055709732525588,1.2055709732525588
2022-10-18 07:50:12.019000+00:00,0.0,1.2055869162852657,-1.2055869162852657,1.2055869162852657
2022-10-18 07:50:13.881000+00:00,0.0,1.2056033264162225,-1.2056033264162225,1.2056033264162225
2022-10-18 07:50:15.743000+00:00,0.0,1.2056197365471792,-1.2056197365471792,1.2056197365471792
2022-10-18 07:50:17.690000+00:00,0.72965,1.2056368957979702,-0.47598689579797016,0.47598689579797016
2022-10-18 07:50:19.788000+00:00,1.87624,1.2056553858381136,0.6705846141618863,0.6705846141618863
2022-10-18 07:50:21.667000+00:00,0.91206,1.2056719457930372,-0.2936119457930372,0.2936119457930372
2022-10-18 07:50:23.638000+00:00,2.81435,1.2056893165600164,1.6086606834399837,1.6086606834399837
2022-10-18 07:50:25.550000+00:00,0.31271,1.2057061673496992,-0.8929961673496991,0.8929961673496991
2022-10-18 07:50:27.397000+00:00,0.54724,1.2057224452830382,-0.6584824452830382,0.6584824452830382
2022-10-18 07:50:29.355000+00:00,4.76877,1.2057397014787488,3.563030298521251,3.563030298521251
2022-10-18 07:50:31.243000+00:00,0.23453,1.205756340752243,-0.9712263407522429,0.9712263407522429
2022-10-18 07:50:33.191000+00:00,0.83388,1.2057735088162085,-0.37189350881620853,0.37189350881620853
2022-10-18 07:50:35.098000+00:00,0.31271,1.2057903155400185,-0.8930803155400184,0.8930803155400184
2022-10-18 07:50:36.974000+00:00,0.20847,1.2058068490554186,-0.9973368490554186,0.9973368490554186
2022-10-18 07:50:42.721000+00:00,9.56359,1.2058574983693866,8.357732501630613,8.357732501630613
2022-10-18 07:50:44.596000+00:00,0.10424,1.2058740230716118,-1.101634023071612,1.101634023071612
2022-10-18 07:50:46.502000+00:00,0.13029,1.2058908209822476,-1.0756008209822476,1.0756008209822476
2022-10-18 07:50:48.449000+00:00,0.26059,1.2059079802330386,-0.9453179802330386,0.9453179802330386
2022-10-18 07:50:50.361000+00:00,0.0,1.2059248310227213,-1.2059248310227213,1.2059248310227213
2022-10-18 07:50:52.237000+00:00,0.0,1.2059413645381212,-1.2059413645381212,1.2059413645381212
2022-10-18 07:50:54.019000+00:00,0.0,1.205957069615116,-1.205957069615116,1.205957069615116
2022-10-18 07:50:55.897000+00:00,0.0,1.2059736207568652,-1.2059736207568652,1.2059736207568652
2022-10-18 07:50:57.769000+00:00,0.0,1.205990119019567,-1.205990119019567,1.205990119019567
2022-10-18 07:50:59.637000+00:00,0.0,1.206006582029571,-1.206006582029571,1.206006582029571
2022-10-18 07:51:01.487000+00:00,0.0,1.2060228864024336,-1.2060228864024336,1.2060228864024336
2022-10-18 07:51:03.362000+00:00,0.0,1.2060394111046588,-1.2060394111046588,1.2060394111046588
2022-10-18 07:51:05.284000+00:00,0.0,1.2060563500260868,-1.2060563500260868,1.2060563500260868
2022-10-18 07:51:07.130000+00:00,0.0,1.2060726191462512,-1.2060726191462512,1.2060726191462512
2022-10-18 07:51:09.128000+00:00,0.26059,1.2060902278689425,-0.9455002278689425,0.9455002278689425
2022-10-18 07:51:10.965000+00:00,0.41694,1.2061064176705363,-0.7891664176705363,0.7891664176705363
2022-10-18 07:51:12.863000+00:00,0.67753,1.2061231450757757,-0.5285931450757757,0.5285931450757757
2022-10-18 07:51:14.705000+00:00,1.95441,1.206139378943242,0.748270621056758,0.748270621056758
2022-10-18 07:51:16.618000+00:00,0.59935,1.2061562385460993,-0.6068062385460993,0.6068062385460993
2022-10-18 07:51:18.465000+00:00,1.61565,1.2061725164794381,0.4094774835205619,0.4094774835205619
2022-10-18 07:51:20.413000+00:00,0.39088,1.2061896845434035,-0.8153096845434035,0.8153096845434035
2022-10-18 07:51:22.315000+00:00,0.443,1.2062064472013412,-0.7632064472013411,0.7632064472013411
2022-10-18 07:51:24.229000+00:00,0.31271,1.206223315617373,-0.8935133156173729,0.8935133156173729
2022-10-18 07:51:26.169000+00:00,2.658,1.206240413175942,1.4517595868240578,1.4517595868240578
2022-10-18 07:51:28.116000+00:00,0.33876,1.206257572426733,-0.8674975724267331,0.8674975724267331
2022-10-18 07:51:30.066000+00:00,0.93812,1.2062747581170474,-0.2681547581170475,0.2681547581170475
2022-10-18 07:51:32.011000+00:00,0.20847,1.2062918997414895,-0.9978218997414896,0.9978218997414896
2022-10-18 07:51:33.908000+00:00,17.74606,1.2063086183335545,16.539751381666445,16.539751381666445
2022-10-18 07:51:35.787000+00:00,0.39088,1.2063251782884779,-0.8154451782884778,0.8154451782884778
2022-10-18 07:51:37.784000+00:00,2.68406,1.2063427781979947,1.4777172218020054,1.4777172218020054
2022-10-18 07:51:39.682000+00:00,0.31271,1.2063595056032343,-0.8936495056032343,0.8936495056032343
2022-10-18 07:51:41.611000+00:00,0.0,1.2063765062168839,-1.2063765062168839,1.2063765062168839
2022-10-18 07:51:47.080000+00:00,0.0,1.206424705468335,-1.206424705468335,1.206424705468335
2022-10-18 07:51:48.957000+00:00,0.0,1.2064412477969095,-1.2064412477969095,1.2064412477969095
2022-10-18 07:51:50.820000+00:00,0.0,1.206457666741041,-1.206457666741041,1.206457666741041
2022-10-18 07:51:52.690000+00:00,0.0,1.2064741473773937,-1.2064741473773937,1.2064741473773937
2022-10-18 07:51:54.550000+00:00,0.0,1.2064905398820014,-1.2064905398820014,1.2064905398820014
2022-10-18 07:51:56.486000+00:00,0.0,1.2065076021878727,-1.2065076021878727,1.2065076021878727
2022-10-18 07:51:58.408000+00:00,0.0,1.2065245411093004,-1.2065245411093004,1.2065245411093004
2022-10-18 07:52:00.315000+00:00,0.0,1.2065413478331104,-1.2065413478331104,1.2065413478331104
2022-10-18 07:52:02.190000+00:00,0.0,1.206557872535336,-1.206557872535336,1.206557872535336
2022-10-18 07:52:04.043000+00:00,0.52118,1.206574203347722,-0.685394203347722,0.685394203347722
2022-10-18 07:52:05.921000+00:00,3.544,1.2065907544894712,2.337409245510529,2.337409245510529
2022-10-18 07:52:07.838000+00:00,0.33876,1.2066076493450264,-0.8678476493450265,0.8678476493450265
2022-10-18 07:52:09.818000+00:00,0.443,1.2066250994305765,-0.7636250994305764,0.7636250994305764
2022-10-18 07:52:11.684000+00:00,8.23459,1.2066415448142314,7.027948455185769,7.027948455185769
2022-10-18 07:52:13.629000+00:00,9.38118,1.206658686438673,8.174521313561328,8.174521313561328
2022-10-18 07:52:15.571000+00:00,3.85671,1.2066758016235912,2.650034198376409,2.650034198376409
2022-10-18 07:52:17.582000+00:00,2.00653,1.2066935249175517,0.7998364750824485,0.7998364750824485
2022-10-18 07:52:19.502000+00:00,0.13029,1.2067104462126306,-1.0764204462126306,1.0764204462126306
2022-10-18 07:52:21.409000+00:00,0.33876,1.2067272529364406,-0.8679672529364406,0.8679672529364406
2022-10-18 07:52:23.346000+00:00,2.13682,1.2067443240554865,0.9300756759445137,0.9300756759445137
2022-10-18 07:52:25.233000+00:00,0.33876,1.206760954515806,-0.8680009545158061,0.8680009545158061
2022-10-18 07:52:27.172000+00:00,0.15635,1.2067780432612008,-1.0504280432612008,1.0504280432612008
2022-10-18 07:52:29.080000+00:00,1.64171,1.2067948587981854,0.4349151412018146,0.4349151412018146
2022-10-18 07:52:30.906000+00:00,0.93812,1.2068109516548593,-0.26869095165485934,0.26869095165485934
2022-10-18 07:52:32.803000+00:00,0.36482,1.2068276702469243,-0.8420076702469244,0.8420076702469244
2022-10-18 07:52:34.772000+00:00,0.80782,1.2068450233875545,-0.3990250233875545,0.3990250233875545
2022-10-18 07:52:36.660000+00:00,0.26059,1.2068616626610489,-0.9462716626610489,0.9462716626610489
2022-10-18 07:52:38.581000+00:00,0.0,1.2068785927693022,-1.2068785927693022,1.2068785927693022
2022-10-18 07:52:40.486000+00:00,0.0,1.2068953818667634,-1.2068953818667634,1.2068953818667634
2022-10-18 07:52:42.362000+00:00,0.0,1.2069119153821635,-1.2069119153821635,1.2069119153821635
2022-10-18 07:52:44.198000+00:00,0.0,1.2069280963705826,-1.2069280963705826,1.2069280963705826
2022-10-18 07:52:46.069000+00:00,0.0,1.2069445858201098,-1.2069445858201098,1.2069445858201098
2022-10-18 07:52:51.566000+00:00,0.0,1.2069930318404478,-1.2069930318404478,1.2069930318404478
2022-10-18 07:52:53.495000+00:00,0.0,1.2070100324540973,-1.2070100324540973,1.2070100324540973
2022-10-18 07:52:55.315000+00:00,0.0,1.207026072431724,-1.207026072431724,1.207026072431724
2022-10-18 07:52:57.206000+00:00,0.0,1.207042738144742,-1.207042738144742,1.207042738144742
2022-10-18 07:52:59.066000+00:00,0.0,1.2070591306493497,-1.2070591306493497,1.2070591306493497
2022-10-18 07:53:00.944000+00:00,0.0,1.2070756817910986,-1.2070756817910986,1.2070756817910986
2022-10-18 07:53:02.800000+00:00,0.0,1.2070920390430082,-1.2070920390430082,1.2070920390430082
2022-10-18 07:53:04.663000+00:00,0.0,1.2071084579871394,-1.2071084579871394,1.2071084579871394
2022-10-18 07:53:06.535000+00:00,0.0,1.2071249562498414,-1.2071249562498414,1.2071249562498414
2022-10-18 07:53:08.409000+00:00,0.0,1.2071414721388922,-1.2071414721388922,1.2071414721388922
2022-10-18 07:53:10.315000+00:00,0.0,1.2071582700495278,-1.2071582700495278,1.2071582700495278
2022-10-18 07:53:12.190000+00:00,0.0,1.2071747947517533,-1.2071747947517533,1.2071747947517533
2022-10-18 07:53:14.065000+00:00,0.0,1.2071913194539787,-1.2071913194539787,1.2071913194539787
2022-10-18 07:53:15.930000+00:00,0.0,1.207207756024459,-1.207207756024459,1.207207756024459
2022-10-18 07:53:17.830000+00:00,0.0,1.2072245010560474,-1.2072245010560474,1.2072245010560474
2022-10-18 07:53:19.721000+00:00,0.0,1.2072411667690655,-1.2072411667690655,1.2072411667690655
2022-10-18 07:53:21.581000+00:00,0.0,1.207257559273673,-1.207257559273673,1.207257559273673
2022-10-18 07:53:23.409000+00:00,0.0,1.207273669756696,-1.207273669756696,1.207273669756696
2022-10-18 07:53:25.316000+00:00,0.0,1.2072904764805061,-1.2072904764805061,1.2072904764805061
2022-10-18 07:53:27.185000+00:00,0.0,1.2073069483036845,-1.2073069483036845,1.2073069483036845
2022-10-18 07:53:29.144000+00:00,0.0,1.2073242133125697,-1.2073242133125697,1.2073242133125697
2022-10-18 07:53:31.121000+00:00,6.38441,1.207341636958596,5.177068363041403,5.177068363041403
2022-10-18 07:53:33.033000+00:00,1.06841,1.2073584877482788,-0.13894848774827873,0.13894848774827873
2022-10-18 07:53:34.929000+00:00,1.35506,1.2073751975271692,0.14768480247283078,0.14768480247283078
2022-10-18 07:53:36.847000+00:00,0.05212,1.2073921011958992,-1.1552721011958993,1.1552721011958993
2022-10-18 07:53:38.754000+00:00,2.24106,1.2074089079197092,1.0336510920802908,1.0336510920802908
2022-10-18 07:53:40.662000+00:00,2.68406,1.2074257234566939,1.4766342765433063,1.4766342765433063
2022-10-18 07:53:42.533000+00:00,1.61565,1.2074422129062212,0.4082077870937788,0.4082077870937788
2022-10-18 07:53:44.441000+00:00,0.59935,1.2074590284432059,-0.6081090284432058,0.6081090284432058
2022-10-18 07:53:46.274000+00:00,0.49512,1.2074751829921015,-0.7123551829921015,0.7123551829921015
2022-10-18 07:53:48.213000+00:00,0.36482,1.2074922717374963,-0.8426722717374964,0.8426722717374964
2022-10-18 07:53:50.100000+00:00,0.75571,1.2075089021978158,-0.4517989021978158,0.4517989021978158
2022-10-18 07:53:56.300000+00:00,1.17265,1.2075635438798415,-0.03491354387984158,0.03491354387984158
2022-10-18 07:53:58.237000+00:00,1.01629,1.2075806149988872,-0.19129061499888733,0.19129061499888733
2022-10-18 07:54:00.097000+00:00,1.66777,1.207597007503495,0.460172992496505,0.460172992496505
2022-10-18 07:54:01.989000+00:00,0.28665,1.2076136820296872,-0.9209636820296871,0.9209636820296871
2022-10-18 07:54:03.877000+00:00,0.0,1.2076303213031814,-1.2076303213031814,1.2076303213031814
2022-10-18 07:54:05.758000+00:00,0.0,1.207646898884454,-1.207646898884454,1.207646898884454
2022-10-18 07:54:07.581000+00:00,0.0,1.2076629653016044,-1.2076629653016044,1.2076629653016044
2022-10-18 07:54:09.455000+00:00,0.0,1.2076794811906553,-1.2076794811906553,1.2076794811906553
2022-10-18 07:54:11.331000+00:00,0.0,1.2076960147060554,-1.2076960147060554,1.2076960147060554
2022-10-18 07:54:13.190000+00:00,0.0,1.2077123983974885,-1.2077123983974885,1.2077123983974885
2022-10-18 07:54:15.050000+00:00,0.0,1.2077287909020962,-1.2077287909020962,1.2077287909020962
2022-10-18 07:54:16.972000+00:00,0.0,1.207745729823524,-1.207745729823524,1.207745729823524
2022-10-18 07:54:18.863000+00:00,0.0,1.2077623955365417,-1.2077623955365417,1.2077623955365417
2022-10-18 07:54:20.757000+00:00,0.0,1.207779087689083,-1.207779087689083,1.207779087689083
2022-10-18 07:54:22.692000+00:00,0.39088,1.20779614118178,-0.8169161411817799,0.8169161411817799
2022-10-18 07:54:24.565000+00:00,4.79482,1.207812648257656,3.5870073517423435,3.5870073517423435
2022-10-18 07:54:26.455000+00:00,0.75571,1.2078293051574995,-0.45211930515749954,0.45211930515749954
2022-10-18 07:54:28.284000+00:00,2.44953,1.207845424453697,1.2416845755463033,1.2416845755463033
2022-10-18 07:54:30.119000+00:00,0.07818,1.2078615966289417,-1.1296815966289417,1.1296815966289417
2022-10-18 07:54:32.036000+00:00,3.101,1.207878491484497,1.8931215085155029,1.8931215085155029
2022-10-18 07:54:33.862000+00:00,2.89253,1.207894584341171,1.6846354156588288,1.6846354156588288
2022-10-18 07:54:35.742000+00:00,2.86647,1.207911153109269,1.658558846890731,1.658558846890731
2022-10-18 07:54:37.596000+00:00,0.26059,1.2079274927348296,-0.9473374927348296,0.9473374927348296
2022-10-18 07:54:39.503000+00:00,0.59935,1.2079442994586396,-0.6085942994586395,0.6085942994586395
2022-10-18 07:54:41.349000+00:00,0.20847,1.207960568578804,-0.999490568578804,0.999490568578804
2022-10-18 07:54:43.237000+00:00,0.31271,1.2079772078522983,-0.8952672078522983,0.8952672078522983
2022-10-18 07:54:45.165000+00:00,3.23129,1.2079941996527732,2.023295800347227,2.023295800347227
2022-10-18 07:54:47.091000+00:00,2.81435,1.2080111738268993,1.6063388261731009,1.6063388261731009
2022-10-18 07:54:49.002000+00:00,2.91859,1.2080280158034076,1.7105619841965924,1.7105619841965924
2022-10-18 07:54:50.836000+00:00,0.18241,1.2080441791654777,-1.0256341791654777,1.0256341791654777
2022-10-18 07:54:52.847000+00:00,0.20847,1.208061902459438,-0.999591902459438,0.999591902459438
2022-10-18 07:54:54.815000+00:00,0.26059,1.2080792467868937,-0.9474892467868937,0.9474892467868937
2022-10-18 07:55:00.736000+00:00,0.0,1.2081314295932282,-1.2081314295932282,1.2081314295932282
2022-10-18 07:55:02.611000+00:00,0.0,1.2081479542954536,-1.2081479542954536,1.2081479542954536
2022-10-18 07:55:04.487000+00:00,0.0,1.2081644878108535,-1.2081644878108535,1.2081644878108535
2022-10-18 07:55:06.393000+00:00,0.0,1.208181285721489,-1.208181285721489,1.208181285721489
2022-10-18 07:55:08.168000+00:00,0.0,1.2081969291062626,-1.2081969291062626,1.2081969291062626
2022-10-18 07:55:09.956000+00:00,0.0,1.208212687062305,-1.208212687062305,1.208212687062305
2022-10-18 07:55:11.784000+00:00,0.0,1.2082287975453276,-1.2082287975453276,1.2082287975453276
2022-10-18 07:55:13.753000+00:00,0.443,1.208246150685958,-0.765246150685958,0.765246150685958
2022-10-18 07:55:15.769000+00:00,1.04235,1.208263918045791,-0.16591391804579092,0.16591391804579092
2022-10-18 07:55:17.727000+00:00,0.72965,1.2082811742415016,-0.4786311742415016,0.4786311742415016
2022-10-18 07:55:19.645000+00:00,0.02606,1.2082980779102315,-1.1822380779102315,1.1822380779102315
2022-10-18 07:55:21.481000+00:00,0.33876,1.2083142588986506,-0.8695542588986507,0.8695542588986507
2022-10-18 07:55:23.319000+00:00,0.0,1.2083304575134188,-1.2083304575134188,1.2083304575134188
2022-10-18 07:55:25.268000+00:00,4.5603,1.2083476343905588,3.351952365609441,3.351952365609441
2022-10-18 07:55:27.195000+00:00,0.28665,1.2083646173778595,-0.9217146173778594,0.9217146173778594
2022-10-18 07:55:29.195000+00:00,0.67753,1.2083822437268998,-0.5308522437268999,0.5308522437268999
2022-10-18 07:55:31.165000+00:00,0.28665,1.2083996056807047,-0.9217496056807046,0.9217496056807046
2022-10-18 07:55:33.128000+00:00,0.18241,1.208416905942288,-1.026006905942288,1.026006905942288
2022-10-18 07:55:35.042000+00:00,1.71988,1.2084337743583196,0.5114462256416805,0.5114462256416805
2022-10-18 07:55:36.920000+00:00,1.35506,1.2084503255000687,0.14660967449993123,0.14660967449993123
2022-10-18 07:55:38.909000+00:00,2.24106,1.2084678549041894,1.0325921450958107,1.0325921450958107
2022-10-18 07:55:40.795000+00:00,0.13029,1.2084844765513347,-1.0781944765513347,1.0781944765513347
2022-10-18 07:55:42.752000+00:00,0.18241,1.208501723933871,-1.026091723933871,1.026091723933871
2022-10-18 07:55:44.600000+00:00,0.23453,1.2085180106803843,-0.9739880106803843,0.9739880106803843
2022-10-18 07:55:46.448000+00:00,0.0,1.2085342974268976,-1.2085342974268976,1.2085342974268976
2022-10-18 07:55:48.314000+00:00,0.0,1.2085507428105524,-1.2085507428105524,1.2085507428105524
2022-10-18 07:55:50.211000+00:00,0.0,1.2085674614026174,-1.2085674614026174,1.2085674614026174
2022-10-18 07:55:52.081000+00:00,0.0,1.2085839420389703,-1.2085839420389703,1.2085839420389703
2022-10-18 07:55:53.941000+00:00,0.0,1.2086003345435778,-1.2086003345435778,1.2086003345435778
2022-10-18 07:55:55.822000+00:00,0.0,1.2086169121248505,-1.2086169121248505,1.2086169121248505
2022-10-18 07:55:57.691000+00:00,0.0,1.2086333839480288,-1.2086333839480288,1.2086333839480288
2022-10-18 07:55:59.519000+00:00,0.0,1.208649494431052,-1.208649494431052,1.208649494431052
2022-10-18 07:56:05.290000+00:00,1.85018,1.2087003552612083,0.6414796447387916,0.6414796447387916
2022-10-18 07:56:07.208000+00:00,0.91206,1.208717258929938,-0.296657258929938,0.296657258929938
2022-10-18 07:56:09.055000+00:00,0.31271,1.208733536863277,-0.896023536863277,0.896023536863277
2022-10-18 07:56:10.993000+00:00,0.443,1.2087506167954971,-0.765750616795497,0.765750616795497
2022-10-18 07:56:12.901000+00:00,1.71988,1.2087674323324817,0.5111125676675183,0.5111125676675183
2022-10-18 07:56:14.893000+00:00,2.86647,1.208784988176126,1.6576850118238742,1.6576850118238742
2022-10-18 07:56:16.777000+00:00,0.26059,1.2088015921969224,-0.9482115921969224,0.9482115921969224
2022-10-18 07:56:18.684000+00:00,0.33876,1.2088183989207324,-0.8700583989207324,0.8700583989207324
2022-10-18 07:56:20.601000+00:00,0.57329,1.2088352937762878,-0.6355452937762879,0.6355452937762879
2022-10-18 07:56:22.428000+00:00,0.46906,1.2088513954461362,-0.7397913954461361,0.7397913954461361
2022-10-18 07:56:24.427000+00:00,0.0,1.2088690129820021,-1.2088690129820021,1.2088690129820021
2022-10-18 07:56:26.285000+00:00,0.26059,1.2088853878602608,-0.9482953878602608,0.9482953878602608
2022-10-18 07:56:28.226000+00:00,20.63859,1.2089024942320046,19.429687505767998,19.429687505767998
2022-10-18 07:56:30.111000+00:00,2.42347,1.2089191070659753,1.2145508929340247,1.2145508929340247
2022-10-18 07:56:32.065000+00:00,6.25412,1.2089363280089878,5.045183671991013,5.045183671991013
2022-10-18 07:56:33.978000+00:00,0.28665,1.208953187611845,-0.9223031876118448,0.9223031876118448
2022-10-18 07:56:35.900000+00:00,0.0,1.208970126533273,-1.208970126533273,1.208970126533273
2022-10-18 07:56:37.737000+00:00,0.0,1.2089863163348666,-1.2089863163348666,1.2089863163348666
2022-10-18 07:56:39.650000+00:00,0.0,1.209003175937724,-1.209003175937724,1.209003175937724
2022-10-18 07:56:41.581000+00:00,0.0,1.2090201941777226,-1.2090201941777226,1.2090201941777226
2022-10-18 07:56:43.502000+00:00,0.0,1.2090371242859759,-1.2090371242859759,1.2090371242859759
2022-10-18 07:56:45.390000+00:00,0.0,1.20905376355947,-1.20905376355947,1.20905376355947
2022-10-18 07:56:47.299000+00:00,0.0,1.209070587909629,-1.209070587909629,1.209070587909629
2022-10-18 07:56:49.174000+00:00,0.0,1.2090871126118548,-1.2090871126118548,1.2090871126118548
2022-10-18 07:56:51.101000+00:00,0.0,1.2091040955991552,-1.2091040955991552,1.2091040955991552
2022-10-18 07:56:52.946000+00:00,0.0,1.209120355906145,-1.209120355906145,1.209120355906145
2022-10-18 07:56:54.894000+00:00,0.46906,1.2091375239701105,-0.7400775239701105,0.7400775239701105
2022-10-18 07:56:56.883000+00:00,4.66453,1.2091550533742312,3.455374946625769,3.455374946625769
2022-10-18 07:56:58.821000+00:00,0.62541,1.2091721333064513,-0.5837621333064513,0.5837621333064513
2022-10-18 07:57:00.789000+00:00,2.78829,1.2091894776339074,1.5791005223660926,1.5791005223660926
2022-10-18 07:57:02.799000+00:00,0.28665,1.2092071921146932,-0.9225571921146931,0.9225571921146931
2022-10-18 07:57:04.694000+00:00,5.73294,1.209223893080409,4.523716106919592,4.523716106919592
2022-10-18 07:57:10.321000+00:00,0.49512,1.2092734848134343,-0.7141534848134343,0.7141534848134343
2022-10-18 07:57:12.260000+00:00,0.18241,1.209290573558829,-1.0268805735588291,1.0268805735588291
2022-10-18 07:57:14.258000+00:00,0.18241,1.2093081822815206,-1.0268981822815206,1.0268981822815206
2022-10-18 07:57:16.206000+00:00,1.09447,1.2093253503454862,-0.1148553503454861,0.1148553503454861
2022-10-18 07:57:18.141000+00:00,2.76224,1.2093424038381828,1.552897596161817,1.552897596161817
2022-10-18 07:57:19.987000+00:00,0.10424,1.2093586729583472,-1.1051186729583473,1.1051186729583473
2022-10-18 07:57:21.940000+00:00,0.20847,1.209375885088185,-1.0009058850881851,1.0009058850881851
2022-10-18 07:57:23.888000+00:00,0.20847,1.2093930531521506,-1.0009230531521507,1.0009230531521507
2022-10-18 07:57:25.765000+00:00,0.26059,1.2094095954807251,-0.9488195954807251,0.9488195954807251
2022-10-18 07:57:27.639000+00:00,0.0,1.2094261113697762,-1.2094261113697762,1.2094261113697762
2022-10-18 07:57:29.565000+00:00,0.0,1.209443085543902,-1.209443085543902,1.209443085543902
2022-10-18 07:57:31.472000+00:00,0.0,1.2094598922677122,-1.2094598922677122,1.2094598922677122
2022-10-18 07:57:33.362000+00:00,0.0,1.2094765491675554,-1.2094765491675554,1.2094765491675554
2022-10-18 07:57:35.237000+00:00,0.0,1.2094930738697809,-1.2094930738697809,1.2094930738697809
2022-10-18 07:57:37.151000+00:00,0.0,1.2095099422858127,-1.2095099422858127,1.2095099422858127
2022-10-18 07:57:38.947000+00:00,0.0,1.209525770747251,-1.209525770747251,1.209525770747251
2022-10-18 07:57:40.803000+00:00,0.0,1.2095421279991605,-1.2095421279991605,1.2095421279991605
2022-10-18 07:57:42.785000+00:00,0.0,1.2095595957110596,-1.2095595957110596,1.2095595957110596
2022-10-18 07:57:44.649000+00:00,0.0,1.2095760234683655,-1.2095760234683655,1.2095760234683655
2022-10-18 07:57:46.581000+00:00,0.0,1.2095930505215384,-1.2095930505215384,1.2095930505215384
2022-10-18 07:57:48.493000+00:00,0.0,1.2096099013112211,-1.2096099013112211,1.2096099013112211
2022-10-18 07:57:50.363000+00:00,0.0,1.209626381947574,-1.209626381947574,1.209626381947574
2022-10-18 07:57:52.284000+00:00,0.0,1.2096433120558276,-1.2096433120558276,1.2096433120558276
2022-10-18 07:57:54.168000+00:00,0.0,1.2096599160766237,-1.2096599160766237,1.2096599160766237
2022-10-18 07:57:56.007000+00:00,0.0,1.2096761235045663,-1.2096761235045663,1.2096761235045663
2022-10-18 07:57:57.878000+00:00,0.0,1.2096926129540937,-1.2096926129540937,1.2096926129540937
2022-10-18 07:57:59.752000+00:00,0.0,1.2097091288431447,-1.2097091288431447,1.2097091288431447
2022-10-18 07:58:01.613000+00:00,0.0,1.2097255301609269,-1.2097255301609269,1.2097255301609269
2022-10-18 07:58:03.565000+00:00,0.0,1.2097427334775905,-1.2097427334775905,1.2097427334775905
2022-10-18 07:58:05.456000+00:00,0.0,1.2097593991906082,-1.2097593991906082,1.2097593991906082
2022-10-18 07:58:07.330000+00:00,0.0,1.2097759150796592,-1.2097759150796592,1.2097759150796592
2022-10-18 07:58:09.154000+00:00,0.0,1.2097919903099843,-1.2097919903099843,1.2097919903099843
2022-10-18 07:58:14.831000+00:00,0.0,1.2098420227017357,-1.2098420227017357,1.2098420227017357
2022-10-18 07:58:16.769000+00:00,0.0,1.2098591026339558,-1.2098591026339558,1.2098591026339558
2022-10-18 07:58:18.632000+00:00,0.0,1.209875521578087,-1.209875521578087,1.209875521578087
2022-10-18 07:58:20.550000+00:00,0.0,1.2098924252468168,-1.2098924252468168,1.2098924252468168
2022-10-18 07:58:22.439000+00:00,0.0,1.2099090733334856,-1.2099090733334856,1.2099090733334856
2022-10-18 07:58:24.304000+00:00,0.0,1.2099255099039659,-1.2099255099039659,1.2099255099039659
2022-10-18 07:58:26.087000+00:00,0.0,1.2099412237941354,-1.2099412237941354,1.2099412237941354
2022-10-18 07:58:27.972000+00:00,0.0,1.209957836628106,-1.209957836628106,1.209957836628106
2022-10-18 07:58:29.847000+00:00,0.0,1.2099743613303318,-1.2099743613303318,1.2099743613303318
2022-10-18 07:58:31.722000+00:00,0.0,1.209990886032557,-1.209990886032557,1.209990886032557
2022-10-18 07:58:33.618000+00:00,0.0,1.2100075958114473,-1.2100075958114473,1.2100075958114473
2022-10-18 07:58:35.487000+00:00,0.0,1.2100240676346259,-1.2100240676346259,1.2100240676346259
2022-10-18 07:58:37.409000+00:00,0.0,1.2100410065560536,-1.2100410065560536,1.2100410065560536
2022-10-18 07:58:39.283000+00:00,0.0,1.2100575224451047,-1.2100575224451047,1.2100575224451047
2022-10-18 07:58:41.206000+00:00,0.0,1.2100744701797073,-1.2100744701797073,1.2100744701797073
2022-10-18 07:58:43.097000+00:00,0.0,1.2100911358927249,-1.2100911358927249,1.2100911358927249
2022-10-18 07:58:44.971000+00:00,0.0,1.210107651781776,-1.210107651781776,1.210107651781776
2022-10-18 07:58:46.768000+00:00,0.0,1.2101234890563886,-1.2101234890563886,1.2101234890563886
2022-10-18 07:58:48.635000+00:00,0.0,1.210139943253218,-1.210139943253218,1.210139943253218
2022-10-18 07:58:50.522000+00:00,0.0,1.2101565737135376,-1.2101565737135376,1.2101565737135376
2022-10-18 07:58:52.394000+00:00,0.0,1.2101730719762396,-1.2101730719762396,1.2101730719762396
2022-10-18 07:58:54.268000+00:00,0.0,1.2101895878652904,-1.2101895878652904,1.2101895878652904
2022-10-18 07:58:56.174000+00:00,0.0,1.2102063857759262,-1.2102063857759262,1.2102063857759262
2022-10-18 07:58:58.002000+00:00,0.0,1.2102224962589492,-1.2102224962589492,1.2102224962589492
2022-10-18 07:58:59.894000+00:00,0.0,1.2102391707851414,-1.2102391707851414,1.2102391707851414
2022-10-18 07:59:01.800000+00:00,0.0,1.210255968695777,-1.210255968695777,1.210255968695777
2022-10-18 07:59:03.628000+00:00,0.0,1.2102720791788,-1.2102720791788,1.2102720791788
2022-10-18 07:59:05.549000+00:00,0.0,1.2102890092870533,-1.2102890092870533,1.2102890092870533
2022-10-18 07:59:07.441000+00:00,0.0,1.2103056838132458,-1.2103056838132458,1.2103056838132458
2022-10-18 07:59:09.378000+00:00,0.0,1.2103227549322915,-1.2103227549322915,1.2103227549322915
2022-10-18 07:59:11.237000+00:00,0.0,1.2103391386237248,-1.2103391386237248,1.2103391386237248
2022-10-18 07:59:13.127000+00:00,0.0,1.210355795523568,-1.210355795523568,1.210355795523568
2022-10-18 07:59:19.347000+00:00,0.0,1.210410613469084,-1.210410613469084,1.210410613469084
2022-10-18 07:59:21.284000+00:00,0.0,1.2104276845881294,-1.2104276845881294,1.2104276845881294
2022-10-18 07:59:23.206000+00:00,0.0,1.2104446235095576,-1.2104446235095576,1.2104446235095576
2022-10-18 07:59:25.090000+00:00,0.0,1.2104612275303537,-1.2104612275303537,1.2104612275303537
2022-10-18 07:59:26.956000+00:00,0.0,1.2104776729140085,-1.2104776729140085,1.2104776729140085
2022-10-18 07:59:28.847000+00:00,0.0,1.2104943386270262,-1.2104943386270262,1.2104943386270262
2022-10-18 07:59:30.732000+00:00,0.0,1.2105109514609969,-1.2105109514609969,1.2105109514609969
2022-10-18 07:59:32.600000+00:00,0.0,1.2105274144710008,-1.2105274144710008,1.2105274144710008
2022-10-18 07:59:34.534000+00:00,0.0,1.2105444591505228,-1.2105444591505228,1.2105444591505228
2022-10-18 07:59:36.384000+00:00,0.0,1.2105607635233855,-1.2105607635233855,1.2105607635233855
2022-10-18 07:59:38.192000+00:00,0.0,1.210576697742918,-1.210576697742918,1.210576697742918
2022-10-18 07:59:40.078000+00:00,0.0,1.210593319390063,-1.210593319390063,1.210593319390063
2022-10-18 07:59:41.925000+00:00,0.0,1.2106095973234021,-1.2106095973234021,1.2106095973234021
2022-10-18 07:59:43.815000+00:00,0.0,1.210626254223245,-1.210626254223245,1.210626254223245
2022-10-18 07:59:45.629000+00:00,0.0,1.210642241321825,-1.210642241321825,1.210642241321825
2022-10-18 07:59:47.518000+00:00,0.0,1.2106588894084935,-1.2106588894084935,1.2106588894084935
2022-10-18 07:59:49.379000+00:00,0.0,1.2106752907262759,-1.2106752907262759,1.2106752907262759
2022-10-18 07:59:51.316000+00:00,0.0,1.2106923618453216,-1.2106923618453216,1.2106923618453216
2022-10-18 07:59:53.167000+00:00,0.0,1.2107086750313587,-1.2107086750313587,1.2107086750313587
2022-10-18 07:59:55.034000+00:00,0.0,1.2107251292281878,-1.2107251292281878,1.2107251292281878
2022-10-18 07:59:56.925000+00:00,0.0,1.2107417949412058,-1.2107417949412058,1.2107417949412058
2022-10-18 07:59:58.799000+00:00,0.0,1.2107583108302566,-1.2107583108302566,1.2107583108302566
2022-10-18 08:00:00.655000+00:00,0.0,1.2107746680821663,-1.2107746680821663,1.2107746680821663
2022-10-18 08:00:02.440000+00:00,0.0,1.2107903995986848,-1.2107903995986848,1.2107903995986848
2022-10-18 08:00:04.363000+00:00,0.0,1.2108073473332872,-1.2108073473332872,1.2108073473332872
2022-10-18 08:00:06.218000+00:00,0.0,1.2108236957720224,-1.2108236957720224,1.2108236957720224
2022-10-18 08:00:08.044000+00:00,0.0,1.2108397886286963,-1.2108397886286963,1.2108397886286963
2022-10-18 08:00:09.903000+00:00,0.0,1.2108561723201294,-1.2108561723201294,1.2108561723201294
2022-10-18 08:00:11.903000+00:00,0.0,1.21087379866917,-1.21087379866917,1.21087379866917
2022-10-18 08:00:13.777000+00:00,0.0,1.2108903145582208,-1.2108903145582208,1.2108903145582208
2022-10-18 08:00:15.699000+00:00,0.0,1.210907253479649,-1.210907253479649,1.210907253479649
2022-10-18 08:00:17.582000+00:00,0.0,1.2109238486872704,-1.2109238486872704,1.2109238486872704
2022-10-18 08:00:24.075000+00:00,0.0,1.2109810726294303,-1.2109810726294303,1.2109810726294303
2022-10-18 08:00:25.923000+00:00,0.0,1.210997359375944,-1.210997359375944,1.210997359375944
2022-10-18 08:00:27.794000+00:00,0.0,1.2110138488254711,-1.2110138488254711,1.2110138488254711
2022-10-18 08:00:29.653000+00:00,0.0,1.2110302325169044,-1.2110302325169044,1.2110302325169044
2022-10-18 08:00:31.543000+00:00,0.0,1.2110468894167477,-1.2110468894167477,1.2110468894167477
2022-10-18 08:00:33.418000+00:00,0.0,1.2110634141189731,-1.2110634141189731,1.2110634141189731
2022-10-18 08:00:35.371000+00:00,0.0,1.211080626248811,-1.211080626248811,1.211080626248811
2022-10-18 08:00:37.309000+00:00,0.0,1.2110977061810315,-1.2110977061810315,1.2110977061810315
2022-10-18 08:00:39.183000+00:00,0.0,1.2111142220700823,-1.2111142220700823,1.2111142220700823
2022-10-18 08:00:41.016000+00:00,0.0,1.211130376618978,-1.211130376618978,1.211130376618978
2022-10-18 08:00:42.893000+00:00,0.0,1.2111469189475526,-1.2111469189475526,1.2111469189475526
2022-10-18 08:00:44.719000+00:00,0.0,1.2111630118042265,-1.2111630118042265,1.2111630118042265
2022-10-18 08:00:46.640000+00:00,0.0,1.2111799419124798,-1.2111799419124798,1.2111799419124798
2022-10-18 08:00:48.568000+00:00,0.0,1.2111969337129547,-1.2111969337129547,1.2111969337129547
2022-10-18 08:00:50.496000+00:00,0.0,1.2112139255134298,-1.2112139255134298,1.2112139255134298
2022-10-18 08:00:52.419000+00:00,0.0,1.2112308732480324,-1.2112308732480324,1.2112308732480324
2022-10-18 08:00:54.277000+00:00,0.0,1.2112472481262908,-1.2112472481262908,1.2112472481262908
2022-10-18 08:00:56.150000+00:00,0.0,1.2112637552021674,-1.2112637552021674,1.2112637552021674
2022-10-18 08:00:58.036000+00:00,0.0,1.2112803768493126,-1.2112803768493126,1.2112803768493126
2022-10-18 08:00:59.951000+00:00,0.0,1.2112972540785187,-1.2112972540785187,1.2112972540785187
2022-10-18 08:01:01.871000+00:00,0.0,1.2113141753735976,-1.2113141753735976,1.2113141753735976
2022-10-18 08:01:03.690000+00:00,0.0,1.21133020653805,-1.21133020653805,1.21133020653805
2022-10-18 08:01:05.628000+00:00,0.0,1.2113472864702701,-1.2113472864702701,1.2113472864702701
2022-10-18 08:01:07.472000+00:00,0.0,1.2113635379640857,-1.2113635379640857,1.2113635379640857
2022-10-18 08:01:09.394000+00:00,0.0,1.2113804768855134,-1.2113804768855134,1.2113804768855134
2022-10-18 08:01:11.236000+00:00,0.0,1.2113967107529797,-1.2113967107529797,1.2113967107529797
2022-10-18 08:01:13.133000+00:00,0.0,1.2114134293450447,-1.2114134293450447,1.2114134293450447
2022-10-18 08:01:15.066000+00:00,0.0,1.2114304652113925,-1.2114304652113925,1.2114304652113925
2022-10-18 08:01:17.003000+00:00,0.0,1.211447536330438,-1.211447536330438,1.211447536330438
2022-10-18 08:01:18.861000+00:00,0.0,1.2114639112086967,-1.2114639112086967,1.2114639112086967
2022-10-18 08:01:20.788000+00:00,0.0,1.2114808941959971,-1.2114808941959971,1.2114808941959971
2022-10-18 08:01:22.652000+00:00,0.0,1.211497321953303,-1.211497321953303,1.211497321953303
2022-10-18 08:01:28.457000+00:00,0.0,1.2115484824313931,-1.2115484824313931,1.2115484824313931
2022-10-18 08:01:30.393000+00:00,0.0,1.2115655447372642,-1.2115655447372642,1.2115655447372642
2022-10-18 08:01:32.269000+00:00,0.0,1.2115820782526643,-1.2115820782526643,1.2115820782526643
2022-10-18 08:01:34.081000+00:00,0.0,1.2115980477248949,-1.2115980477248949,1.2115980477248949
2022-10-18 08:01:35.961000+00:00,0.0,1.211614616492993,-1.211614616492993,1.211614616492993
2022-10-18 08:01:37.800000+00:00,0.0,1.2116308239209357,-1.2116308239209357,1.2116308239209357
2022-10-18 08:01:39.800000+00:00,0.0,1.2116484502699763,-1.2116484502699763,1.2116484502699763
2022-10-18 08:01:41.611000+00:00,0.0,1.2116644109290324,-1.2116644109290324,1.2116644109290324
2022-10-18 08:01:43.534000+00:00,0.0,1.2116813586636348,-1.2116813586636348,1.2116813586636348
2022-10-18 08:01:45.409000+00:00,0.0,1.2116978833658603,-1.2116978833658603,1.2116978833658603
2022-10-18 08:01:47.222000+00:00,0.0,1.2117138616512655,-1.2117138616512655,1.2117138616512655
2022-10-18 08:01:49.128000+00:00,0.0,1.2117306595619008,-1.2117306595619008,1.2117306595619008
2022-10-18 08:01:51.038000+00:00,0.0,1.2117474927252347,-1.2117474927252347,1.2117474927252347
2022-10-18 08:01:52.893000+00:00,0.0,1.2117638411639697,-1.2117638411639697,1.2117638411639697
2022-10-18 08:01:54.815000+00:00,0.0,1.2117807800853977,-1.2117807800853977,1.2117807800853977
2022-10-18 08:01:56.660000+00:00,0.0,1.2117970403923874,-1.2117970403923874,1.2117970403923874
2022-10-18 08:01:58.583000+00:00,0.0,1.2118139881269898,-1.2118139881269898,1.2118139881269898
2022-10-18 08:02:00.377000+00:00,0.0,1.2118297989620794,-1.2118297989620794,1.2118297989620794
2022-10-18 08:02:02.191000+00:00,0.0,1.211845786060659,-1.211845786060659,1.211845786060659
2022-10-18 08:02:04.018000+00:00,0.0,1.2118618877305076,-1.2118618877305076,1.2118618877305076
2022-10-18 08:02:05.867000+00:00,0.0,1.2118781832901955,-1.2118781832901955,1.2118781832901955
2022-10-18 08:02:07.815000+00:00,0.13029,1.211895351354161,-1.081605351354161,1.081605351354161
2022-10-18 08:02:09.800000+00:00,6.41047,1.2119128455055836,5.1985571544944165,5.1985571544944165
2022-10-18 08:02:11.729000+00:00,0.33876,1.2119298461192332,-0.8731698461192332,0.8731698461192332
2022-10-18 08:02:13.595000+00:00,3.51794,1.2119462915028878,2.305993708497112,2.305993708497112
2022-10-18 08:02:15.502000+00:00,0.49512,1.2119630982266982,-0.7168430982266982,0.7168430982266982
2022-10-18 08:02:17.493000+00:00,2.97071,1.2119806452571678,1.7587293547428322,1.7587293547428322
2022-10-18 08:02:19.521000+00:00,4.74271,1.211998518375095,3.5307114816249046,3.5307114816249046
2022-10-18 08:02:21.362000+00:00,0.20847,1.2120147434293869,-1.003544743429387,1.003544743429387
2022-10-18 08:02:23.294000+00:00,1.56353,1.2120317704825598,0.35149822951744025,0.35149822951744025
2022-10-18 08:02:25.120000+00:00,0.39088,1.212047863339234,-0.821167863339234,0.821167863339234
2022-10-18 08:02:27.089000+00:00,0.23453,1.2120652164798642,-0.9775352164798642,0.9775352164798642
2022-10-18 08:02:33.237000+00:00,1.43324,1.2121193998768147,0.22112060012318535,0.22112060012318535
2022-10-18 08:02:35.268000+00:00,0.28665,1.2121372994342652,-0.9254872994342651,0.9254872994342651
2022-10-18 08:02:37.206000+00:00,0.57329,1.2121543793664855,-0.6388643793664855,0.6388643793664855
2022-10-18 08:02:39.112000+00:00,0.20847,1.212171177277121,-1.0037011772771212,1.0037011772771212
2022-10-18 08:02:41.002000+00:00,0.0,1.2121878341769645,-1.2121878341769645,1.2121878341769645
2022-10-18 08:02:42.909000+00:00,0.0,1.2122046409007745,-1.2122046409007745,1.2122046409007745
2022-10-18 08:02:44.800000+00:00,0.0,1.2122213066137921,-1.2122213066137921,1.2122213066137921
2022-10-18 08:02:46.689000+00:00,0.0,1.212237954700461,-1.212237954700461,1.212237954700461
2022-10-18 08:02:48.580000+00:00,0.0,1.2122546204134788,-1.2122546204134788,1.2122546204134788
2022-10-18 08:02:50.440000+00:00,0.0,1.2122710129180865,-1.2122710129180865,1.2122710129180865
2022-10-18 08:02:52.314000+00:00,0.0,1.2122875288071375,-1.2122875288071375,1.2122875288071375
2022-10-18 08:02:54.221000+00:00,0.0,1.2123043355309475,-1.2123043355309475,1.2123043355309475
2022-10-18 08:02:56.133000+00:00,0.0,1.2123211863206302,-1.2123211863206302,1.2123211863206302
2022-10-18 08:02:58.002000+00:00,0.0,1.2123376581438086,-1.2123376581438086,1.2123376581438086
2022-10-18 08:02:59.846000+00:00,0.443,1.212353909637624,-0.7693539096376238,0.7693539096376238
2022-10-18 08:03:01.758000+00:00,3.77853,1.2123707604273066,2.566159239572693,2.566159239572693
2022-10-18 08:03:03.651000+00:00,1.30294,1.2123874437666733,0.0905525562333267,0.0905525562333267
2022-10-18 08:03:05.552000+00:00,0.54724,1.2124041976114364,-0.6651641976114364,0.6651641976114364
2022-10-18 08:03:07.502000+00:00,2.03259,1.212421383301751,0.8201686166982489,0.8201686166982489
2022-10-18 08:03:09.318000+00:00,12.27371,1.2124373880266797,11.061272611973319,11.061272611973319
2022-10-18 08:03:11.224000+00:00,2.50165,1.2124541859373152,1.289195814062685,1.289195814062685
2022-10-18 08:03:13.168000+00:00,0.46906,1.2124713187485827,-0.7434113187485827,0.7434113187485827
2022-10-18 08:03:15.061000+00:00,1.82412,1.2124880020879494,0.6116319979120506,0.6116319979120506
2022-10-18 08:03:17.075000+00:00,0.443,1.2125057518214333,-0.7695057518214332,0.7695057518214332
2022-10-18 08:03:19.003000+00:00,2.42347,1.2125227436219084,1.2109472563780916,1.2109472563780916
2022-10-18 08:03:20.782000+00:00,0.31271,1.2125384222593798,-0.8998284222593798,0.8998284222593798
2022-10-18 08:03:22.700000+00:00,1.58959,1.2125553259281094,0.3770346740718906,0.3770346740718906
2022-10-18 08:03:24.511000+00:00,2.39741,1.2125712865871656,1.1848387134128342,1.1848387134128342
2022-10-18 08:03:26.437000+00:00,0.13029,1.212588260761292,-1.0822982607612919,1.0822982607612919
2022-10-18 08:03:28.342000+00:00,2.18894,1.2126050498587528,0.9763349501412473,0.9763349501412473
2022-10-18 08:03:30.279000+00:00,4.45606,1.2126221209777985,3.2434378790222014,3.2434378790222014
2022-10-18 08:03:32.167000+00:00,0.23453,1.2126387602512927,-0.9781087602512927,0.9781087602512927
2022-10-18 08:03:37.683000+00:00,0.0,1.2126873737219466,-1.2126873737219466,1.2126873737219466
2022-10-18 08:03:39.605000+00:00,0.0,1.2127043126433745,-1.2127043126433745,1.2127043126433745
2022-10-18 08:03:41.527000+00:00,0.0,1.2127212515648025,-1.2127212515648025,1.2127212515648025
2022-10-18 08:03:43.434000+00:00,0.0,1.2127380582886125,-1.2127380582886125,1.2127380582886125
2022-10-18 08:03:45.341000+00:00,0.0,1.2127548650124225,-1.2127548650124225,1.2127548650124225
2022-10-18 08:03:47.206000+00:00,0.0,1.2127713015829027,-1.2127713015829027,1.2127713015829027
2022-10-18 08:03:49.185000+00:00,0.36482,1.2127887428552784,-0.8479687428552785,0.8479687428552785
2022-10-18 08:03:51.127000+00:00,3.6743,1.2128058580401968,2.461494141959803,2.461494141959803
2022-10-18 08:03:53.090000+00:00,1.12053,1.21282315830178,-0.09229315830177987,0.09229315830177987
2022-10-18 08:03:54.989000+00:00,0.67753,1.212839894520194,-0.535309894520194,0.535309894520194
2022-10-18 08:03:56.872000+00:00,9.4333,1.2128564897278156,8.220443510272183,8.220443510272183
2022-10-18 08:03:58.763000+00:00,1.22477,1.2128731554408334,0.011896844559166508,0.011896844559166508
2022-10-18 08:04:00.671000+00:00,1.61565,1.2128899709778178,0.4027600290221822,0.4027600290221822
2022-10-18 08:04:02.632000+00:00,0.59935,1.212907253613052,-0.613557253613052,0.613557253613052
2022-10-18 08:04:04.497000+00:00,2.37135,1.2129236901835325,1.1584263098164675,1.1584263098164675
2022-10-18 08:04:06.389000+00:00,0.41694,1.2129403647097248,-0.7960003647097248,0.7960003647097248
2022-10-18 08:04:08.331000+00:00,0.96418,1.212957479894643,-0.24877747989464294,0.24877747989464294
2022-10-18 08:04:10.174000+00:00,0.52118,1.212973722575284,-0.6917937225752839,0.6917937225752839
2022-10-18 08:04:12.102000+00:00,3.70035,1.212990714375759,2.487359285624241,2.487359285624241
2022-10-18 08:04:14.071000+00:00,4.82088,1.2130080675163892,3.6078719324836106,3.6078719324836106
2022-10-18 08:04:15.961000+00:00,1.85018,1.2130247244162327,0.6371552755837673,0.6371552755837673
2022-10-18 08:04:17.940000+00:00,2.24106,1.2130421656886081,1.028017834311392,1.028017834311392
2022-10-18 08:04:19.784000+00:00,2.89253,1.2130584171824235,1.6794715828175764,1.6794715828175764
2022-10-18 08:04:21.682000+00:00,0.26059,1.2130751445876629,-0.9524851445876629,0.9524851445876629
2022-10-18 08:04:23.549000+00:00,0.0,1.2130915987844921,-1.2130915987844921,1.2130915987844921
2022-10-18 08:04:25.440000+00:00,0.0,1.21310826449751,-1.21310826449751,1.21310826449751
2022-10-18 08:04:27.299000+00:00,0.0,1.213124648188943,-1.213124648188943,1.213124648188943
2022-10-18 08:04:29.221000+00:00,0.0,1.213141587110371,-1.213141587110371,1.213141587110371
2022-10-18 08:04:31.169000+00:00,0.0,1.2131587551743366,-1.2131587551743366,1.2131587551743366
2022-10-18 08:04:33.081000+00:00,0.0,1.213175605964019,-1.213175605964019,1.213175605964019
2022-10-18 08:04:34.943000+00:00,0.0,1.2131920160949758,-1.2131920160949758,1.2131920160949758
2022-10-18 08:04:36.846000+00:00,0.0,1.213208787566088,-1.213208787566088,1.213208787566088
2022-10-18 08:04:42.322000+00:00,2.16288,1.2132570485097607,0.9496229514902392,0.9496229514902392
2022-10-18 08:04:44.284000+00:00,0.72965,1.2132743399581694,-0.48362433995816934,0.48362433995816934
2022-10-18 08:04:46.148000+00:00,0.20847,1.2132907677154754,-1.0048207677154755,1.0048207677154755
2022-10-18 08:04:48.076000+00:00,0.33876,1.2133077595159503,-0.8745477595159503,0.8745477595159503
2022-10-18 08:04:49.912000+00:00,5.08147,1.2133239405043694,3.868146059495631,3.868146059495631
2022-10-18 08:04:51.910000+00:00,4.873,1.213341549227061,3.6596584507729393,3.6596584507729393
2022-10-18 08:04:53.737000+00:00,0.15635,1.2133576508969095,-1.0570076508969095,1.0570076508969095
2022-10-18 08:04:55.636000+00:00,0.70359,1.2133743871153233,-0.5097843871153233,0.5097843871153233
2022-10-18 08:04:57.565000+00:00,0.36482,1.213391387728973,-0.8485713877289731,0.8485713877289731
2022-10-18 08:04:59.388000+00:00,0.23453,1.2134074541461235,-0.9788774541461235,0.9788774541461235
2022-10-18 08:05:01.336000+00:00,1.01629,1.2134246222100888,-0.19713462221008893,0.19713462221008893
2022-10-18 08:05:03.283000+00:00,0.41694,1.2134417814608798,-0.7965017814608798,0.7965017814608798
2022-10-18 08:05:05.142000+00:00,10.11083,1.2134581651523129,8.897371834847688,8.897371834847688
2022-10-18 08:05:06.988000+00:00,0.05212,1.2134744342724773,-1.1613544342724773,1.1613544342724773
2022-10-18 08:05:08.854000+00:00,0.23453,1.2134908796561321,-0.9789608796561321,0.9789608796561321
2022-10-18 08:05:10.772000+00:00,0.23453,1.2135077833248618,-0.9789777833248617,0.9789777833248617
2022-10-18 08:05:12.706000+00:00,0.0,1.213524828004384,-1.213524828004384,1.213524828004384
2022-10-18 08:05:14.549000+00:00,0.0,1.2135410706850247,-1.2135410706850247,1.2135410706850247
2022-10-18 08:05:16.362000+00:00,0.0,1.2135570489704302,-1.2135570489704302,1.2135570489704302
2022-10-18 08:05:18.283000+00:00,0.0,1.2135739790786835,-1.2135739790786835,1.2135739790786835
2022-10-18 08:05:20.097000+00:00,0.0,1.2135899661772633,-1.2135899661772633,1.2135899661772633
2022-10-18 08:05:22.049000+00:00,0.0,1.2136071694939266,-1.2136071694939266,1.2136071694939266
2022-10-18 08:05:23.956000+00:00,0.0,1.2136239762177368,-1.2136239762177368,1.2136239762177368
2022-10-18 08:05:25.820000+00:00,0.0,1.2136404039750426,-1.2136404039750426,1.2136404039750426
2022-10-18 08:05:27.664000+00:00,0.0,1.2136566554688577,-1.2136566554688577,1.2136566554688577
2022-10-18 08:05:29.581000+00:00,0.443,1.2136735503244132,-0.7706735503244131,0.7706735503244131
2022-10-18 08:05:31.490000+00:00,2.78829,1.2136903746745724,1.5745996253254275,1.5745996253254275
2022-10-18 08:05:33.477000+00:00,0.05212,1.213707886452344,-1.1615878864523441,1.1615878864523441
2022-10-18 08:05:35.408000+00:00,0.49512,1.2137249046923428,-0.7186049046923428,0.7186049046923428
2022-10-18 08:05:37.366000+00:00,0.23453,1.2137421608880534,-0.9792121608880534,0.9792121608880534
2022-10-18 08:05:39.214000+00:00,0.49512,1.2137584476345666,-0.7186384476345666,0.7186384476345666
2022-10-18 08:05:41.163000+00:00,0.28665,1.2137756245117066,-0.9271256245117065,0.9271256245117065
2022-10-18 08:05:47.142000+00:00,3.59612,1.2138283184821632,2.3822916815178368,2.3822916815178368
2022-10-18 08:05:49.034000+00:00,0.33876,1.2138449930083555,-0.8750849930083555,0.8750849930083555
2022-10-18 08:05:51.010000+00:00,0.65147,1.2138624078412077,-0.5623924078412077,0.5623924078412077
2022-10-18 08:05:52.988000+00:00,0.23453,1.2138798403004085,-0.9793498403004085,0.9793498403004085
2022-10-18 08:05:54.926000+00:00,14.01965,1.2138969202326289,12.80575307976737,12.80575307976737
2022-10-18 08:05:56.823000+00:00,0.05212,1.2139136388246938,-1.1617936388246939,1.1617936388246939
2022-10-18 08:05:58.619000+00:00,3.38765,1.2139294672861323,2.1737205327138676,2.1737205327138676
2022-10-18 08:06:00.565000+00:00,0.31271,1.2139466177237486,-0.9012366177237485,0.9012366177237485
2022-10-18 08:06:02.455000+00:00,0.0,1.2139632746235918,-1.2139632746235918,1.2139632746235918
2022-10-18 08:06:04.284000+00:00,0.0,1.2139793939197894,-1.2139793939197894,1.2139793939197894
2022-10-18 08:06:06.117000+00:00,0.0,1.2139955484686848,-1.2139955484686848,1.2139955484686848
2022-10-18 08:06:08.042000+00:00,0.0,1.2140125138296365,-1.2140125138296365,1.2140125138296365
2022-10-18 08:06:09.925000+00:00,0.0,1.214029109037258,-1.214029109037258,1.214029109037258
2022-10-18 08:06:11.754000+00:00,0.0,1.2140452283334555,-1.2140452283334555,1.2140452283334555
2022-10-18 08:06:13.690000+00:00,0.0,1.2140622906393268,-1.2140622906393268,1.2140622906393268
2022-10-18 08:06:15.612000+00:00,0.0,1.2140792295607548,-1.2140792295607548,1.2140792295607548
2022-10-18 08:06:17.440000+00:00,0.0,1.2140953400437777,-1.2140953400437777,1.2140953400437777
2022-10-18 08:06:19.300000+00:00,0.0,1.2141117325483854,-1.2141117325483854,1.2141117325483854
2022-10-18 08:06:21.253000+00:00,0.15635,1.2141289446782233,-1.0577789446782233,1.0577789446782233
2022-10-18 08:06:23.150000+00:00,5.65477,1.2141456632702883,4.440624336729712,4.440624336729712
2022-10-18 08:06:25.028000+00:00,0.26059,1.2141622144120374,-0.9535722144120374,0.9535722144120374
2022-10-18 08:06:26.995000+00:00,0.41694,1.2141795499263188,-0.7972395499263188,0.7972395499263188
2022-10-18 08:06:28.957000+00:00,0.49512,1.2141968413747275,-0.7190768413747275,0.7190768413747275
2022-10-18 08:06:30.884000+00:00,0.75571,1.214213824362028,-0.45850382436202797,0.45850382436202797
2022-10-18 08:06:32.784000+00:00,0.31271,1.2142305693936164,-0.9015205693936164,0.9015205693936164
2022-10-18 08:06:34.667000+00:00,0.20847,1.2142471646012378,-1.005777164601238,1.005777164601238
2022-10-18 08:06:36.519000+00:00,0.31271,1.2142634866004496,-0.9015534866004495,0.9015534866004495
2022-10-18 08:06:38.456000+00:00,0.78176,1.2142805577194953,-0.43252055771949527,0.43252055771949527
2022-10-18 08:06:40.350000+00:00,0.31271,1.2142972498720366,-0.9015872498720365,0.9015872498720365
2022-10-18 08:06:42.253000+00:00,0.31271,1.2143140213431485,-0.9016040213431484,0.9016040213431484
2022-10-18 08:06:44.067000+00:00,0.28665,1.2143300084417283,-0.9276800084417283,0.9276800084417283
2022-10-18 08:06:46.037000+00:00,0.49512,1.2143473703955332,-0.7192273703955332,0.7192273703955332
2022-10-18 08:06:51.847000+00:00,0.31271,1.2143985749394959,-0.9016885749394958,0.9016885749394958
2022-10-18 08:06:53.783000+00:00,0.0,1.2144156372453672,-1.2144156372453672,1.2144156372453672
2022-10-18 08:06:55.706000+00:00,0.0,1.2144325849799695,-1.2144325849799695,1.2144325849799695
2022-10-18 08:06:57.575000+00:00,0.0,1.2144490568031476,-1.2144490568031476,1.2144490568031476
2022-10-18 08:06:59.502000+00:00,0.0,1.2144660397904485,-1.2144660397904485,1.2144660397904485
2022-10-18 08:07:01.374000+00:00,0.0,1.2144825380531503,-1.2144825380531503,1.2144825380531503
2022-10-18 08:07:03.140000+00:00,0.0,1.2144981021193528,-1.2144981021193528,1.2144981021193528
2022-10-18 08:07:05.017000+00:00,0.0,1.2145146444479276,-1.2145146444479276,1.2145146444479276
2022-10-18 08:07:06.940000+00:00,0.0,1.21453159218253,-1.21453159218253,1.21453159218253
2022-10-18 08:07:08.831000+00:00,0.0,1.2145482578955478,-1.2145482578955478,1.2145482578955478
2022-10-18 08:07:10.706000+00:00,0.0,1.2145647825977732,-1.2145647825977732,1.2145647825977732
2022-10-18 08:07:12.581000+00:00,0.0,1.2145813072999987,-1.2145813072999987,1.2145813072999987
2022-10-18 08:07:14.487000+00:00,0.0,1.2145981052106343,-1.2145981052106343,1.2145981052106343
2022-10-18 08:07:16.363000+00:00,0.0,1.2146146387260341,-1.2146146387260341,1.2146146387260341
2022-10-18 08:07:18.178000+00:00,0.0,1.2146306346377884,-1.2146306346377884,1.2146306346377884
2022-10-18 08:07:20.044000+00:00,0.0,1.2146470800214433,-1.2146470800214433,1.2146470800214433
2022-10-18 08:07:21.924000+00:00,0.0,1.2146636487895413,-1.2146636487895413,1.2146636487895413
2022-10-18 08:07:23.799000+00:00,0.0,1.2146801734917667,-1.2146801734917667,1.2146801734917667
2022-10-18 08:07:25.714000+00:00,0.0,1.2146970507209731,-1.2146970507209731,1.2146970507209731
2022-10-18 08:07:27.632000+00:00,0.0,1.214713954389703,-1.214713954389703,1.214713954389703
2022-10-18 08:07:29.518000+00:00,0.0,1.214730576036848,-1.214730576036848,1.214730576036848
2022-10-18 08:07:31.377000+00:00,0.0,1.2147469597282812,-1.2147469597282812,1.2147469597282812
2022-10-18 08:07:33.251000+00:00,0.0,1.2147634756173322,-1.2147634756173322,1.2147634756173322
2022-10-18 08:07:35.190000+00:00,0.0,1.214780564362727,-1.214780564362727,1.214780564362727
2022-10-18 08:07:37.050000+00:00,0.0,1.2147969568673345,-1.2147969568673345,1.2147969568673345
2022-10-18 08:07:38.927000+00:00,0.0,1.2148134991959092,-1.2148134991959092,1.2148134991959092
2022-10-18 08:07:40.804000+00:00,0.0,1.2148300415244835,-1.2148300415244835,1.2148300415244835
2022-10-18 08:07:42.689000+00:00,0.0,1.2148466543584542,-1.2148466543584542,1.2148466543584542
2022-10-18 08:07:44.471000+00:00,0.0,1.2148623594354495,-1.2148623594354495,1.2148623594354495
2022-10-18 08:07:46.409000+00:00,0.0,1.2148794393676696,-1.2148794393676696,1.2148794393676696
2022-10-18 08:07:48.283000+00:00,0.0,1.2148959552567207,-1.2148959552567207,1.2148959552567207
2022-10-18 08:07:50.162000+00:00,0.0,1.214912515211644,-1.214912515211644,1.214912515211644
2022-10-18 08:07:56.268000+00:00,0.0,1.2149663284552648,-1.2149663284552648,1.2149663284552648
2022-10-18 08:07:58.144000+00:00,0.0,1.2149828619706646,-1.2149828619706646,1.2149828619706646
2022-10-18 08:08:00.081000+00:00,0.0,1.2149999330897105,-1.2149999330897105,1.2149999330897105
2022-10-18 08:08:02.002000+00:00,0.0,1.2150168631979639,-1.2150168631979639,1.2150168631979639
2022-10-18 08:08:03.877000+00:00,0.0,1.2150333879001893,-1.2150333879001893,1.2150333879001893
2022-10-18 08:08:05.701000+00:00,0.0,1.2150494631305142,-1.2150494631305142,1.2150494631305142
2022-10-18 08:08:07.638000+00:00,0.0,1.21506653424956,-1.21506653424956,1.21506653424956
2022-10-18 08:08:09.547000+00:00,0.0,1.2150833585997192,-1.2150833585997192,1.2150833585997192
2022-10-18 08:08:11.437000+00:00,0.0,1.2151000154995624,-1.2151000154995624,1.2151000154995624
2022-10-18 08:08:13.311000+00:00,0.0,1.2151165313886132,-1.2151165313886132,1.2151165313886132
2022-10-18 08:08:15.186000+00:00,0.0,1.2151330560908389,-1.2151330560908389,1.2151330560908389
2022-10-18 08:08:17.062000+00:00,0.0,1.2151495896062388,-1.2151495896062388,1.2151495896062388
2022-10-18 08:08:18.952000+00:00,0.0,1.2151662465060822,-1.2151662465060822,1.2151662465060822
2022-10-18 08:08:20.879000+00:00,0.0,1.2151832294933826,-1.2151832294933826,1.2151832294933826
2022-10-18 08:08:22.795000+00:00,0.0,1.2152001155357632,-1.2152001155357632,1.2152001155357632
2022-10-18 08:08:24.600000+00:00,0.0,1.2152160233157723,-1.2152160233157723,1.2152160233157723
2022-10-18 08:08:26.452000+00:00,0.0,1.215232345314984,-1.215232345314984,1.215232345314984
2022-10-18 08:08:28.359000+00:00,0.0,1.215249152038794,-1.215249152038794,1.215249152038794
2022-10-18 08:08:30.161000+00:00,0.0,1.2152650333792794,-1.2152650333792794,1.2152650333792794
2022-10-18 08:08:31.977000+00:00,0.0,1.2152810381042083,-1.2152810381042083,1.2152810381042083
2022-10-18 08:08:33.894000+00:00,0.0,1.2152979329597635,-1.2152979329597635,1.2152979329597635
2022-10-18 08:08:35.784000+00:00,0.0,1.2153145898596067,-1.2153145898596067,1.2153145898596067
2022-10-18 08:08:37.660000+00:00,0.0,1.2153311233750068,-1.2153311233750068,1.2153311233750068
2022-10-18 08:08:39.468000+00:00,0.0,1.2153470575945393,-1.2153470575945393,1.2153470575945393
2022-10-18 08:08:41.390000+00:00,0.0,1.2153639965159673,-1.2153639965159673,1.2153639965159673
2022-10-18 08:08:43.328000+00:00,0.0,1.2153810764481876,-1.2153810764481876,1.2153810764481876
2022-10-18 08:08:45.218000+00:00,0.0,1.215397733348031,-1.215397733348031,1.215397733348031
2022-10-18 08:08:47.135000+00:00,0.0,1.2154146282035863,-1.2154146282035863,1.2154146282035863
2022-10-18 08:08:49.034000+00:00,0.0,1.215431364422,-1.215431364422,1.215431364422
2022-10-18 08:08:50.950000+00:00,0.0,1.2154482504643809,-1.2154482504643809,1.2154482504643809
2022-10-18 08:08:52.842000+00:00,0.0,1.2154649249905733,-1.2154649249905733,1.2154649249905733
2022-10-18 08:08:54.780000+00:00,0.0,1.2154820049227935,-1.2154820049227935,1.2154820049227935
2022-10-18 08:09:00.816000+00:00,0.0,1.2155352012441978,-1.2155352012441978,1.2155352012441978
2022-10-18 08:09:02.672000+00:00,0.0,1.2155515584961072,-1.2155515584961072,1.2155515584961072
2022-10-18 08:09:04.594000+00:00,0.0,1.2155684974175351,-1.2155684974175351,1.2155684974175351
2022-10-18 08:09:06.534000+00:00,0.0,1.2155855949761043,-1.2155855949761043,1.2155855949761043
2022-10-18 08:09:08.356000+00:00,0.0,1.2156016525800803,-1.2156016525800803,1.2156016525800803
2022-10-18 08:09:10.222000+00:00,0.0,1.2156180979637352,-1.2156180979637352,1.2156180979637352
2022-10-18 08:09:12.080000+00:00,0.0,1.2156344728419937,-1.2156344728419937,1.2156344728419937
2022-10-18 08:09:13.909000+00:00,0.0,1.2156505921381913,-1.2156505921381913,1.2156505921381913
2022-10-18 08:09:15.773000+00:00,0.0,1.215667019895497,-1.215667019895497,1.215667019895497
2022-10-18 08:09:17.636000+00:00,0.0,1.215683438839628,-1.215683438839628,1.215683438839628
2022-10-18 08:09:19.550000+00:00,0.0,1.21570030725566,-1.21570030725566,1.21570030725566
2022-10-18 08:09:21.456000+00:00,0.0,1.2157171051662956,-1.2157171051662956,1.2157171051662956
2022-10-18 08:09:23.331000+00:00,0.0,1.215733629868521,-1.215733629868521,1.215733629868521
2022-10-18 08:09:25.319000+00:00,0.83388,1.2157511504594671,-0.3818711504594672,0.3818711504594672
2022-10-18 08:09:27.256000+00:00,0.10424,1.215768221578513,-1.1115282215785132,1.1115282215785132
2022-10-18 08:09:29.173000+00:00,0.72965,1.2157851164340685,-0.4861351164340685,0.4861351164340685
2022-10-18 08:09:31.091000+00:00,0.33876,1.2158020201027981,-0.8770420201027982,0.8770420201027982
2022-10-18 08:09:32.910000+00:00,0.31271,1.2158180512672505,-0.9031080512672505,0.9031080512672505
2022-10-18 08:09:34.896000+00:00,0.05212,1.2158355542318477,-1.1637155542318478,1.1637155542318478
2022-10-18 08:09:36.785000+00:00,5.23782,1.2158522023185165,4.021967797681484,4.021967797681484
2022-10-18 08:09:38.707000+00:00,0.26059,1.2158691412399443,-0.9552791412399443,0.9552791412399443
2022-10-18 08:09:40.670000+00:00,1.40718,1.2158864415015276,0.19129355849847252,0.19129355849847252
2022-10-18 08:09:42.598000+00:00,0.18241,1.2159034333020027,-1.0334934333020027,1.0334934333020027
2022-10-18 08:09:44.516000+00:00,0.28665,1.2159203369707323,-0.9292703369707322,0.9292703369707322
2022-10-18 08:09:46.424000+00:00,2.08471,1.215937152507717,0.8687728474922829,0.8687728474922829
2022-10-18 08:09:48.279000+00:00,0.10424,1.2159535009464522,-1.1117135009464523,1.1117135009464523
2022-10-18 08:09:50.237000+00:00,13.34212,1.2159707571421627,12.126149242857837,12.126149242857837
2022-10-18 08:09:52.104000+00:00,0.13029,1.2159872113389922,-1.0856972113389922,1.0856972113389922
2022-10-18 08:09:54.003000+00:00,0.15635,1.216003947557406,-1.059653947557406,1.059653947557406
2022-10-18 08:09:55.979000+00:00,0.31271,1.2160213623902583,-0.9033113623902582,0.9033113623902582
2022-10-18 08:09:57.865000+00:00,0.0,1.2160379840374032,-1.2160379840374032,1.2160379840374032
2022-10-18 08:09:59.753000+00:00,0.0,1.2160546233108973,-1.2160546233108973,1.2160546233108973
2022-10-18 08:10:05.253000+00:00,0.0,1.2161030957707588,-1.2161030957707588,1.2161030957707588
2022-10-18 08:10:07.191000+00:00,0.0,1.2161201757029791,-1.2161201757029791,1.2161201757029791
2022-10-18 08:10:09.097000+00:00,0.0,1.2161369736136147,-1.2161369736136147,1.2161369736136147
2022-10-18 08:10:10.991000+00:00,0.0,1.2161536657661562,-1.2161536657661562,1.2161536657661562
2022-10-18 08:10:12.877000+00:00,0.0,1.2161702874133011,-1.2161702874133011,1.2161702874133011
2022-10-18 08:10:14.831000+00:00,0.443,1.2161875083563138,-0.7731875083563138,0.7731875083563138
2022-10-18 08:10:16.679000+00:00,4.14335,1.2162037951028273,2.9271462048971726,2.9271462048971726
2022-10-18 08:10:18.638000+00:00,2.05865,1.2162210601117125,0.8424289398882876,0.8424289398882876
2022-10-18 08:10:20.588000+00:00,0.52118,1.2162382458020269,-0.6950582458020269,0.6950582458020269
2022-10-18 08:10:22.581000+00:00,0.02606,1.2162558104588457,-1.1901958104588457,1.1901958104588457
2022-10-18 08:10:24.487000+00:00,1.64171,1.2162726083694815,0.4254373916305185,0.4254373916305185
2022-10-18 08:10:26.380000+00:00,0.31271,1.2162892917088481,-0.9035792917088481,0.9035792917088481
2022-10-18 08:10:28.310000+00:00,0.10424,1.2163063011356723,-1.1120663011356724,1.1120663011356724
2022-10-18 08:10:30.208000+00:00,0.33876,1.2163230285409115,-0.8775630285409115,0.8775630285409115
2022-10-18 08:10:32.129000+00:00,0.52118,1.216339958649165,-0.695159958649165,0.695159958649165
2022-10-18 08:10:34.066000+00:00,0.23453,1.216357029768211,-0.9818270297682109,0.9818270297682109
2022-10-18 08:10:35.940000+00:00,0.36482,1.2163735456572615,-0.8515535456572616,0.8515535456572616
2022-10-18 08:10:37.831000+00:00,0.80782,1.2163902113702796,-0.4085702113702796,0.4085702113702796
2022-10-18 08:10:39.706000+00:00,1.38112,1.2164067360725048,0.16471326392749508,0.16471326392749508
2022-10-18 08:10:41.593000+00:00,1.43324,1.2164233665328248,0.21681663346717528,0.21681663346717528
2022-10-18 08:10:43.503000+00:00,2.94465,1.2164401996961582,1.728209800303842,1.728209800303842
2022-10-18 08:10:45.446000+00:00,0.26059,1.216457323694251,-0.9558673236942511,0.9558673236942511
2022-10-18 08:10:47.283000+00:00,0.0,1.2164735134958449,-1.2164735134958449,1.2164735134958449
2022-10-18 08:10:49.221000+00:00,0.0,1.2164905934280652,-1.2164905934280652,1.2164905934280652
2022-10-18 08:10:51.087000+00:00,0.0,1.2165070388117198,-1.2165070388117198,1.2165070388117198
2022-10-18 08:10:53.019000+00:00,0.0,1.2165240658648928,-1.2165240658648928,1.2165240658648928
2022-10-18 08:10:54.893000+00:00,0.0,1.2165405817539439,-1.2165405817539439,1.2165405817539439
2022-10-18 08:10:56.759000+00:00,0.0,1.2165570271375987,-1.2165570271375987,1.2165570271375987
2022-10-18 08:10:58.550000+00:00,0.0,1.2165728115331644,-1.2165728115331644,1.2165728115331644
2022-10-18 08:11:00.410000+00:00,0.0,1.2165892040377722,-1.2165892040377722,1.2165892040377722
2022-10-18 08:11:02.319000+00:00,0.0,1.2166060283879312,-1.2166060283879312,1.2166060283879312
2022-10-18 08:11:04.190000+00:00,0.0,1.2166225178374588,-1.2166225178374588,1.2166225178374588
2022-10-18 08:11:09.665000+00:00,0.0,1.216670769967957,-1.216670769967957,1.216670769967957
2022-10-18 08:11:11.533000+00:00,0.0,1.2166872329779608,-1.2166872329779608,1.2166872329779608
2022-10-18 08:11:13.471000+00:00,0.46906,1.216704312910181,-0.7476443129101811,0.7476443129101811
2022-10-18 08:11:15.377000+00:00,5.759,1.2167211108208167,4.542278889179183,4.542278889179183
2022-10-18 08:11:17.294000+00:00,0.33876,1.2167380056763721,-0.8779780056763722,0.8779780056763722
2022-10-18 08:11:19.254000+00:00,0.39088,1.2167552794984315,-0.8258752794984315,0.8258752794984315
2022-10-18 08:11:21.115000+00:00,0.23453,1.216771680816214,-0.9822416808162139,0.9822416808162139
2022-10-18 08:11:23.038000+00:00,1.14659,1.2167886285508163,-0.07019862855081627,0.07019862855081627
2022-10-18 08:11:25.064000+00:00,0.26059,1.2168064840423942,-0.9562164840423942,0.9562164840423942
2022-10-18 08:11:26.975000+00:00,0.28665,1.2168233260189025,-0.9301733260189025,0.9301733260189025
2022-10-18 08:11:28.892000+00:00,0.28665,1.2168402208744578,-0.9301902208744577,0.9301902208744577
2022-10-18 08:11:30.774000+00:00,3.93488,1.216856807268905,2.718023192731095,2.718023192731095
2022-10-18 08:11:32.706000+00:00,0.80782,1.2168738343220782,-0.4090538343220782,0.4090538343220782
2022-10-18 08:11:34.664000+00:00,0.26059,1.2168910905177888,-0.9563010905177888,0.9563010905177888
2022-10-18 08:11:36.582000+00:00,0.31271,1.2169079941865186,-0.9041979941865186,0.9041979941865186
2022-10-18 08:11:38.455000+00:00,18.76236,1.2169245012623948,17.545435498737607,17.545435498737607
2022-10-18 08:11:40.378000+00:00,0.46906,1.2169414489969972,-0.7478814489969972,0.7478814489969972
2022-10-18 08:11:42.299000+00:00,6.22806,1.2169583791052507,5.011101620894749,5.011101620894749
2022-10-18 08:11:44.131000+00:00,0.31271,1.216974524840972,-0.904264524840972,0.904264524840972
2022-10-18 08:11:45.975000+00:00,0.0,1.2169907763347871,-1.2169907763347871,1.2169907763347871
2022-10-18 08:11:47.893000+00:00,0.0,1.217007680003517,-1.217007680003517,1.217007680003517
2022-10-18 08:11:49.783000+00:00,0.0,1.2170243369033604,-1.2170243369033604,1.2170243369033604
2022-10-18 08:11:51.706000+00:00,0.0,1.2170412846379628,-1.2170412846379628,1.2170412846379628
2022-10-18 08:11:53.517000+00:00,0.0,1.217057245297019,-1.217057245297019,1.217057245297019
2022-10-18 08:11:55.425000+00:00,0.0,1.2170740608340036,-1.2170740608340036,1.2170740608340036
2022-10-18 08:11:57.347000+00:00,0.0,1.2170909997554316,-1.2170909997554316,1.2170909997554316
2022-10-18 08:11:59.237000+00:00,0.0,1.2171076566552748,-1.2171076566552748,1.2171076566552748
2022-10-18 08:12:01.053000+00:00,0.0,1.2171236613802034,-1.2171236613802034,1.2171236613802034
2022-10-18 08:12:03.003000+00:00,0.0,1.2171408470705178,-1.2171408470705178,1.2171408470705178
2022-10-18 08:12:04.892000+00:00,0.0,1.2171574951571866,-1.2171574951571866,1.2171574951571866
2022-10-18 08:12:06.776000+00:00,0.0,1.2171740991779827,-1.2171740991779827,1.2171740991779827
2022-10-18 08:12:08.643000+00:00,0.0,1.2171905533748122,-1.2171905533748122,1.2171905533748122
2022-10-18 08:12:14.129000+00:00,0.0,1.2172389024502301,-1.2172389024502301,1.2172389024502301
2022-10-18 08:12:16.039000+00:00,0.0,1.217255735613564,-1.217255735613564,1.217255735613564
2022-10-18 08:12:17.940000+00:00,0.0,1.217272489458327,-1.217272489458327,1.217272489458327
2022-10-18 08:12:19.800000+00:00,0.0,1.2172888819629346,-1.2172888819629346,1.2172888819629346
2022-10-18 08:12:21.721000+00:00,0.0,1.2173058120711882,-1.2173058120711882,1.2173058120711882
2022-10-18 08:12:23.574000+00:00,0.0,1.217322142883574,-1.217322142883574,1.217322142883574
2022-10-18 08:12:25.455000+00:00,0.0,1.2173387204648467,-1.2173387204648467,1.2173387204648467
2022-10-18 08:12:27.350000+00:00,0.0,1.2173554214305624,-1.2173554214305624,1.2173554214305624
2022-10-18 08:12:29.167000+00:00,0.0,1.2173714349686657,-1.2173714349686657,1.2173714349686657
2022-10-18 08:12:30.992000+00:00,0.0,1.2173875190121652,-1.2173875190121652,1.2173875190121652
2022-10-18 08:12:32.909000+00:00,0.0,1.2174044138677205,-1.2174044138677205,1.2174044138677205
2022-10-18 08:12:34.832000+00:00,0.0,1.217421361602323,-1.217421361602323,1.217421361602323
2022-10-18 08:12:36.754000+00:00,0.0,1.2174383005237508,-1.2174383005237508,1.2174383005237508
2022-10-18 08:12:38.612000+00:00,0.0,1.2174546754020095,-1.2174546754020095,1.2174546754020095
2022-10-18 08:12:40.471000+00:00,0.0,1.2174710590934428,-1.2174710590934428,1.2174710590934428
2022-10-18 08:12:42.332000+00:00,0.0,1.217487460411225,-1.217487460411225,1.217487460411225
2022-10-18 08:12:44.190000+00:00,0.0,1.2175038352894836,-1.2175038352894836,1.2175038352894836
2022-10-18 08:12:46.151000+00:00,0.57329,1.2175211179247176,-0.6442311179247177,0.6442311179247177
2022-10-18 08:12:48.113000+00:00,3.83065,1.2175384093731263,2.6131115906268736,2.6131115906268736
2022-10-18 08:12:50.066000+00:00,1.30294,1.2175556215029646,0.0853843784970354,0.0853843784970354
2022-10-18 08:12:51.962000+00:00,0.26059,1.2175723312818547,-0.9569823312818547,0.9569823312818547
2022-10-18 08:12:53.893000+00:00,3.38765,1.2175893495218535,2.1700606504781463,2.1700606504781463
2022-10-18 08:12:55.846000+00:00,1.30294,1.2176065616516913,0.08533343834830864,0.08533343834830864
2022-10-18 08:12:57.745000+00:00,0.10424,1.2176232978701056,-1.1133832978701057,1.1133832978701057
2022-10-18 08:12:59.738000+00:00,0.78176,1.2176408625269242,-0.43588086252692415,0.43588086252692415
2022-10-18 08:13:01.600000+00:00,0.36482,1.217657272657881,-0.852837272657881,0.852837272657881
2022-10-18 08:13:03.478000+00:00,0.20847,1.2176738237996299,-1.00920382379963,1.00920382379963
2022-10-18 08:13:05.347000+00:00,3.70035,1.2176902956228084,2.482659704377191,2.482659704377191
2022-10-18 08:13:07.252000+00:00,0.28665,1.2177070847202693,-0.9310570847202693,0.9310570847202693
2022-10-18 08:13:09.159000+00:00,0.20847,1.2177238914440793,-1.0092538914440794,1.0092538914440794
2022-10-18 08:13:11.107000+00:00,1.40718,1.217741059508045,0.1894389404919552,0.1894389404919552
2022-10-18 08:13:12.986000+00:00,0.57329,1.2177576194629685,-0.6444676194629685,0.6444676194629685
2022-10-18 08:13:18.690000+00:00,0.0,1.217807889810432,-1.217807889810432,1.217807889810432
2022-10-18 08:13:20.627000+00:00,0.0,1.2178249609294778,-1.2178249609294778,1.2178249609294778
2022-10-18 08:13:22.486000+00:00,0.0,1.2178413446209109,-1.2178413446209109,1.2178413446209109
2022-10-18 08:13:24.423000+00:00,0.0,1.2178584157399566,-1.2178584157399566,1.2178584157399566
2022-10-18 08:13:26.283000+00:00,0.0,1.2178748082445643,-1.2178748082445643,1.2178748082445643
2022-10-18 08:13:28.156000+00:00,0.0,1.2178913153204407,-1.2178913153204407,1.2178913153204407
2022-10-18 08:13:30.033000+00:00,0.0,1.2179078576490152,-1.2179078576490152,1.2179078576490152
2022-10-18 08:13:31.892000+00:00,0.0,1.2179242413404483,-1.2179242413404483,1.2179242413404483
2022-10-18 08:13:33.752000+00:00,0.0,1.217940633845056,-1.217940633845056,1.217940633845056
2022-10-18 08:13:35.613000+00:00,0.0,1.2179570351628382,-1.2179570351628382,1.2179570351628382
2022-10-18 08:13:37.470000+00:00,0.0,1.2179734012279222,-1.2179734012279222,1.2179734012279222
2022-10-18 08:13:39.393000+00:00,0.0,1.2179903489625246,-1.2179903489625246,1.2179903489625246
2022-10-18 08:13:41.261000+00:00,0.0,1.2180068119725285,-1.2180068119725285,1.2180068119725285
2022-10-18 08:13:43.158000+00:00,0.0,1.2180235305645934,-1.2180235305645934,1.2180235305645934
2022-10-18 08:13:45.034000+00:00,0.0,1.2180400640799933,-1.2180400640799933,1.2180400640799933
2022-10-18 08:13:46.893000+00:00,0.0,1.2180564477714264,-1.2180564477714264,1.2180564477714264
2022-10-18 08:13:48.752000+00:00,0.0,1.2180728314628597,-1.2180728314628597,1.2180728314628597
2022-10-18 08:13:50.675000+00:00,0.0,1.218089779197462,-1.218089779197462,1.218089779197462
2022-10-18 08:13:52.683000+00:00,0.80782,1.2181074760518986,-0.41028747605189864,0.41028747605189864
2022-10-18 08:13:54.540000+00:00,1.22477,1.2181238421169829,0.006646157883017034,0.006646157883017034
2022-10-18 08:13:56.534000+00:00,0.70359,1.218141415586976,-0.514551415586976,0.514551415586976
2022-10-18 08:13:58.549000+00:00,2.89253,1.2181591741336346,1.6743708258663652,1.6743708258663652
2022-10-18 08:14:00.487000+00:00,0.31271,1.2181762540658547,-0.9054662540658547,0.9054662540658547
2022-10-18 08:14:02.425000+00:00,2.31924,1.2181933339980748,1.1010466660019254,1.1010466660019254
2022-10-18 08:14:04.413000+00:00,2.71012,1.2182108545890213,1.4919091454109785,1.4919091454109785
2022-10-18 08:14:06.455000+00:00,0.13029,1.2182288510913915,-1.0879388510913914,1.0879388510913914
2022-10-18 08:14:08.361000+00:00,0.36482,1.2182456490020273,-0.8534256490020273,0.8534256490020273
2022-10-18 08:14:10.298000+00:00,0.23453,1.218262720121073,-0.9837327201210729,0.9837327201210729
2022-10-18 08:14:12.156000+00:00,5.39418,1.2182790949993314,4.175900905000669,4.175900905000669
2022-10-18 08:14:14.095000+00:00,3.15312,1.2182961837447261,1.9348238162552738,1.9348238162552738
2022-10-18 08:14:16.030000+00:00,0.70359,1.2183132372374228,-0.5147232372374227,0.5147232372374227
2022-10-18 08:14:17.908000+00:00,3.36159,1.218329788379172,2.143260211620828,2.143260211620828
2022-10-18 08:14:23.362000+00:00,0.26059,1.2183778554330056,-0.9577878554330056,0.9577878554330056
2022-10-18 08:14:25.221000+00:00,0.0,1.2183942391244384,-1.2183942391244384,1.2183942391244384
2022-10-18 08:14:27.137000+00:00,0.0,1.2184111251668193,-1.2184111251668193,1.2184111251668193
2022-10-18 08:14:29.066000+00:00,0.0,1.218428125780469,-1.218428125780469,1.218428125780469
2022-10-18 08:14:30.944000+00:00,0.0,1.218444676922218,-1.218444676922218,1.218444676922218
2022-10-18 08:14:32.706000+00:00,0.0,1.2184602057357226,-1.2184602057357226,1.2184602057357226
2022-10-18 08:14:34.581000+00:00,0.0,1.2184767304379482,-1.2184767304379482,1.2184767304379482
2022-10-18 08:14:36.393000+00:00,0.0,1.2184926999101786,-1.2184926999101786,1.2184926999101786
2022-10-18 08:14:38.252000+00:00,0.0,1.218509083601612,-1.218509083601612,1.218509083601612
2022-10-18 08:14:40.112000+00:00,0.0,1.2185254761062196,-1.2185254761062196,1.2185254761062196
2022-10-18 08:14:41.971000+00:00,0.0,1.2185418597976527,-1.2185418597976527,1.2185418597976527
2022-10-18 08:14:43.846000+00:00,0.0,1.2185583844998782,-1.2185583844998782,1.2185583844998782
2022-10-18 08:14:45.705000+00:00,0.0,1.2185747681913113,-1.2185747681913113,1.2185747681913113
2022-10-18 08:14:47.627000+00:00,0.0,1.2185917071127392,-1.2185917071127392,1.2185917071127392
2022-10-18 08:14:49.486000+00:00,0.0,1.2186080908041723,-1.2186080908041723,1.2186080908041723
2022-10-18 08:14:51.331000+00:00,0.0,1.2186243511111623,-1.2186243511111623,1.2186243511111623
2022-10-18 08:14:53.189000+00:00,0.0,1.2186407259894207,-1.2186407259894207,1.2186407259894207
2022-10-18 08:14:55.066000+00:00,0.0,1.2186572683179953,-1.2186572683179953,1.2186572683179953
2022-10-18 08:14:56.972000+00:00,0.0,1.218674066228631,-1.218674066228631,1.218674066228631
2022-10-18 08:14:58.831000+00:00,0.0,1.2186904499200641,-1.2186904499200641,1.2186904499200641
2022-10-18 08:15:00.690000+00:00,0.0,1.2187068336114972,-1.2187068336114972,1.2187068336114972
2022-10-18 08:15:02.550000+00:00,0.0,1.2187232261161047,-1.2187232261161047,1.2187232261161047
2022-10-18 08:15:04.409000+00:00,0.0,1.218739609807538,-1.218739609807538,1.218739609807538
2022-10-18 08:15:06.284000+00:00,0.0,1.2187561345097635,-1.2187561345097635,1.2187561345097635
2022-10-18 08:15:08.133000+00:00,0.0,1.2187724300694516,-1.2187724300694516,1.2187724300694516
2022-10-18 08:15:10.059000+00:00,0.0,1.2187894042435774,-1.2187894042435774,1.2187894042435774
2022-10-18 08:15:11.879000+00:00,0.0,1.2188054442212044,-1.2188054442212044,1.2188054442212044
2022-10-18 08:15:13.737000+00:00,0.0,1.218821819099463,-1.218821819099463,1.218821819099463
2022-10-18 08:15:15.663000+00:00,0.0,1.218838793273589,-1.218838793273589,1.218838793273589
2022-10-18 08:15:17.580000+00:00,0.0,1.2188556881291444,-1.2188556881291444,1.2188556881291444
2022-10-18 08:15:19.440000+00:00,0.0,1.2188720806337519,-1.2188720806337519,1.2188720806337519
2022-10-18 08:15:21.316000+00:00,0.0,1.2188886141491517,-1.2188886141491517,1.2188886141491517
2022-10-18 08:15:23.161000+00:00,0.0,1.2189048744561417,-1.2189048744561417,1.2189048744561417
2022-10-18 08:15:28.519000+00:00,0.0,1.2189520954452213,-1.2189520954452213,1.2189520954452213
2022-10-18 08:15:30.440000+00:00,0.0,1.2189690255534744,-1.2189690255534744,1.2189690255534744
2022-10-18 08:15:32.300000+00:00,0.0,1.2189854180580824,-1.2189854180580824,1.2189854180580824
2022-10-18 08:15:34.207000+00:00,0.0,1.2190022247818924,-1.2190022247818924,1.2190022247818924
2022-10-18 08:15:36.116000+00:00,0.0,1.2190190491320516,-1.2190190491320516,1.2190190491320516
2022-10-18 08:15:37.972000+00:00,0.0,1.219035406383961,-1.219035406383961,1.219035406383961
2022-10-18 08:15:39.893000+00:00,0.0,1.2190523364922146,-1.2190523364922146,1.2190523364922146
2022-10-18 08:15:41.753000+00:00,0.0,1.219068728996822,-1.219068728996822,1.219068728996822
2022-10-18 08:15:43.652000+00:00,0.0,1.219085465215236,-1.219085465215236,1.219085465215236
2022-10-18 08:15:45.565000+00:00,0.0,1.2191023248180932,-1.2191023248180932,1.2191023248180932
2022-10-18 08:15:47.441000+00:00,0.0,1.2191188583334933,-1.2191188583334933,1.2191188583334933
2022-10-18 08:15:49.346000+00:00,0.0,1.2191356474309543,-1.2191356474309543,1.2191356474309543
2022-10-18 08:15:51.162000+00:00,0.0,1.2191516521558832,-1.2191516521558832,1.2191516521558832
2022-10-18 08:15:53.066000+00:00,0.0,1.2191684324401697,-1.2191684324401697,1.2191684324401697
2022-10-18 08:15:54.925000+00:00,0.0,1.219184816131603,-1.219184816131603,1.219184816131603
2022-10-18 08:15:56.830000+00:00,0.0,1.219201605229064,-1.219201605229064,1.219201605229064
2022-10-18 08:15:58.690000+00:00,0.0,1.2192179977336717,-1.2192179977336717,1.2192179977336717
2022-10-18 08:16:00.616000+00:00,0.49512,1.2192349719077975,-0.7241149719077975,0.7241149719077975
2022-10-18 08:16:02.518000+00:00,5.96747,1.219251734565735,4.748218265434264,4.748218265434264
2022-10-18 08:16:04.488000+00:00,0.70359,1.21926909651954,-0.51567909651954,0.51567909651954
2022-10-18 08:16:06.441000+00:00,2.47559,1.219286308649378,1.256303691350622,1.256303691350622
2022-10-18 08:16:08.308000+00:00,0.443,1.2193027628462074,-0.7763027628462074,0.7763027628462074
2022-10-18 08:16:10.245000+00:00,2.68406,1.2193198339652531,1.464740166034747,1.464740166034747
2022-10-18 08:16:12.143000+00:00,4.50818,1.2193365613704925,3.288843438629508,3.288843438629508
2022-10-18 08:16:14.072000+00:00,0.20847,1.219353561984142,-1.010883561984142,1.010883561984142
2022-10-18 08:16:15.938000+00:00,0.28665,1.2193700073677969,-0.9327200073677968,0.9327200073677968
2022-10-18 08:16:17.936000+00:00,0.26059,1.2193876160904882,-0.9587976160904882,0.9587976160904882
2022-10-18 08:16:19.834000+00:00,0.20847,1.2194043434957278,-1.0109343434957279,1.0109343434957279
2022-10-18 08:16:21.722000+00:00,3.41371,1.219420982769222,2.194289017230778,2.194289017230778
2022-10-18 08:16:23.649000+00:00,0.20847,1.2194379657565224,-1.0109679657565225,1.0109679657565225
2022-10-18 08:16:25.518000+00:00,1.92835,1.2194544375797007,0.7088955624202993,0.7088955624202993
2022-10-18 08:16:27.456000+00:00,0.15635,1.219471517511921,-1.063121517511921,1.063121517511921
2022-10-18 08:16:32.972000+00:00,0.0,1.2195201309825747,-1.2195201309825747,1.2195201309825747
2022-10-18 08:16:34.863000+00:00,0.0,1.2195367966955923,-1.2195367966955923,1.2195367966955923
2022-10-18 08:16:36.753000+00:00,0.0,1.2195534535954358,-1.2195534535954358,1.2195534535954358
2022-10-18 08:16:38.630000+00:00,0.0,1.2195699959240103,-1.2195699959240103,1.2195699959240103
2022-10-18 08:16:40.550000+00:00,0.0,1.2195869172190892,-1.2195869172190892,1.2195869172190892
2022-10-18 08:16:42.473000+00:00,0.0,1.2196038649536916,-1.2196038649536916,1.2196038649536916
2022-10-18 08:16:44.394000+00:00,0.0,1.219620795061945,-1.219620795061945,1.219620795061945
2022-10-18 08:16:46.253000+00:00,0.0,1.219637178753378,-1.219637178753378,1.219637178753378
2022-10-18 08:16:48.113000+00:00,0.0,1.2196535712579857,-1.2196535712579857,1.2196535712579857
2022-10-18 08:16:49.982000+00:00,0.0,1.2196700430811642,-1.2196700430811642,1.2196700430811642
2022-10-18 08:16:51.879000+00:00,0.0,1.219686761673229,-1.219686761673229,1.219686761673229
2022-10-18 08:16:53.722000+00:00,0.0,1.21970300435387,-1.21970300435387,1.21970300435387
2022-10-18 08:16:55.596000+00:00,0.0,1.2197195202429207,-1.2197195202429207,1.2197195202429207
2022-10-18 08:16:57.421000+00:00,0.0,1.2197356042864202,-1.2197356042864202,1.2197356042864202
2022-10-18 08:16:59.268000+00:00,0.0,1.219751882219759,-1.219751882219759,1.219751882219759
2022-10-18 08:17:01.117000+00:00,0.0,1.219768177779447,-1.219768177779447,1.219768177779447
2022-10-18 08:17:02.987000+00:00,0.0,1.2197846584157999,-1.2197846584157999,1.2197846584157999
2022-10-18 08:17:05.002000+00:00,0.0,1.2198024169624584,-1.2198024169624584,1.2198024169624584
2022-10-18 08:17:06.848000+00:00,0.0,1.2198186860826226,-1.2198186860826226,1.2198186860826226
2022-10-18 08:17:08.722000+00:00,0.0,1.2198352019716736,-1.2198352019716736,1.2198352019716736
2022-10-18 08:17:10.705000+00:00,0.13029,1.2198526784967472,-1.0895626784967472,1.0895626784967472
2022-10-18 08:17:12.613000+00:00,1.45929,1.2198694940337318,0.23942050596626818,0.23942050596626818
2022-10-18 08:17:14.597000+00:00,0.80782,1.2198869793719802,-0.4120669793719802,0.4120669793719802
2022-10-18 08:17:16.549000+00:00,0.13029,1.2199041826886434,-1.0896141826886434,1.0896141826886434
2022-10-18 08:17:18.385000+00:00,0.05212,1.2199203636770628,-1.1678003636770629,1.1678003636770629
2022-10-18 08:17:20.378000+00:00,4.873,1.2199379283338816,3.6530620716661186,3.6530620716661186
2022-10-18 08:17:22.316000+00:00,2.94465,1.2199550082661017,1.7246949917338985,1.7246949917338985
2022-10-18 08:17:24.253000+00:00,1.25082,1.2199720793851476,0.03084792061485242,0.03084792061485242
2022-10-18 08:17:26.096000+00:00,0.49512,1.2199883220657883,-0.7248683220657883,0.7248683220657883
2022-10-18 08:17:28.003000+00:00,0.18241,1.2200051287895985,-1.0375951287895986,1.0375951287895986
2022-10-18 08:17:29.926000+00:00,1.74594,1.220022076524201,0.5259179234757991,0.5259179234757991
2022-10-18 08:17:31.817000+00:00,3.12706,1.2200387422372188,1.9070212577627814,1.9070212577627814
2022-10-18 08:17:37.706000+00:00,0.07818,1.2200906430219685,-1.1419106430219685,1.1419106430219685
2022-10-18 08:17:39.613000+00:00,0.15635,1.2201074497457784,-1.0637574497457785,1.0637574497457785
2022-10-18 08:17:41.486000+00:00,0.28665,1.2201239568216549,-0.9334739568216548,0.9334739568216548
2022-10-18 08:17:43.362000+00:00,0.0,1.220140490337055,-1.220140490337055,1.220140490337055
2022-10-18 08:17:45.203000+00:00,0.0,1.2201567153913468,-1.2201567153913468,1.2201567153913468
2022-10-18 08:17:47.097000+00:00,0.0,1.2201734075438881,-1.2201734075438881,1.2201734075438881
2022-10-18 08:17:48.941000+00:00,0.0,1.2201896590377035,-1.2201896590377035,1.2201896590377035
2022-10-18 08:17:50.804000+00:00,0.0,1.2202060779818347,-1.2202060779818347,1.2202060779818347
2022-10-18 08:17:52.737000+00:00,0.0,1.2202231138481823,-1.2202231138481823,1.2202231138481823
2022-10-18 08:17:54.582000+00:00,0.0,1.220239374155172,-1.220239374155172,1.220239374155172
2022-10-18 08:17:56.487000+00:00,0.0,1.2202561632526332,-1.2202561632526332,1.2202561632526332
2022-10-18 08:17:58.347000+00:00,0.0,1.220272555757241,-1.220272555757241,1.220272555757241
2022-10-18 08:18:00.211000+00:00,0.0,1.2202889835145467,-1.2202889835145467,1.2202889835145467
2022-10-18 08:18:02.119000+00:00,1.38112,1.2203057990515314,0.16081420094846854,0.16081420094846854
2022-10-18 08:18:04.018000+00:00,1.45929,1.2203225352699452,0.2389674647300548,0.2389674647300548
2022-10-18 08:18:05.920000+00:00,7.2183,1.2203392979278826,5.997960702072118,5.997960702072118
2022-10-18 08:18:07.784000+00:00,0.07818,1.2203557256851885,-1.1421757256851885,1.1421757256851885
2022-10-18 08:18:09.762000+00:00,1.22477,1.2203731581443895,0.0043968418556104005,0.0043968418556104005
2022-10-18 08:18:11.690000+00:00,3.30947,1.2203901499448646,2.0890798500551355,2.0890798500551355
2022-10-18 08:18:13.566000+00:00,1.329,1.2204066834602645,0.10859331653973547,0.10859331653973547
2022-10-18 08:18:15.514000+00:00,6.72318,1.22042385152423,5.50275614847577,5.50275614847577
2022-10-18 08:18:17.442000+00:00,0.36482,1.2204408433247051,-0.8556208433247052,0.8556208433247052
2022-10-18 08:18:19.330000+00:00,0.57329,1.2204574825981993,-0.6471674825981993,0.6471674825981993
2022-10-18 08:18:21.258000+00:00,0.72965,1.2204744743986742,-0.49082447439867416,0.49082447439867416
2022-10-18 08:18:23.165000+00:00,0.0,1.2204912811224844,-1.2204912811224844,1.2204912811224844
2022-10-18 08:18:25.053000+00:00,3.02282,1.2205079203959786,1.8023120796040213,1.8023120796040213
2022-10-18 08:18:26.987000+00:00,0.85994,1.2205249650755008,-0.36058496507550075,0.36058496507550075
2022-10-18 08:18:28.836000+00:00,0.02606,1.2205412606351889,-1.194481260635189,1.194481260635189
2022-10-18 08:18:30.803000+00:00,3.72641,1.2205585961494698,2.50585140385053,2.50585140385053
2022-10-18 08:18:32.632000+00:00,0.23453,1.2205747154456674,-0.9860447154456674,0.9860447154456674
2022-10-18 08:18:34.519000+00:00,0.0,1.2205913459059872,-1.2205913459059872,1.2205913459059872
2022-10-18 08:18:36.440000+00:00,0.0,1.2206082760142407,-1.2206082760142407,1.2206082760142407
2022-10-18 08:18:42.425000+00:00,0.0,1.2206610228637444,-1.2206610228637444,1.2206610228637444
2022-10-18 08:18:44.315000+00:00,0.0,1.2206776797635874,-1.2206776797635874,1.2206776797635874
2022-10-18 08:18:46.178000+00:00,0.0,1.2206940987077188,-1.2206940987077188,1.2206940987077188
2022-10-18 08:18:48.054000+00:00,0.0,1.2207106322231187,-1.2207106322231187,1.2207106322231187
2022-10-18 08:18:49.893000+00:00,0.0,1.2207268396510615,-1.2207268396510615,1.2207268396510615
2022-10-18 08:18:51.728000+00:00,0.0,1.2207430118263063,-1.2207430118263063,1.2207430118263063
2022-10-18 08:18:53.721000+00:00,0.0,1.220760576483125,-1.220760576483125,1.220760576483125
2022-10-18 08:18:55.580000+00:00,0.0,1.2207769601745582,-1.2207769601745582,1.2207769601745582
2022-10-18 08:18:57.440000+00:00,0.0,1.2207933526791659,-1.2207933526791659,1.2207933526791659
2022-10-18 08:18:59.299000+00:00,0.0,1.220809736370599,-1.220809736370599,1.220809736370599
2022-10-18 08:19:01.118000+00:00,0.0,1.2208257675350513,-1.2208257675350513,1.2208257675350513
2022-10-18 08:19:02.950000+00:00,0.0,1.2208419132707724,-1.2208419132707724,1.2208419132707724
2022-10-18 08:19:04.893000+00:00,7.73947,1.2208590372688652,6.518610962731135,6.518610962731135
2022-10-18 08:19:06.786000+00:00,1.14659,1.2208757206082321,-0.07428572060823213,0.07428572060823213
2022-10-18 08:19:08.723000+00:00,11.93494,1.2208927917272776,10.71404720827272,10.71404720827272
2022-10-18 08:19:10.657000+00:00,0.15635,1.2209098364068,-1.0645598364068,1.0645598364068
2022-10-18 08:19:12.614000+00:00,1.58959,1.220927083789336,0.36866291621066405,0.36866291621066405
2022-10-18 08:19:14.519000+00:00,2.94465,1.2209438728867972,1.723706127113203,1.723706127113203
2022-10-18 08:19:16.350000+00:00,1.329,1.2209600098093438,0.10803999019065613,0.10803999019065613
2022-10-18 08:19:18.278000+00:00,1.58959,1.220977001609819,0.36861299839018113,0.36861299839018113
2022-10-18 08:19:20.195000+00:00,0.70359,1.220993896465374,-0.5174038964653739,0.5174038964653739
2022-10-18 08:19:22.121000+00:00,1.45929,1.2210108706395,0.2382791293605,0.2382791293605
2022-10-18 08:19:24.035000+00:00,1.19871,1.2210277390555317,-0.022317739055531804,0.022317739055531804
2022-10-18 08:19:25.945000+00:00,2.44953,1.2210445722188656,1.2284854277811346,1.2284854277811346
2022-10-18 08:19:27.864000+00:00,2.31924,1.22106148470077,1.0981785152992303,1.0981785152992303
2022-10-18 08:19:29.800000+00:00,1.17265,1.221078547006641,-0.04842854700664101,0.04842854700664101
2022-10-18 08:19:31.718000+00:00,0.05212,1.2210954506753708,-1.168975450675371,1.168975450675371
2022-10-18 08:19:33.595000+00:00,5.10753,1.2211119930039454,3.8864180069960543,3.8864180069960543
2022-10-18 08:19:35.426000+00:00,0.23453,1.221128129926492,-0.986598129926492,0.986598129926492
2022-10-18 08:19:37.302000+00:00,0.0,1.2211446634418919,-1.2211446634418919,1.2211446634418919
2022-10-18 08:19:39.176000+00:00,0.0,1.221161179330943,-1.221161179330943,1.221161179330943
2022-10-18 08:19:41.040000+00:00,0.0,1.2211776070882485,-1.2211776070882485,1.2211776070882485
2022-10-18 08:19:46.895000+00:00,0.0,1.2212292082250646,-1.2212292082250646,1.2212292082250646
2022-10-18 08:19:48.743000+00:00,0.0,1.221245494971578,-1.221245494971578,1.221245494971578
2022-10-18 08:19:50.599000+00:00,0.0,1.2212618522234877,-1.2212618522234877,1.2212618522234877
2022-10-18 08:19:52.459000+00:00,0.0,1.2212782447280954,-1.2212782447280954,1.2212782447280954
2022-10-18 08:19:54.364000+00:00,0.0,1.2212950338255564,-1.2212950338255564,1.2212950338255564
2022-10-18 08:19:56.263000+00:00,0.0,1.2213117700439704,-1.2213117700439704,1.2213117700439704
2022-10-18 08:19:58.161000+00:00,1.772,1.2213284974492098,0.5506715025507902,0.5506715025507902
2022-10-18 08:20:00.083000+00:00,3.70035,1.2213454363706377,2.479004563629362,2.479004563629362
2022-10-18 08:20:02.068000+00:00,2.26712,1.2213629305220604,1.0457570694779394,1.0457570694779394
2022-10-18 08:20:03.976000+00:00,0.05212,1.221379746059045,-1.169259746059045,1.169259746059045
2022-10-18 08:20:05.884000+00:00,0.18241,1.2213965615960296,-1.0389865615960296,1.0389865615960296
2022-10-18 08:20:07.906000+00:00,2.91859,1.2214143818349097,1.6971756181650903,1.6971756181650903
2022-10-18 08:20:09.813000+00:00,3.04888,1.2214311885587197,1.8274488114412804,1.8274488114412804
2022-10-18 08:20:11.681000+00:00,0.57329,1.2214476515687234,-0.6481576515687234,0.6481576515687234
2022-10-18 08:20:13.628000+00:00,0.93812,1.2214648108195143,-0.28334481081951435,0.28334481081951435
2022-10-18 08:20:15.525000+00:00,0.13029,1.2214815294115793,-1.0911915294115793,1.0911915294115793
2022-10-18 08:20:17.463000+00:00,1.90229,1.2214986093437996,0.6807913906562004,0.6807913906562004
2022-10-18 08:20:19.344000+00:00,6.72318,1.221515186925072,5.501664813074928,5.501664813074928
2022-10-18 08:20:21.277000+00:00,2.89253,1.2215322227914198,1.67099777720858,1.67099777720858
2022-10-18 08:20:23.219000+00:00,0.54724,1.221549337976338,-0.6743093379763381,0.6743093379763381
2022-10-18 08:20:25.093000+00:00,0.18241,1.221565853865389,-1.0391558538653891,1.0391558538653891
2022-10-18 08:20:26.989000+00:00,0.15635,1.2215825636442794,-1.0652325636442794,1.0652325636442794
2022-10-18 08:20:28.969000+00:00,0.20847,1.2216000137298295,-1.0131300137298296,1.0131300137298296
2022-10-18 08:20:30.849000+00:00,0.0,1.2216165824979277,-1.2216165824979277,1.2216165824979277
2022-10-18 08:20:32.719000+00:00,0.0,1.2216330631342804,-1.2216330631342804,1.2216330631342804
2022-10-18 08:20:34.578000+00:00,0.0,1.2216494468257135,-1.2216494468257135,1.2216494468257135
2022-10-18 08:20:36.438000+00:00,0.0,1.2216658393303215,-1.2216658393303215,1.2216658393303215
2022-10-18 08:20:38.304000+00:00,0.0,1.221682284713976,-1.221682284713976,1.221682284713976
2022-10-18 08:20:40.223000+00:00,0.0,1.2216991971958804,-1.2216991971958804,1.2216991971958804
2022-10-18 08:20:42.094000+00:00,0.0,1.2217156866454078,-1.2217156866454078,1.2217156866454078
2022-10-18 08:20:43.938000+00:00,0.0,1.2217319381392233,-1.2217319381392233,1.2217319381392233
2022-10-18 08:20:45.849000+00:00,0.0,1.2217487801157314,-1.2217487801157314,1.2217487801157314
2022-10-18 08:20:51.250000+00:00,0.0,1.2217963800713152,-1.2217963800713152,1.2217963800713152
2022-10-18 08:20:53.125000+00:00,0.0,1.2218129047735407,-1.2218129047735407,1.2218129047735407
2022-10-18 08:20:54.984000+00:00,0.0,1.2218292884649737,-1.2218292884649737,1.2218292884649737
2022-10-18 08:20:56.797000+00:00,0.0,1.2218452667503792,-1.2218452667503792,1.2218452667503792
2022-10-18 08:20:58.653000+00:00,0.0,1.2218616240022886,-1.2218616240022886,1.2218616240022886
2022-10-18 08:21:00.519000+00:00,0.0,1.2218780693859435,-1.2218780693859435,1.2218780693859435
2022-10-18 08:21:02.485000+00:00,0.0,1.2218953960870502,-1.2218953960870502,1.2218953960870502
2022-10-18 08:21:04.392000+00:00,0.0,1.2219122028108602,-1.2219122028108602,1.2219122028108602
2022-10-18 08:21:06.297000+00:00,0.0,1.2219289919083214,-1.2219289919083214,1.2219289919083214
2022-10-18 08:21:08.211000+00:00,0.0,1.2219458603243532,-1.2219458603243532,1.2219458603243532
2022-10-18 08:21:10.119000+00:00,0.0,1.2219626758613378,-1.2219626758613378,1.2219626758613378
2022-10-18 08:21:11.935000+00:00,0.0,1.2219786805862665,-1.2219786805862665,1.2219786805862665
2022-10-18 08:21:13.761000+00:00,0.0,1.2219947734429404,-1.2219947734429404,1.2219947734429404
2022-10-18 08:21:15.607000+00:00,0.54724,1.2220110425631048,-0.6747710425631048,0.6747710425631048
2022-10-18 08:21:17.493000+00:00,2.34529,1.22202766421025,1.1232623357897498,1.1232623357897498
2022-10-18 08:21:19.368000+00:00,0.41694,1.2220441889124753,-0.8051041889124754,0.8051041889124754
2022-10-18 08:21:21.305000+00:00,0.83388,1.2220612600315213,-0.3881812600315213,0.3881812600315213
2022-10-18 08:21:23.190000+00:00,6.87953,1.222077872865492,5.657452127134508,5.657452127134508
2022-10-18 08:21:25.147000+00:00,12.56036,1.222095120248028,11.338264879751971,11.338264879751971
2022-10-18 08:21:27.096000+00:00,1.98047,1.2221122971251681,0.7583577028748318,0.7583577028748318
2022-10-18 08:21:29.025000+00:00,0.41694,1.2221292977388176,-0.8051892977388176,0.8051892977388176
2022-10-18 08:21:30.941000+00:00,0.57329,1.2221461837811982,-0.6488561837811982,0.6488561837811982
2022-10-18 08:21:32.777000+00:00,0.02606,1.2221623647696176,-1.1961023647696176,1.1961023647696176
2022-10-18 08:21:34.715000+00:00,3.62218,1.2221794447018377,2.4000005552981625,2.4000005552981625
2022-10-18 08:21:36.592000+00:00,0.33876,1.2221959870304122,-0.8834359870304123,0.8834359870304123
2022-10-18 08:21:38.471000+00:00,0.07818,1.222212546985336,-1.144032546985336,1.144032546985336
2022-10-18 08:21:40.419000+00:00,1.48535,1.2222297150493013,0.2631202849506986,0.2631202849506986
2022-10-18 08:21:42.325000+00:00,4.27365,1.222246512959937,3.051403487040063,3.051403487040063
2022-10-18 08:21:44.227000+00:00,0.18241,1.2222632756178742,-1.0398532756178742,1.0398532756178742
2022-10-18 08:21:46.162000+00:00,1.45929,1.2222803291105708,0.23700967088942915,0.23700967088942915
2022-10-18 08:21:48.079000+00:00,0.0,1.2222972239661263,-1.2222972239661263,1.2222972239661263
2022-10-18 08:21:49.961000+00:00,0.0,1.2223138103605735,-1.2223138103605735,1.2223138103605735
2022-10-18 08:21:55.779000+00:00,0.0,1.2223650854099324,-1.2223650854099324,1.2223650854099324
2022-10-18 08:21:57.652000+00:00,0.0,1.2223815924858088,-1.2223815924858088,1.2223815924858088
2022-10-18 08:21:59.492000+00:00,0.0,1.2223978087269258,-1.2223978087269258,1.2223978087269258
2022-10-18 08:22:01.400000+00:00,0.0,1.2224146242639105,-1.2224146242639105,1.2224146242639105
2022-10-18 08:22:03.259000+00:00,0.0,1.2224310079553438,-1.2224310079553438,1.2224310079553438
2022-10-18 08:22:05.128000+00:00,0.0,1.222447479778522,-1.222447479778522,1.222447479778522
2022-10-18 08:22:07.065000+00:00,0.0,1.2224645508975678,-1.2224645508975678,1.2224645508975678
2022-10-18 08:22:08.919000+00:00,0.02606,1.2224808905231284,-1.1964208905231284,1.1964208905231284
2022-10-18 08:22:10.777000+00:00,1.40718,1.2224972654013868,0.18468273459861329,0.18468273459861329
2022-10-18 08:22:12.741000+00:00,0.67753,1.2225145744761448,-0.5449845744761448,0.5449845744761448
2022-10-18 08:22:14.649000+00:00,1.56353,1.2225313900131294,0.3409986099868707,0.3409986099868707
2022-10-18 08:22:16.545000+00:00,0.33876,1.2225480997920197,-0.8837880997920198,0.8837880997920198
2022-10-18 08:22:18.465000+00:00,1.12053,1.2225650210870986,-0.10203502108709861,0.10203502108709861
2022-10-18 08:22:20.398000+00:00,4.82088,1.2225820569534462,3.5982979430465534,3.5982979430465534
2022-10-18 08:22:22.321000+00:00,0.23453,1.2225990046880486,-0.9880690046880486,0.9880690046880486
2022-10-18 08:22:24.310000+00:00,0.96418,1.2226165340921695,-0.2584365340921695,0.2584365340921695
2022-10-18 08:22:26.194000+00:00,0.26059,1.2226331381129656,-0.9620431381129656,0.9620431381129656
2022-10-18 08:22:28.055000+00:00,0.18241,1.2226495394307477,-1.0402395394307478,1.0402395394307478
2022-10-18 08:22:29.922000+00:00,1.87624,1.2226659936275772,0.6535740063724227,0.6535740063724227
2022-10-18 08:22:31.837000+00:00,0.23453,1.2226828708567834,-0.9881528708567834,0.9881528708567834
2022-10-18 08:22:33.788000+00:00,11.49194,1.2227000653602724,10.269239934639728,10.269239934639728
2022-10-18 08:22:35.753000+00:00,0.15635,1.2227173832482046,-1.0663673832482046,1.0663673832482046
2022-10-18 08:22:37.664000+00:00,0.15635,1.2227342252247129,-1.0663842252247129,1.0663842252247129
2022-10-18 08:22:39.615000+00:00,0.26059,1.222751419728202,-0.9621614197282019,0.9621614197282019
2022-10-18 08:22:41.447000+00:00,0.0,1.222767565463923,-1.222767565463923,1.222767565463923
2022-10-18 08:22:43.318000+00:00,0.0,1.22278405491345,-1.22278405491345,1.22278405491345
2022-10-18 08:22:45.100000+00:00,0.0,1.2227997599904454,-1.2227997599904454,1.2227997599904454
2022-10-18 08:22:46.998000+00:00,0.0,1.2228164873956848,-1.2228164873956848,1.2228164873956848
2022-10-18 08:22:49.021000+00:00,0.0,1.2228343164477393,-1.2228343164477393,1.2228343164477393
2022-10-18 08:22:50.823000+00:00,0.0,1.2228501977882247,-1.2228501977882247,1.2228501977882247
2022-10-18 08:22:52.695000+00:00,0.0,1.2228666960509267,-1.2228666960509267,1.2228666960509267
2022-10-18 08:22:54.615000+00:00,0.0,1.2228836173460056,-1.2228836173460056,1.2228836173460056
2022-10-18 08:23:00.226000+00:00,0.0,1.2229330680682386,-1.2229330680682386,1.2229330680682386
2022-10-18 08:23:02.149000+00:00,0.0,1.2229500158028412,-1.2229500158028412,1.2229500158028412
2022-10-18 08:23:04.038000+00:00,0.0,1.2229666638895098,-1.2229666638895098,1.2229666638895098
2022-10-18 08:23:05.854000+00:00,0.0,1.2229826686144385,-1.2229826686144385,1.2229826686144385
2022-10-18 08:23:07.689000+00:00,0.0,1.2229988407896832,-1.2229988407896832,1.2229988407896832
2022-10-18 08:23:09.566000+00:00,0.0,1.2230153831182577,-1.2230153831182577,1.2230153831182577
2022-10-18 08:23:11.492000+00:00,0.0,1.2230323572923836,-1.2230323572923836,1.2230323572923836
2022-10-18 08:23:13.361000+00:00,0.0,1.2230488291155621,-1.2230488291155621,1.2230488291155621
2022-10-18 08:23:15.237000+00:00,0.0,1.2230653626309622,-1.2230653626309622,1.2230653626309622
2022-10-18 08:23:17.112000+00:00,0.0,1.2230818873331875,-1.2230818873331875,1.2230818873331875
2022-10-18 08:23:18.980000+00:00,0.0,1.2230983503431916,-1.2230983503431916,1.2230983503431916
2022-10-18 08:23:20.851000+00:00,0.0,1.2231148397927187,-1.2231148397927187,1.2231148397927187
2022-10-18 08:23:22.753000+00:00,0.0,1.2231316024506562,-1.2231316024506562,1.2231316024506562
2022-10-18 08:23:24.612000+00:00,0.0,1.2231479861420893,-1.2231479861420893,1.2231479861420893
2022-10-18 08:23:26.502000+00:00,0.0,1.2231646430419327,-1.2231646430419327,1.2231646430419327
2022-10-18 08:23:28.441000+00:00,0.0,1.2231817317873275,-1.2231817317873275,1.2231817317873275
2022-10-18 08:23:30.303000+00:00,0.0,1.2231981419182842,-1.2231981419182842,1.2231981419182842
2022-10-18 08:23:32.237000+00:00,0.0,1.2232151865978063,-1.2232151865978063,1.2232151865978063
2022-10-18 08:23:34.100000+00:00,0.0,1.2232316055419377,-1.2232316055419377,1.2232316055419377
2022-10-18 08:23:36.022000+00:00,0.0,1.2232485444633654,-1.2232485444633654,1.2232485444633654
2022-10-18 08:23:37.854000+00:00,0.0,1.2232646901990867,-1.2232646901990867,1.2232646901990867
2022-10-18 08:23:39.784000+00:00,0.0,1.2232816996259106,-1.2232816996259106,1.2232816996259106
2022-10-18 08:23:41.706000+00:00,0.0,1.2232986385473386,-1.2232986385473386,1.2232986385473386
2022-10-18 08:23:43.534000+00:00,0.0,1.2233147490303615,-1.2233147490303615,1.2233147490303615
2022-10-18 08:23:45.456000+00:00,0.0,1.2233316879517895,-1.2233316879517895,1.2233316879517895
2022-10-18 08:23:47.378000+00:00,0.0,1.2233486268732174,-1.2233486268732174,1.2233486268732174
2022-10-18 08:23:49.236000+00:00,0.0,1.2233650017514761,-1.2233650017514761,1.2233650017514761
2022-10-18 08:23:51.101000+00:00,0.0,1.2233814383219563,-1.2233814383219563,1.2233814383219563
2022-10-18 08:23:53.002000+00:00,0.0,1.2233981921667194,-1.2233981921667194,1.2233981921667194
2022-10-18 08:23:54.924000+00:00,0.0,1.2234151310881471,-1.2234151310881471,1.2234151310881471
2022-10-18 08:23:56.846000+00:00,0.0,1.223432070009575,-1.223432070009575,1.223432070009575
2022-10-18 08:23:58.721000+00:00,0.0,1.2234485947118006,-1.2234485947118006,1.2234485947118006
2022-10-18 08:24:04.706000+00:00,0.0,1.2235013415613043,-1.2235013415613043,1.2235013415613043
2022-10-18 08:24:06.566000+00:00,0.0,1.2235177340659118,-1.2235177340659118,1.2235177340659118
2022-10-18 08:24:08.424000+00:00,0.0,1.2235341089441705,-1.2235341089441705,1.2235341089441705
2022-10-18 08:24:10.284000+00:00,0.0,1.223550501448778,-1.223550501448778,1.223550501448778
2022-10-18 08:24:12.147000+00:00,0.0,1.2235669203929094,-1.2235669203929094,1.2235669203929094
2022-10-18 08:24:13.987000+00:00,0.0,1.2235831366340266,-1.2235831366340266,1.2235831366340266
2022-10-18 08:24:15.947000+00:00,0.0,1.2236004104560863,-1.2236004104560863,1.2236004104560863
2022-10-18 08:24:17.799000+00:00,0.0,1.2236167324552978,-1.2236167324552978,1.2236167324552978
2022-10-18 08:24:19.705000+00:00,0.0,1.2236335303659334,-1.2236335303659334,1.2236335303659334
2022-10-18 08:24:21.628000+00:00,0.0,1.2236504781005357,-1.2236504781005357,1.2236504781005357
2022-10-18 08:24:23.471000+00:00,0.0,1.2236667207811767,-1.2236667207811767,1.2236667207811767
2022-10-18 08:24:25.386000+00:00,0.0,1.2236835980103828,-1.2236835980103828,1.2236835980103828
2022-10-18 08:24:27.299000+00:00,0.0,1.2237004576132402,-1.2237004576132402,1.2237004576132402
2022-10-18 08:24:29.151000+00:00,0.0,1.2237167796124515,-1.2237167796124515,1.2237167796124515
2022-10-18 08:24:31.071000+00:00,0.0,1.2237337009075304,-1.2237337009075304,1.2237337009075304
2022-10-18 08:24:32.924000+00:00,0.0,1.2237500317199164,-1.2237500317199164,1.2237500317199164
2022-10-18 08:24:34.785000+00:00,0.0,1.2237664330376987,-1.2237664330376987,1.2237664330376987
2022-10-18 08:24:36.669000+00:00,0.0,1.223783037058495,-1.223783037058495,1.223783037058495
2022-10-18 08:24:38.638000+00:00,2.76224,1.2238003901991252,1.5384396098008746,1.5384396098008746
2022-10-18 08:24:40.538000+00:00,4.06518,1.2238171352307137,2.841362864769286,2.841362864769286
2022-10-18 08:24:42.526000+00:00,1.27688,1.22383465582166,0.05304534417834006,0.05304534417834006
2022-10-18 08:24:44.487000+00:00,0.02606,1.2238519384568942,-1.1977919384568942,1.1977919384568942
2022-10-18 08:24:46.409000+00:00,3.15312,1.223868877378322,1.929251122621678,1.929251122621678
2022-10-18 08:24:48.289000+00:00,3.12706,1.2238854461464201,1.90317455385358,1.90317455385358
2022-10-18 08:24:50.155000+00:00,3.12706,1.2239018915300748,1.9031581084699254,1.9031581084699254
2022-10-18 08:24:51.992000+00:00,1.35506,1.2239180813316686,0.13114191866833136,0.13114191866833136
2022-10-18 08:24:53.846000+00:00,0.31271,1.2239344209572292,-0.9112244209572291,0.9112244209572291
2022-10-18 08:24:55.850000+00:00,0.33876,1.2239520825589678,-0.8851920825589679,0.8851920825589679
2022-10-18 08:24:57.787000+00:00,4.40394,1.2239691536780133,3.179970846321987,3.179970846321987
2022-10-18 08:24:59.663000+00:00,4.69059,1.2239856871934134,3.466604312806587,3.466604312806587
2022-10-18 08:25:01.590000+00:00,0.49512,1.224002670180714,-0.7288826701807141,0.7288826701807141
2022-10-18 08:25:03.549000+00:00,0.886,1.224019935189599,-0.33801993518959905,0.33801993518959905
2022-10-18 08:25:09.658000+00:00,0.18241,1.2240737748727435,-1.0416637748727435,1.0416637748727435
2022-10-18 08:25:11.549000+00:00,0.0,1.224090440585761,-1.224090440585761,1.224090440585761
2022-10-18 08:25:13.474000+00:00,0.0,1.2241074059467125,-1.2241074059467125,1.2241074059467125
2022-10-18 08:25:15.332000+00:00,0.0,1.2241237808249714,-1.2241237808249714,1.2241237808249714
2022-10-18 08:25:17.205000+00:00,0.0,1.2241402879008476,-1.2241402879008476,1.2241402879008476
2022-10-18 08:25:19.035000+00:00,0.0,1.2241564160102198,-1.2241564160102198,1.2241564160102198
2022-10-18 08:25:20.954000+00:00,0.0,1.2241733284921241,-1.2241733284921241,1.2241733284921241
2022-10-18 08:25:22.864000+00:00,0.0,1.2241901616554576,-1.2241901616554576,1.2241901616554576
2022-10-18 08:25:24.768000+00:00,0.0,1.224206941939744,-1.224206941939744,1.224206941939744
2022-10-18 08:25:26.667000+00:00,0.0,1.2242236781581584,-1.2242236781581584,1.2242236781581584
2022-10-18 08:25:28.535000+00:00,0.0,1.224240141168162,-1.224240141168162,1.224240141168162
2022-10-18 08:25:30.457000+00:00,0.0,1.22425708008959,-1.22425708008959,1.22425708008959
2022-10-18 08:25:32.319000+00:00,0.0,1.2242734902205465,-1.2242734902205465,1.2242734902205465
2022-10-18 08:25:34.190000+00:00,0.0,1.2242899796700741,-1.2242899796700741,1.2242899796700741
2022-10-18 08:25:36.063000+00:00,0.31271,1.2243064867459506,-0.9115964867459505,0.9115964867459505
2022-10-18 08:25:38.002000+00:00,11.36165,1.2243235754913453,10.137326424508654,10.137326424508654
2022-10-18 08:25:39.909000+00:00,0.15635,1.2243403822151553,-1.0679903822151553,1.0679903822151553
2022-10-18 08:25:41.807000+00:00,2.18894,1.224357109620395,0.9645828903796052,0.9645828903796052
2022-10-18 08:25:43.735000+00:00,1.90229,1.2243741014208698,0.6779158985791303,0.6779158985791303
2022-10-18 08:25:45.652000+00:00,22.22818,1.224390996276425,21.003789003723572,21.003789003723572
2022-10-18 08:25:47.520000+00:00,2.78829,1.224407459286429,1.563882540713571,1.563882540713571
2022-10-18 08:25:49.377000+00:00,0.28665,1.2244238253515132,-0.9377738253515131,0.9377738253515131
2022-10-18 08:25:51.274000+00:00,6.74924,1.224440543943578,5.524799456056423,5.524799456056423
2022-10-18 08:25:53.050000+00:00,0.31271,1.224456196141526,-0.9117461961415259,0.9117461961415259
2022-10-18 08:25:55.018000+00:00,0.886,1.2244735404689817,-0.3384735404689817,0.3384735404689817
2022-10-18 08:25:56.944000+00:00,1.06841,1.2244905146431078,-0.15608051464310768,0.15608051464310768
2022-10-18 08:25:58.799000+00:00,2.84041,1.2245068630818428,1.6159031369181571,1.6159031369181571
2022-10-18 08:26:00.698000+00:00,3.85671,1.2245235993002568,2.6321864006997435,2.6321864006997435
2022-10-18 08:26:02.616000+00:00,0.70359,1.2245405029689866,-0.5209505029689866,0.5209505029689866
2022-10-18 08:26:04.534000+00:00,0.07818,1.2245574066377163,-1.1463774066377164,1.1463774066377164
2022-10-18 08:26:06.441000+00:00,0.18241,1.2245742133615267,-1.0421642133615268,1.0421642133615268
2022-10-18 08:26:08.440000+00:00,0.23453,1.2245918308973924,-0.9900618308973924,0.9900618308973924
2022-10-18 08:26:14.072000+00:00,0.0,1.2246414666962906,-1.2246414666962906,1.2246414666962906
2022-10-18 08:26:15.898000+00:00,0.0,1.2246575595529645,-1.2246575595529645,1.2246575595529645
2022-10-18 08:26:17.768000+00:00,0.0,1.2246740401893175,-1.2246740401893175,1.2246740401893175
2022-10-18 08:26:19.613000+00:00,0.0,1.2246903004963072,-1.2246903004963072,1.2246903004963072
2022-10-18 08:26:21.487000+00:00,0.0,1.2247068163853583,-1.2247068163853583,1.2247068163853583
2022-10-18 08:26:23.331000+00:00,0.0,1.2247230678791734,-1.2247230678791734,1.2247230678791734
2022-10-18 08:26:25.363000+00:00,0.0,1.2247409762497985,-1.2247409762497985,1.2247409762497985
2022-10-18 08:26:27.252000+00:00,0.0,1.2247576243364673,-1.2247576243364673,1.2247576243364673
2022-10-18 08:26:29.237000+00:00,0.0,1.2247751184878901,-1.2247751184878901,1.2247751184878901
2022-10-18 08:26:31.235000+00:00,7.40071,1.2247927272105814,6.175917272789419,6.175917272789419
2022-10-18 08:26:33.167000+00:00,1.27688,1.2248097542637546,0.05207024573624541,0.05207024573624541
2022-10-18 08:26:35.067000+00:00,9.22483,1.224826499295343,8.000003500704658,8.000003500704658
2022-10-18 08:26:36.943000+00:00,0.05212,1.2248430328107431,-1.1727230328107432,1.1727230328107432
2022-10-18 08:26:38.861000+00:00,1.51141,1.224859936479473,0.2865500635205269,0.2865500635205269
2022-10-18 08:26:40.777000+00:00,2.81435,1.2248768225218538,1.5894731774781463,1.5894731774781463
2022-10-18 08:26:42.678000+00:00,1.14659,1.2248935763666169,-0.07830357636661689,0.07830357636661689
2022-10-18 08:26:44.581000+00:00,2.00653,1.2249103478377288,0.7816196521622714,0.7816196521622714
2022-10-18 08:26:46.565000+00:00,0.65147,1.224927833175977,-0.573457833175977,0.573457833175977
2022-10-18 08:26:48.459000+00:00,0.36482,1.2249445253285183,-0.8601245253285184,0.8601245253285184
2022-10-18 08:26:50.426000+00:00,0.33876,1.2249618608427997,-0.8862018608427997,0.8862018608427997
2022-10-18 08:26:52.269000+00:00,0.20847,1.2249781035234404,-1.0165081035234405,1.0165081035234405
2022-10-18 08:26:54.181000+00:00,1.79806,1.224994954313123,0.5730650456868769,0.5730650456868769
2022-10-18 08:26:56.102000+00:00,1.69382,1.2250118844213764,0.4688081155786237,0.4688081155786237
2022-10-18 08:26:58.006000+00:00,0.13029,1.2250286647056632,-1.0947386647056632,1.0947386647056632
2022-10-18 08:26:59.903000+00:00,5.316,1.225045383297728,4.0909546167022715,4.0909546167022715
2022-10-18 08:27:01.862000+00:00,0.23453,1.2250626483066132,-0.9905326483066131,0.9905326483066131
2022-10-18 08:27:03.706000+00:00,0.0,1.2250788998004285,-1.2250788998004285,1.2250788998004285
2022-10-18 08:27:05.641000+00:00,0.0,1.2250959532931252,-1.2250959532931252,1.2250959532931252
2022-10-18 08:27:07.534000+00:00,0.0,1.225112636632492,-1.225112636632492,1.225112636632492
2022-10-18 08:27:09.429000+00:00,0.0,1.225129337598208,-1.225129337598208,1.225129337598208
2022-10-18 08:27:11.320000+00:00,0.0,1.2251460033112256,-1.2251460033112256,1.2251460033112256
2022-10-18 08:27:13.227000+00:00,0.0,1.2251628100350358,-1.2251628100350358,1.2251628100350358
2022-10-18 08:27:18.508000+00:00,0.0,1.2252093524096772,-1.2252093524096772,1.2252093524096772
2022-10-18 08:27:20.383000+00:00,0.0,1.2252258771119027,-1.2252258771119027,1.2252258771119027
2022-10-18 08:27:22.196000+00:00,0.0,1.2252418553973077,-1.2252418553973077,1.2252418553973077
2022-10-18 08:27:24.024000+00:00,0.0,1.2252579658803309,-1.2252579658803309,1.2252579658803309
2022-10-18 08:27:25.996000+00:00,8.23459,1.2252753454604848,7.009314654539516,7.009314654539516
2022-10-18 08:27:27.911000+00:00,2.44953,1.2252922226896912,1.224237777310309,1.224237777310309
2022-10-18 08:27:29.899000+00:00,6.56683,1.2253097432806372,5.341520256719363,5.341520256719363
2022-10-18 08:27:31.798000+00:00,0.02606,1.2253264794990515,-1.1992664794990515,1.1992664794990515
2022-10-18 08:27:33.742000+00:00,1.58959,1.2253436123103185,0.36424638768968154,0.36424638768968154
2022-10-18 08:27:35.605000+00:00,2.71012,1.22536003125445,1.48475996874555,1.48475996874555
2022-10-18 08:27:37.511000+00:00,3.15312,1.2253768291650853,1.9277431708349146,1.9277431708349146
2022-10-18 08:27:39.476000+00:00,0.02606,1.2253941470530179,-1.1993341470530179,1.1993341470530179
2022-10-18 08:27:41.321000+00:00,0.31271,1.2254104073600076,-0.9127004073600076,0.9127004073600076
2022-10-18 08:27:43.224000+00:00,0.23453,1.2254271788311195,-0.9908971788311195,0.9908971788311195
2022-10-18 08:27:45.121000+00:00,1.01629,1.2254438974231845,-0.20915389742318458,0.20915389742318458
2022-10-18 08:27:47.040000+00:00,1.30294,1.225460809905089,0.077479190094911,0.077479190094911
2022-10-18 08:27:48.991000+00:00,2.05865,1.225478004408578,0.8331719955914221,0.8331719955914221
2022-10-18 08:27:50.934000+00:00,0.46906,1.2254951284066709,-0.7564351284066708,0.7564351284066708
2022-10-18 08:27:52.821000+00:00,0.39088,1.2255117588669904,-0.8346317588669904,0.8346317588669904
2022-10-18 08:27:54.774000+00:00,0.15635,1.2255289709968284,-1.0691789709968285,1.0691789709968285
2022-10-18 08:27:56.647000+00:00,0.26059,1.2255454780727049,-0.9649554780727049,0.9649554780727049
2022-10-18 08:27:58.524000+00:00,0.0,1.2255620204012794,-1.2255620204012794,1.2255620204012794
2022-10-18 08:28:00.360000+00:00,0.0,1.2255782013896988,-1.2255782013896988,1.2255782013896988
2022-10-18 08:28:02.289000+00:00,0.0,1.225595202003348,-1.225595202003348,1.225595202003348
2022-10-18 08:28:04.210000+00:00,0.0,1.2256121321116016,-1.2256121321116016,1.2256121321116016
2022-10-18 08:28:06.083000+00:00,0.0,1.225628639187478,-1.225628639187478,1.225628639187478
2022-10-18 08:28:07.993000+00:00,0.0,1.2256454723508117,-1.2256454723508117,1.2256454723508117
2022-10-18 08:28:09.837000+00:00,0.0,1.225661723844627,-1.225661723844627,1.225661723844627
2022-10-18 08:28:11.645000+00:00,0.0,1.2256776580641597,-1.2256776580641597,1.2256776580641597
2022-10-18 08:28:13.518000+00:00,0.0,1.225694165140036,-1.225694165140036,1.225694165140036
2022-10-18 08:28:15.359000+00:00,0.46906,1.2257103901943278,-0.7566503901943278,0.7566503901943278
2022-10-18 08:28:17.256000+00:00,7.58312,1.2257271087863928,6.357392891213607,6.357392891213607
2022-10-18 08:28:23.317000+00:00,2.215,1.2257805254371599,0.98921947456284,0.98921947456284
2022-10-18 08:28:25.190000+00:00,1.22477,1.2257970325130363,-0.0010270325130363744,0.0010270325130363744
2022-10-18 08:28:27.092000+00:00,0.05212,1.225813795170974,-1.173693795170974,1.173693795170974
2022-10-18 08:28:29.065000+00:00,1.56353,1.2258311835643023,0.33769881643569777,0.33769881643569777
2022-10-18 08:28:30.967000+00:00,0.26059,1.2258479462222398,-0.9652579462222398,0.9652579462222398
2022-10-18 08:28:32.894000+00:00,0.33876,1.2258649292095405,-0.8871049292095405,0.8871049292095405
2022-10-18 08:28:34.731000+00:00,3.987,1.225881119011134,2.761118880988866,2.761118880988866
2022-10-18 08:28:36.690000+00:00,0.28665,1.2258983840200193,-0.9392483840200192,0.9392483840200192
2022-10-18 08:28:38.657000+00:00,0.26059,1.2259157195343007,-0.9653257195343007,0.9653257195343007
2022-10-18 08:28:40.555000+00:00,1.58959,1.2259324469395398,0.3636575530604602,0.3636575530604602
2022-10-18 08:28:42.423000+00:00,1.51141,1.225948909949544,0.28546109005045595,0.28546109005045595
2022-10-18 08:28:44.258000+00:00,0.07818,1.2259650821247883,-1.1477850821247884,1.1477850821247884
2022-10-18 08:28:46.157000+00:00,2.00653,1.2259818183432025,0.7805481816567976,0.7805481816567976
2022-10-18 08:28:47.983000+00:00,0.23453,1.2259979111998764,-0.9914679111998764,0.9914679111998764
2022-10-18 08:28:49.855000+00:00,0.0,1.2260144094625782,-1.2260144094625782,1.2260144094625782
2022-10-18 08:28:51.723000+00:00,0.0,1.226030872472582,-1.226030872472582,1.226030872472582
2022-10-18 08:28:53.672000+00:00,0.0,1.2260480493497221,-1.2260480493497221,1.2260480493497221
2022-10-18 08:28:55.579000+00:00,0.0,1.226064856073532,-1.226064856073532,1.226064856073532
2022-10-18 08:28:57.470000+00:00,0.0,1.22608152178655,-1.22608152178655,1.22608152178655
2022-10-18 08:28:59.357000+00:00,0.0,1.2260981522468697,-1.2260981522468697,1.2260981522468697
2022-10-18 08:29:01.209000+00:00,0.0,1.226114474246081,-1.226114474246081,1.226114474246081
2022-10-18 08:29:03.112000+00:00,0.0,1.2261312457171933,-1.2261312457171933,1.2261312457171933
2022-10-18 08:29:04.980000+00:00,0.0,1.226147708727197,-1.226147708727197,1.226147708727197
2022-10-18 08:29:06.922000+00:00,0.443,1.2261648239121152,-0.7831648239121152,0.7831648239121152
2022-10-18 08:29:08.793000+00:00,3.64824,1.2261813133616428,2.422058686638357,2.422058686638357
2022-10-18 08:29:10.813000+00:00,0.36482,1.2261991159741736,-0.8613791159741737,0.8613791159741737
2022-10-18 08:29:12.782000+00:00,0.28665,1.2262164691148039,-0.9395664691148038,0.9395664691148038
2022-10-18 08:29:14.770000+00:00,0.05212,1.2262339897057504,-1.1741139897057504,1.1741139897057504
2022-10-18 08:29:16.712000+00:00,1.38112,1.2262511048906686,0.15486889510933133,0.15486889510933133
2022-10-18 08:29:18.698000+00:00,0.33876,1.2262686078552658,-0.8875086078552659,0.8875086078552659
2022-10-18 08:29:20.524000+00:00,0.49512,1.2262847007119397,-0.7311647007119397,0.7311647007119397
2022-10-18 08:29:22.537000+00:00,0.39088,1.226302441632249,-0.835422441632249,0.835422441632249
2022-10-18 08:29:28.094000+00:00,0.28665,1.226351416443058,-0.9397014164430579,0.9397014164430579
2022-10-18 08:29:29.956000+00:00,0.39088,1.2263678265740148,-0.8354878265740148,0.8354878265740148
2022-10-18 08:29:31.813000+00:00,1.30294,1.2263841926390988,0.07655580736090117,0.07655580736090117
2022-10-18 08:29:33.760000+00:00,1.64171,1.2264013518898897,0.41530864811011026,0.41530864811011026
2022-10-18 08:29:35.663000+00:00,4.19547,1.2264181233610016,2.9690518766389986,2.9690518766389986
2022-10-18 08:29:37.589000+00:00,0.20847,1.226435097535128,-1.017965097535128,1.017965097535128
2022-10-18 08:29:39.454000+00:00,0.0,1.2264515341056081,-1.2264515341056081,1.2264515341056081
2022-10-18 08:29:41.274000+00:00,0.0,1.226467574083235,-1.226467574083235,1.226467574083235
2022-10-18 08:29:43.149000+00:00,0.0,1.2264840987854604,-1.2264840987854604,1.2264840987854604
2022-10-18 08:29:45.080000+00:00,0.0,1.226501117025459,-1.226501117025459,1.226501117025459
2022-10-18 08:29:47.007000+00:00,0.0,1.2265181000127594,-1.2265181000127594,1.2265181000127594
2022-10-18 08:29:48.930000+00:00,0.0,1.2265350477473618,-1.2265350477473618,1.2265350477473618
2022-10-18 08:29:50.769000+00:00,0.0,1.2265512551753046,-1.2265512551753046,1.2265512551753046
2022-10-18 08:29:52.554000+00:00,0.0,1.2265669866918234,-1.2265669866918234,1.2265669866918234
2022-10-18 08:29:54.409000+00:00,0.0,1.2265833351305582,-1.2265833351305582,1.2265833351305582
2022-10-18 08:29:56.320000+00:00,0.0,1.2266001771070667,-1.2266001771070667,1.2266001771070667
2022-10-18 08:29:58.195000+00:00,0.0,1.226616701809292,-1.226616701809292,1.226616701809292
2022-10-18 08:30:00.227000+00:00,0.0,1.226634610179917,-1.226634610179917,1.226634610179917
2022-10-18 08:30:02.091000+00:00,0.0,1.2266510379372229,-1.2266510379372229,1.2266510379372229
2022-10-18 08:30:03.966000+00:00,0.0,1.2266675626394483,-1.2266675626394483,1.2266675626394483
2022-10-18 08:30:05.845000+00:00,0.0,1.2266841225943719,-1.2266841225943719,1.2266841225943719
2022-10-18 08:30:07.762000+00:00,0.0,1.226701017449927,-1.226701017449927,1.226701017449927
2022-10-18 08:30:09.689000+00:00,0.0,1.2267180004372276,-1.2267180004372276,1.2267180004372276
2022-10-18 08:30:11.526000+00:00,0.0,1.2267341902388214,-1.2267341902388214,1.2267341902388214
2022-10-18 08:30:13.403000+00:00,0.0,1.226750732567396,-1.226750732567396,1.226750732567396
2022-10-18 08:30:15.270000+00:00,0.0,1.2267671867642251,-1.2267671867642251,1.2267671867642251
2022-10-18 08:30:17.172000+00:00,0.0,1.2267839494221628,-1.2267839494221628,1.2267839494221628
2022-10-18 08:30:19.051000+00:00,0.0,1.2268005093770862,-1.2268005093770862,1.2268005093770862
2022-10-18 08:30:21.002000+00:00,0.0,1.2268177038805752,-1.2268177038805752,1.2268177038805752
2022-10-18 08:30:22.940000+00:00,0.0,1.2268347838127955,-1.2268347838127955,1.2268347838127955
2022-10-18 08:30:24.846000+00:00,0.0,1.2268515817234311,-1.2268515817234311,1.2268515817234311
2022-10-18 08:30:26.769000+00:00,0.0,1.2268685294580335,-1.2268685294580335,1.2268685294580335
2022-10-18 08:30:32.691000+00:00,0.0,1.2269207210775424,-1.2269207210775424,1.2269207210775424
2022-10-18 08:30:34.644000+00:00,0.0,1.2269379332073804,-1.2269379332073804,1.2269379332073804
2022-10-18 08:30:36.487000+00:00,0.0,1.2269541758880214,-1.2269541758880214,1.2269541758880214
2022-10-18 08:30:38.317000+00:00,0.0,1.2269703039973934,-1.2269703039973934,1.2269703039973934
2022-10-18 08:30:40.206000+00:00,0.0,1.2269869520840622,-1.2269869520840622,1.2269869520840622
2022-10-18 08:30:42.082000+00:00,0.0,1.2270034855994623,-1.2270034855994623,1.2270034855994623
2022-10-18 08:30:44.019000+00:00,0.0,1.2270205567185077,-1.2270205567185077,1.2270205567185077
2022-10-18 08:30:45.909000+00:00,0.0,1.2270372136183512,-1.2270372136183512,1.2270372136183512
2022-10-18 08:30:47.784000+00:00,0.0,1.2270537383205764,-1.2270537383205764,1.2270537383205764
2022-10-18 08:30:49.674000+00:00,0.0,1.2270703952204198,-1.2270703952204198,1.2270703952204198
2022-10-18 08:30:51.527000+00:00,0.0,1.2270867260328058,-1.2270867260328058,1.2270867260328058
2022-10-18 08:30:53.440000+00:00,0.0,1.2271035856356631,-1.2271035856356631,1.2271035856356631
2022-10-18 08:30:55.284000+00:00,0.0,1.2271198371294783,-1.2271198371294783,1.2271198371294783
2022-10-18 08:30:57.167000+00:00,0.443,1.2271364323371001,-0.7841364323371001,0.7841364323371001
2022-10-18 08:30:59.097000+00:00,6.7753,1.227153441763924,5.548146558236075,5.548146558236075
2022-10-18 08:31:00.993000+00:00,0.72965,1.2271701515428144,-0.49752015154281437,0.49752015154281437
2022-10-18 08:31:02.899000+00:00,0.78176,1.2271869494534502,-0.4454269494534502,0.4454269494534502
2022-10-18 08:31:04.817000+00:00,2.31924,1.2272038531221798,1.0920361468778204,1.0920361468778204
2022-10-18 08:31:06.747000+00:00,9.40724,1.227220862549004,8.180019137450996,8.180019137450996
2022-10-18 08:31:08.612000+00:00,2.89253,1.2272372991194844,1.6652927008805154,1.6652927008805154
2022-10-18 08:31:10.493000+00:00,0.33876,1.2272538767007568,-0.8884938767007569,0.8884938767007569
2022-10-18 08:31:12.399000+00:00,6.7753,1.2272706746113924,5.548029325388607,5.548029325388607
2022-10-18 08:31:14.321000+00:00,0.41694,1.2272876135328203,-0.8103476135328204,0.8103476135328204
2022-10-18 08:31:16.205000+00:00,4.53424,1.2273042175536166,3.306935782446383,3.306935782446383
2022-10-18 08:31:18.092000+00:00,1.329,1.2273208480139361,0.10167915198606381,0.10167915198606381
2022-10-18 08:31:19.970000+00:00,2.73618,1.2273373991556853,1.5088426008443148,1.5088426008443148
2022-10-18 08:31:21.887000+00:00,3.64824,1.2273542940112405,2.420885705988759,2.420885705988759
2022-10-18 08:31:23.846000+00:00,4.50818,1.2273715590201257,3.2808084409798743,3.2808084409798743
2022-10-18 08:31:25.713000+00:00,0.10424,1.227388013216955,-1.1231480132169551,1.1231480132169551
2022-10-18 08:31:27.651000+00:00,8.52124,1.2274050931491751,7.293834906850826,7.293834906850826
2022-10-18 08:31:29.604000+00:00,0.20847,1.2274223052790134,-1.0189523052790135,1.0189523052790135
2022-10-18 08:31:31.478000+00:00,0.0,1.2274388211680642,-1.2274388211680642,1.2274388211680642
2022-10-18 08:31:37.150000+00:00,0.0,1.2274888094939431,-1.2274888094939431,1.2274888094939431
2022-10-18 08:31:39.088000+00:00,0.0,1.2275058894261632,-1.2275058894261632,1.2275058894261632
2022-10-18 08:31:40.932000+00:00,0.0,1.2275221409199788,-1.2275221409199788,1.2275221409199788
2022-10-18 08:31:42.791000+00:00,0.0,1.2275385246114117,-1.2275385246114117,1.2275385246114117
2022-10-18 08:31:44.650000+00:00,0.0,1.227554908302845,-1.227554908302845,1.227554908302845
2022-10-18 08:31:46.509000+00:00,0.0,1.227571291994278,-1.227571291994278,1.227571291994278
2022-10-18 08:31:48.464000+00:00,0.39088,1.2275885217504652,-0.8367085217504652,0.8367085217504652
2022-10-18 08:31:50.310000+00:00,3.6743,1.2276047908706293,2.4466952091293708,2.4466952091293708
2022-10-18 08:31:52.260000+00:00,0.52118,1.2276219765609442,-0.7064419765609442,0.7064419765609442
2022-10-18 08:31:54.166000+00:00,1.87624,1.2276387744715795,0.6486012255284204,0.6486012255284204
2022-10-18 08:31:56.073000+00:00,1.43324,1.2276555811953898,0.2055844188046103,0.2055844188046103
2022-10-18 08:31:57.981000+00:00,21.10765,1.2276723967323744,19.879977603267626,19.879977603267626
2022-10-18 08:31:59.852000+00:00,2.81435,1.2276888861819018,1.5866611138180984,1.5866611138180984
2022-10-18 08:32:01.736000+00:00,0.26059,1.2277054902026978,-0.9671154902026978,0.9671154902026978
2022-10-18 08:32:03.649000+00:00,4.61241,1.2277223498055552,3.3846876501944445,3.3846876501944445
2022-10-18 08:32:05.603000+00:00,0.443,1.2277395707485677,-0.7847395707485676,0.7847395707485676
2022-10-18 08:32:07.511000+00:00,4.50818,1.2277563862855523,3.280423613714448,3.280423613714448
2022-10-18 08:32:09.456000+00:00,0.31271,1.2277735279099942,-0.9150635279099941,0.9150635279099941
2022-10-18 08:32:11.457000+00:00,0.33876,1.2277911630722094,-0.8890311630722094,0.8890311630722094
2022-10-18 08:32:13.394000+00:00,1.74594,1.2278082341912548,0.5181317658087452,0.5181317658087452
2022-10-18 08:32:15.280000+00:00,0.26059,1.2278248558384002,-0.9672348558384002,0.9672348558384002
2022-10-18 08:32:17.117000+00:00,0.33876,1.2278410456399937,-0.8890810456399938,0.8890810456399938
2022-10-18 08:32:19.079000+00:00,4.40394,1.2278583370884024,3.176081662911598,3.176081662911598
2022-10-18 08:32:20.939000+00:00,0.26059,1.2278747295930101,-0.9672847295930102,0.9672847295930102
2022-10-18 08:32:22.813000+00:00,0.0,1.2278912454820612,-1.2278912454820612,1.2278912454820612
2022-10-18 08:32:24.729000+00:00,0.0,1.227908131524442,-1.227908131524442,1.227908131524442
2022-10-18 08:32:26.609000+00:00,0.0,1.22792470029254,-1.22792470029254,1.22792470029254
2022-10-18 08:32:28.485000+00:00,0.0,1.22794123380794,-1.22794123380794,1.22794123380794
2022-10-18 08:32:30.438000+00:00,0.0,1.227958445937778,-1.227958445937778,1.227958445937778
2022-10-18 08:32:32.282000+00:00,0.0,1.2279746974315935,-1.2279746974315935,1.2279746974315935
2022-10-18 08:32:34.188000+00:00,0.0,1.227991495342229,-1.227991495342229,1.227991495342229
2022-10-18 08:32:36.105000+00:00,0.0,1.2280083901977843,-1.2280083901977843,1.2280083901977843
2022-10-18 08:32:41.667000+00:00,2.24106,1.228057409074466,1.013002590925534,1.013002590925534
2022-10-18 08:32:43.547000+00:00,0.23453,1.228073977842564,-0.993543977842564,0.993543977842564
2022-10-18 08:32:45.409000+00:00,0.33876,1.2280903879735208,-0.8893303879735208,0.8893303879735208
2022-10-18 08:32:47.317000+00:00,0.05212,1.2281072035105054,-1.1759872035105055,1.1759872035105055
2022-10-18 08:32:49.254000+00:00,1.09447,1.2281242746295509,-0.13365427462955082,0.13365427462955082
2022-10-18 08:32:51.152000+00:00,0.443,1.2281410020347905,-0.7851410020347904,0.7851410020347904
2022-10-18 08:32:53.063000+00:00,1.17265,1.2281578440112986,-0.0555078440112986,0.0555078440112986
2022-10-18 08:32:54.989000+00:00,0.33876,1.2281748181854246,-0.8894148181854247,0.8894148181854247
2022-10-18 08:32:56.891000+00:00,2.658,1.228191580843362,1.4298084191566378,1.4298084191566378
2022-10-18 08:32:58.783000+00:00,0.57329,1.2282082553695544,-0.6549182553695544,0.6549182553695544
2022-10-18 08:33:00.703000+00:00,0.20847,1.2282251766646333,-1.0197551766646333,1.0197551766646333
2022-10-18 08:33:02.597000+00:00,0.67753,1.2282418688171748,-0.5507118688171748,0.5507118688171748
2022-10-18 08:33:04.547000+00:00,1.17265,1.2282590545074892,-0.05560905450748921,0.05560905450748921
2022-10-18 08:33:06.470000+00:00,4.24759,1.2282760022420915,3.019313997757908,3.019313997757908
2022-10-18 08:33:08.341000+00:00,2.97071,1.228292491691619,1.742417508308381,1.742417508308381
2022-10-18 08:33:10.261000+00:00,0.23453,1.2283094129866978,-0.9937794129866978,0.9937794129866978
2022-10-18 08:33:12.174000+00:00,0.0,1.228326272589555,-1.228326272589555,1.228326272589555
2022-10-18 08:33:13.924000+00:00,0.0,1.2283416956449655,-1.2283416956449655,1.2283416956449655
2022-10-18 08:33:15.767000+00:00,0.0,1.2283579383256065,-1.2283579383256065,1.2283579383256065
2022-10-18 08:33:17.581000+00:00,0.0,1.228373925424186,-1.228373925424186,1.228373925424186
2022-10-18 08:33:19.470000+00:00,0.0,1.228390573510855,-1.228390573510855,1.228390573510855
2022-10-18 08:33:21.330000+00:00,0.0,1.2284069660154624,-1.2284069660154624,1.2284069660154624
2022-10-18 08:33:23.224000+00:00,0.0,1.228423658168004,-1.228423658168004,1.228423658168004
2022-10-18 08:33:25.050000+00:00,0.0,1.2284397510246778,-1.2284397510246778,1.2284397510246778
2022-10-18 08:33:26.861000+00:00,0.0,1.228455711683734,-1.228455711683734,1.228455711683734
2022-10-18 08:33:28.714000+00:00,0.0,1.22847204249612,-1.22847204249612,1.22847204249612
2022-10-18 08:33:30.591000+00:00,0.49512,1.2284885848246945,-0.7333685848246945,0.7333685848246945
2022-10-18 08:33:32.534000+00:00,8.52124,1.2285057088227873,7.292734291177213,7.292734291177213
2022-10-18 08:33:34.502000+00:00,2.00653,1.2285230531502433,0.7780069468497568,0.7780069468497568
2022-10-18 08:33:36.444000+00:00,1.329,1.2285401683351616,0.1004598316648384,0.1004598316648384
2022-10-18 08:33:38.413000+00:00,0.54724,1.2285575214757918,-0.6813175214757918,0.6813175214757918
2022-10-18 08:33:40.289000+00:00,1.14659,1.2285740549911919,-0.08198405499119188,0.08198405499119188
2022-10-18 08:33:46.216000+00:00,0.26059,1.2286262906765733,-0.9680362906765733,0.9680362906765733
2022-10-18 08:33:48.145000+00:00,0.33876,1.228643291290223,-0.889883291290223,0.889883291290223
2022-10-18 08:33:50.111000+00:00,0.13029,1.2286606179913298,-1.0983706179913297,1.0983706179913297
2022-10-18 08:33:52.062000+00:00,1.90229,1.2286778124948188,0.6736121875051813,0.6736121875051813
2022-10-18 08:33:53.928000+00:00,0.33876,1.2286942578784734,-0.8899342578784735,0.8899342578784735
2022-10-18 08:33:55.885000+00:00,12.45612,1.2287115052610096,11.227408494738992,11.227408494738992
2022-10-18 08:33:57.773000+00:00,0.07818,1.2287281445345037,-1.1505481445345038,1.1505481445345038
2022-10-18 08:33:59.689000+00:00,0.10424,1.2287450305768846,-1.1245050305768847,1.1245050305768847
2022-10-18 08:34:01.629000+00:00,0.26059,1.228762128135454,-0.968172128135454,0.968172128135454
2022-10-18 08:34:03.476000+00:00,0.0,1.228778406068793,-1.228778406068793,1.228778406068793
2022-10-18 08:34:05.304000+00:00,0.0,1.2287945165518157,-1.2287945165518157,1.2287945165518157
2022-10-18 08:34:07.175000+00:00,0.0,1.2288110060013433,-1.2288110060013433,1.2288110060013433
2022-10-18 08:34:09.112000+00:00,0.0,1.228828077120389,-1.228828077120389,1.228828077120389
2022-10-18 08:34:10.964000+00:00,0.0,1.2288443991196005,-1.2288443991196005,1.2288443991196005
2022-10-18 08:34:12.872000+00:00,0.0,1.2288612146565852,-1.2288612146565852,1.2288612146565852
2022-10-18 08:34:14.783000+00:00,0.0,1.2288780566330932,-1.2288780566330932,1.2288780566330932
2022-10-18 08:34:16.645000+00:00,0.0,1.22889446676405,-1.22889446676405,1.22889446676405
2022-10-18 08:34:18.566000+00:00,0.0,1.2289113968723033,-1.2289113968723033,1.2289113968723033
2022-10-18 08:34:20.430000+00:00,0.0,1.2289278246296091,-1.2289278246296091,1.2289278246296091
2022-10-18 08:34:22.348000+00:00,7.58312,1.2289447282983388,6.354175271701662,6.354175271701662
2022-10-18 08:34:24.268000+00:00,1.12053,1.2289616495934177,-0.10843164959341767,0.10843164959341767
2022-10-18 08:34:26.144000+00:00,5.08147,1.2289781831088178,3.852491816891183,3.852491816891183
2022-10-18 08:34:28.034000+00:00,0.05212,1.228994840008661,-1.176874840008661,1.176874840008661
2022-10-18 08:34:29.971000+00:00,4.24759,1.229011911127707,3.018578088872293,3.018578088872293
2022-10-18 08:34:31.855000+00:00,3.41371,1.229028515148503,2.184681484851497,2.184681484851497
2022-10-18 08:34:33.733000+00:00,2.44953,1.2290450662902521,1.220484933709748,1.220484933709748
2022-10-18 08:34:35.675000+00:00,0.443,1.2290621814751703,-0.7860621814751703,0.7860621814751703
2022-10-18 08:34:37.669000+00:00,0.70359,1.2290797549451637,-0.5254897549451637,0.5254897549451637
2022-10-18 08:34:39.528000+00:00,0.67753,1.2290961386365968,-0.5515661386365969,0.5515661386365969
2022-10-18 08:34:41.364000+00:00,0.93812,1.229112319625016,-0.29099231962501604,0.29099231962501604
2022-10-18 08:34:43.270000+00:00,2.24106,1.2291291175356516,1.0119308824643485,1.0119308824643485
2022-10-18 08:34:45.209000+00:00,3.77853,1.2291462062810463,2.5493837937189534,2.5493837937189534
2022-10-18 08:34:50.725000+00:00,0.20847,1.2291948197517,-1.0207248197517,1.0207248197517
2022-10-18 08:34:52.596000+00:00,0.26059,1.2292113092012276,-0.9686213092012276,0.9686213092012276
2022-10-18 08:34:54.508000+00:00,0.0,1.22922815999091,-1.22922815999091,1.22922815999091
2022-10-18 08:34:56.426000+00:00,0.0,1.22924506365964,-1.22924506365964,1.22924506365964
2022-10-18 08:34:58.300000+00:00,0.0,1.229261579548691,-1.229261579548691,1.229261579548691
2022-10-18 08:35:00.128000+00:00,0.0,1.2292776900317137,-1.2292776900317137,1.2292776900317137
2022-10-18 08:35:01.988000+00:00,0.0,1.2292940825363217,-1.2292940825363217,1.2292940825363217
2022-10-18 08:35:03.846000+00:00,0.0,1.2293104574145803,-1.2293104574145803,1.2293104574145803
2022-10-18 08:35:05.753000+00:00,0.0,1.2293272641383903,-1.2293272641383903,1.2293272641383903
2022-10-18 08:35:07.674000+00:00,0.0,1.2293441942466437,-1.2293441942466437,1.2293441942466437
2022-10-18 08:35:09.533000+00:00,0.0,1.2293605779380767,-1.2293605779380767,1.2293605779380767
2022-10-18 08:35:11.393000+00:00,0.0,1.2293769704426845,-1.2293769704426845,1.2293769704426845
2022-10-18 08:35:13.300000+00:00,0.443,1.2293937771664947,-0.7863937771664946,0.7863937771664946
2022-10-18 08:35:15.300000+00:00,2.34529,1.229411403515535,1.1158785964844649,1.1158785964844649
2022-10-18 08:35:17.237000+00:00,1.04235,1.229428474634581,-0.18707847463458083,0.18707847463458083
2022-10-18 08:35:19.194000+00:00,0.36482,1.2294457220171169,-0.864625722017117,0.864625722017117
2022-10-18 08:35:21.127000+00:00,0.31271,1.2294627578834647,-0.9167527578834647,0.9167527578834647
2022-10-18 08:35:22.941000+00:00,1.92835,1.2294787449820443,0.6988712550179557,0.6988712550179557
2022-10-18 08:35:24.862000+00:00,0.23453,1.229495675090298,-0.9949656750902979,0.9949656750902979
2022-10-18 08:35:26.769000+00:00,1.27688,1.2295124818141079,0.04736751818589213,0.04736751818589213
2022-10-18 08:35:28.691000+00:00,0.36482,1.2295294207355356,-0.8647094207355357,0.8647094207355357
2022-10-18 08:35:30.613000+00:00,0.72965,1.2295463596569636,-0.49989635965696355,0.49989635965696355
2022-10-18 08:35:32.559000+00:00,0.13029,1.22956351009458,-1.09927351009458,1.09927351009458
2022-10-18 08:35:34.488000+00:00,0.28665,1.2295805107082294,-0.9429305107082293,0.9429305107082293
2022-10-18 08:35:36.355000+00:00,0.33876,1.2295969649050589,-0.8908369649050589,0.8908369649050589
2022-10-18 08:35:38.272000+00:00,0.46906,1.229613859760614,-0.7605538597606141,0.7605538597606141
2022-10-18 08:35:40.201000+00:00,8.07824,1.2296308603742636,6.848609139625736,6.848609139625736
2022-10-18 08:35:42.039000+00:00,0.33876,1.229647058989032,-0.8908870589890321,0.8908870589890321
2022-10-18 08:35:43.956000+00:00,0.26059,1.2296639538445873,-0.9690739538445873,0.9690739538445873
2022-10-18 08:35:45.800000+00:00,0.0,1.2296802053384026,-1.2296802053384026,1.2296802053384026
2022-10-18 08:35:47.674000+00:00,0.0,1.2296967212274534,-1.2296967212274534,1.2296967212274534
2022-10-18 08:35:49.478000+00:00,0.0,1.229712620194288,-1.229712620194288,1.229712620194288
2022-10-18 08:35:55.243000+00:00,0.0,1.2297634281453973,-1.2297634281453973,1.2297634281453973
2022-10-18 08:35:57.090000+00:00,0.0,1.229779706078736,-1.229779706078736,1.229779706078736
2022-10-18 08:35:58.988000+00:00,0.0,1.2297964334839757,-1.2297964334839757,1.2297964334839757
2022-10-18 08:36:00.846000+00:00,0.0,1.2298128083622344,-1.2298128083622344,1.2298128083622344
2022-10-18 08:36:02.706000+00:00,0.0,1.2298292008668419,-1.2298292008668419,1.2298292008668419
2022-10-18 08:36:04.618000+00:00,0.10424,1.2298460516565246,-1.1256060516565247,1.1256060516565247
2022-10-18 08:36:06.613000+00:00,6.61894,1.2298636339396924,5.389076366060308,5.389076366060308
2022-10-18 08:36:08.526000+00:00,0.72965,1.2298804935425496,-0.5002304935425496,0.5002304935425496
2022-10-18 08:36:10.392000+00:00,7.531,1.2298969389262044,6.301103061073795,6.301103061073795
2022-10-18 08:36:12.330000+00:00,0.54724,1.2299140188584248,-0.6826740188584248,0.6826740188584248
2022-10-18 08:36:14.258000+00:00,3.17918,1.2299310106588999,1.9492489893411002,1.9492489893411002
2022-10-18 08:36:16.254000+00:00,5.02935,1.2299486017552423,3.7994013982447576,3.7994013982447576
2022-10-18 08:36:18.072000+00:00,0.23453,1.22996462410652,-0.9954346241065201,0.9954346241065201
2022-10-18 08:36:20.065000+00:00,0.28665,1.2299821887633389,-0.9433321887633388,0.9433321887633388
2022-10-18 08:36:22.028000+00:00,0.23453,1.2299994890249222,-0.9954694890249222,0.9954694890249222
2022-10-18 08:36:23.877000+00:00,0.20847,1.23001578458461,-1.02154578458461,1.02154578458461
2022-10-18 08:36:25.815000+00:00,3.46582,1.2300328645168304,2.2357871354831698,2.2357871354831698
2022-10-18 08:36:27.679000+00:00,0.62541,1.2300492922741362,-0.6046392922741362,0.6046392922741362
2022-10-18 08:36:29.645000+00:00,1.56353,1.230066618975243,0.33346338102475714,0.33346338102475714
2022-10-18 08:36:31.554000+00:00,0.10424,1.2300834433254022,-1.1258434433254023,1.1258434433254023
2022-10-18 08:36:33.440000+00:00,0.10424,1.230100064972547,-1.1258600649725472,1.1258600649725472
2022-10-18 08:36:35.424000+00:00,0.26059,1.2301175503107955,-0.9695275503107955,0.9695275503107955
2022-10-18 08:36:37.300000+00:00,0.0,1.2301340838261954,-1.2301340838261954,1.2301340838261954
2022-10-18 08:36:39.144000+00:00,0.0,1.2301503353200107,-1.2301503353200107,1.2301503353200107
2022-10-18 08:36:40.956000+00:00,0.0,1.2301663047922413,-1.2301663047922413,1.2301663047922413
2022-10-18 08:36:42.846000+00:00,0.0,1.2301829616920847,-1.2301829616920847,1.2301829616920847
2022-10-18 08:36:44.727000+00:00,0.0,1.2301995392733573,-1.2301995392733573,1.2301995392733573
2022-10-18 08:36:46.596000+00:00,0.0,1.2302160110965357,-1.2302160110965357,1.2302160110965357
2022-10-18 08:36:48.644000+00:00,0.0,1.2302340604779531,-1.2302340604779531,1.2302340604779531
2022-10-18 08:36:50.565000+00:00,0.0,1.2302509905862065,-1.2302509905862065,1.2302509905862065
2022-10-18 08:36:52.410000+00:00,0.0,1.2302672508931964,-1.2302672508931964,1.2302672508931964
2022-10-18 08:36:54.284000+00:00,0.0,1.2302837667822473,-1.2302837667822473,1.2302837667822473
2022-10-18 08:37:00.081000+00:00,0.80782,1.2303348567549413,-0.42251485675494127,0.42251485675494127
2022-10-18 08:37:01.971000+00:00,0.85994,1.2303515136547845,-0.3704115136547844,0.3704115136547844
2022-10-18 08:37:03.924000+00:00,0.36482,1.2303687257846225,-0.8655487257846226,0.8655487257846226
2022-10-18 08:37:05.878000+00:00,1.74594,1.230385946727635,0.515554053272365,0.515554053272365
2022-10-18 08:37:07.816000+00:00,4.61241,1.2304030266598551,3.3820069733401446,3.3820069733401446
2022-10-18 08:37:09.711000+00:00,0.23453,1.2304197276255713,-0.9958897276255713,0.9958897276255713
2022-10-18 08:37:11.600000+00:00,0.80782,1.2304363757122398,-0.42261637571223987,0.42261637571223987
2022-10-18 08:37:13.525000+00:00,0.28665,1.2304533410731913,-0.9438033410731912,0.9438033410731912
2022-10-18 08:37:15.542000+00:00,0.20847,1.2304711172461986,-1.0220011172461987,1.0220011172461987
2022-10-18 08:37:17.509000+00:00,1.95441,1.23048845276048,0.72392154723952,0.72392154723952
2022-10-18 08:37:19.359000+00:00,2.78829,1.2305047571333425,1.5577852428666574,1.5577852428666574
2022-10-18 08:37:21.259000+00:00,0.13029,1.230521502164931,-1.100231502164931,1.100231502164931
2022-10-18 08:37:23.134000+00:00,0.18241,1.2305380268671564,-1.0481280268671564,1.0481280268671564
2022-10-18 08:37:25.031000+00:00,0.13029,1.2305547454592212,-1.1002647454592211,1.1002647454592211
2022-10-18 08:37:26.918000+00:00,0.23453,1.2305713759195411,-0.9960413759195411,0.9960413759195411
2022-10-18 08:37:28.838000+00:00,0.0,1.23058829721462,-1.23058829721462,1.23058829721462
2022-10-18 08:37:30.752000+00:00,0.0,1.2306051656306516,-1.2306051656306516,1.2306051656306516
2022-10-18 08:37:32.681000+00:00,0.0,1.2306221662443013,-1.2306221662443013,1.2306221662443013
2022-10-18 08:37:34.510000+00:00,0.0,1.2306382855404987,-1.2306382855404987,1.2306382855404987
2022-10-18 08:37:36.368000+00:00,0.0,1.2306546604187574,-1.2306546604187574,1.2306546604187574
2022-10-18 08:37:38.228000+00:00,0.0,1.2306710529233649,-1.2306710529233649,1.2306710529233649
2022-10-18 08:37:40.041000+00:00,0.0,1.2306870312087703,-1.2306870312087703,1.2306870312087703
2022-10-18 08:37:41.853000+00:00,0.0,1.230703000681001,-1.230703000681001,1.230703000681001
2022-10-18 08:37:43.713000+00:00,0.0,1.2307193931856086,-1.2307193931856086,1.2307193931856086
2022-10-18 08:37:45.580000+00:00,0.0,1.230735847382438,-1.230735847382438,1.230735847382438
2022-10-18 08:37:47.498000+00:00,0.443,1.2307527510511678,-0.7877527510511677,0.7877527510511677
2022-10-18 08:37:49.400000+00:00,0.39088,1.2307695137091053,-0.8398895137091053,0.8398895137091053
2022-10-18 08:37:51.355000+00:00,0.62541,1.2307867434652924,-0.6053767434652924,0.6053767434652924
2022-10-18 08:37:53.181000+00:00,0.49512,1.230802836321966,-0.7356828363219661,0.7356828363219661
2022-10-18 08:37:55.119000+00:00,0.33876,1.2308199162541866,-0.8920599162541867,0.8920599162541867
2022-10-18 08:37:57.119000+00:00,1.64171,1.230837542603227,0.410872457396773,0.410872457396773
2022-10-18 08:37:58.993000+00:00,4.48212,1.230854058492278,3.251265941507722,3.251265941507722
2022-10-18 08:38:05.064000+00:00,0.23453,1.2309075632747903,-0.9963775632747903,0.9963775632747903
2022-10-18 08:38:06.971000+00:00,4.61241,1.2309243699986006,3.381485630001399,3.381485630001399
2022-10-18 08:38:08.878000+00:00,1.92835,1.2309411767224105,0.6974088232775895,0.6974088232775895
2022-10-18 08:38:10.774000+00:00,0.70359,1.230957886501301,-0.5273678865013008,0.5273678865013008
2022-10-18 08:38:12.731000+00:00,3.88277,1.230975133883837,2.6517948661161626,2.6517948661161626
2022-10-18 08:38:14.617000+00:00,0.13029,1.2309917555309822,-1.1007017555309822,1.1007017555309822
2022-10-18 08:38:16.537000+00:00,0.13029,1.231008676826061,-1.100718676826061,1.100718676826061
2022-10-18 08:38:18.519000+00:00,0.23453,1.2310261445379602,-0.9964961445379602,0.9964961445379602
2022-10-18 08:38:20.432000+00:00,0.0,1.2310430041408176,-1.2310430041408176,1.2310430041408176
2022-10-18 08:38:22.315000+00:00,0.0,1.231059599348439,-1.231059599348439,1.231059599348439
2022-10-18 08:38:24.238000+00:00,0.0,1.2310765470830416,-1.2310765470830416,1.2310765470830416
2022-10-18 08:38:26.158000+00:00,0.0,1.2310934683781205,-1.2310934683781205,1.2310934683781205
2022-10-18 08:38:28.043000+00:00,0.0,1.2311100812120912,-1.2311100812120912,1.2311100812120912
2022-10-18 08:38:29.910000+00:00,0.0,1.2311265354089205,-1.2311265354089205,1.2311265354089205
2022-10-18 08:38:31.768000+00:00,0.0,1.2311429102871791,-1.2311429102871791,1.2311429102871791
2022-10-18 08:38:33.627000+00:00,0.0,1.2311592939786122,-1.2311592939786122,1.2311592939786122
2022-10-18 08:38:35.486000+00:00,0.0,1.2311756776700453,-1.2311756776700453,1.2311756776700453
2022-10-18 08:38:37.503000+00:00,0.0,1.2311934538430527,-1.2311934538430527,1.2311934538430527
2022-10-18 08:38:39.409000+00:00,0.0,1.2312102517536883,-1.2312102517536883,1.2312102517536883
2022-10-18 08:38:41.269000+00:00,0.0,1.231226644258296,-1.231226644258296,1.231226644258296
2022-10-18 08:38:43.254000+00:00,0.52118,1.2312441384097186,-0.7100641384097186,0.7100641384097186
2022-10-18 08:38:45.190000+00:00,1.61565,1.2312612007155899,0.38438879928441017,0.38438879928441017
2022-10-18 08:38:47.096000+00:00,1.95441,1.2312779986262254,0.7231320013737745,0.7231320013737745
2022-10-18 08:38:48.935000+00:00,0.54724,1.231294206054168,-0.6840542060541681,0.6840542060541681
2022-10-18 08:38:50.842000+00:00,6.93165,1.2313110127779783,5.700338987222022,5.700338987222022
2022-10-18 08:38:52.752000+00:00,13.31606,1.231327845941312,12.084732154058688,12.084732154058688
2022-10-18 08:38:54.696000+00:00,4.89906,1.2313449787525792,3.667715021247421,3.667715021247421
2022-10-18 08:38:56.627000+00:00,1.56353,1.231361996992578,0.3321680030074221,0.3321680030074221
2022-10-18 08:38:58.522000+00:00,0.26059,1.2313786979582937,-0.9707886979582937,0.9707886979582937
2022-10-18 08:39:00.438000+00:00,0.31271,1.2313955840006745,-0.9186855840006745,0.9186855840006745
2022-10-18 08:39:02.394000+00:00,3.25735,1.2314128225700363,2.025937177429964,2.025937177429964
2022-10-18 08:39:04.314000+00:00,0.39088,1.2314297438651152,-0.8405497438651152,0.8405497438651152
2022-10-18 08:39:10.143000+00:00,2.89253,1.2314811158593935,1.6610488841406064,1.6610488841406064
2022-10-18 08:39:12.022000+00:00,5.73294,1.231497675814317,4.501442324185684,4.501442324185684
2022-10-18 08:39:14.003000+00:00,0.20847,1.2315151347130415,-1.0230451347130416,1.0230451347130416
2022-10-18 08:39:15.836000+00:00,0.0,1.2315312892619374,-1.2315312892619374,1.2315312892619374
2022-10-18 08:39:17.721000+00:00,0.0,1.2315479020959081,-1.2315479020959081,1.2315479020959081
2022-10-18 08:39:19.581000+00:00,0.0,1.2315642946005156,-1.2315642946005156,1.2315642946005156
2022-10-18 08:39:21.549000+00:00,0.0,1.2315816389279715,-1.2315816389279715,1.2315816389279715
2022-10-18 08:39:23.363000+00:00,0.0,1.2315976260265513,-1.2315976260265513,1.2315976260265513
2022-10-18 08:39:25.284000+00:00,0.0,1.2316145561348046,-1.2316145561348046,1.2316145561348046
2022-10-18 08:39:27.190000+00:00,0.0,1.2316313540454402,-1.2316313540454402,1.2316313540454402
2022-10-18 08:39:29.050000+00:00,0.0,1.231647746550048,-1.231647746550048,1.231647746550048
2022-10-18 08:39:30.956000+00:00,0.0,1.2316645444606835,-1.2316645444606835,1.2316645444606835
2022-10-18 08:39:32.832000+00:00,0.0,1.2316810779760834,-1.2316810779760834,1.2316810779760834
2022-10-18 08:39:34.690000+00:00,0.0,1.231697452854342,-1.231697452854342,1.231697452854342
2022-10-18 08:39:36.551000+00:00,0.0,1.2317138541721242,-1.2317138541721242,1.2317138541721242
2022-10-18 08:39:38.394000+00:00,0.0,1.2317300968527651,-1.2317300968527651,1.2317300968527651
2022-10-18 08:39:40.252000+00:00,0.0,1.2317464717310238,-1.2317464717310238,1.2317464717310238
2022-10-18 08:39:42.221000+00:00,0.0,1.231763824871654,-1.231763824871654,1.231763824871654
2022-10-18 08:39:44.038000+00:00,0.0,1.2317798384097574,-1.2317798384097574,1.2317798384097574
2022-10-18 08:39:45.899000+00:00,0.0,1.2317962397275397,-1.2317962397275397,1.2317962397275397
2022-10-18 08:39:47.768000+00:00,0.0,1.2318127115507178,-1.2318127115507178,1.2318127115507178
2022-10-18 08:39:49.612000+00:00,0.0,1.2318289630445332,-1.2318289630445332,1.2318289630445332
2022-10-18 08:39:51.527000+00:00,0.0,1.2318458402737393,-1.2318458402737393,1.2318458402737393
2022-10-18 08:39:53.435000+00:00,0.0,1.231862655810724,-1.231862655810724,1.231862655810724
2022-10-18 08:39:55.378000+00:00,0.443,1.2318797798088168,-0.7888797798088167,0.7888797798088167
2022-10-18 08:39:57.237000+00:00,4.22153,1.23189616350025,2.9896338364997495,2.9896338364997495
2022-10-18 08:39:59.206000+00:00,3.28341,1.2319135166408803,2.0514964833591196,2.0514964833591196
2022-10-18 08:40:01.119000+00:00,0.20847,1.2319303762437377,-1.0234603762437378,1.0234603762437378
2022-10-18 08:40:02.925000+00:00,8.78183,1.2319462928369211,7.549883707163078,7.549883707163078
2022-10-18 08:40:04.863000+00:00,0.07818,1.2319633727691415,-1.1537833727691416,1.1537833727691416
2022-10-18 08:40:06.759000+00:00,1.58959,1.231980082548032,0.357609917451968,0.357609917451968
2022-10-18 08:40:08.722000+00:00,0.99024,1.2319973828096153,-0.24175738280961534,0.24175738280961534
2022-10-18 08:40:14.830000+00:00,1.09447,1.232051213679585,-0.13758121367958487,0.13758121367958487
2022-10-18 08:40:16.655000+00:00,0.31271,1.2320672977230842,-0.9193572977230842,0.9193572977230842
2022-10-18 08:40:18.629000+00:00,0.33876,1.2320846949295872,-0.8933246949295872,0.8933246949295872
2022-10-18 08:40:20.596000+00:00,2.18894,1.2321020304438686,0.9568379695561315,0.9568379695561315
2022-10-18 08:40:22.496000+00:00,2.05865,1.232118775475457,0.8265312245245431,0.8265312245245431
2022-10-18 08:40:24.454000+00:00,3.85671,1.2321360316711676,2.6245739683288325,2.6245739683288325
2022-10-18 08:40:26.347000+00:00,0.26059,1.2321527150105345,-0.9715627150105345,0.9715627150105345
2022-10-18 08:40:28.268000+00:00,0.0,1.232169645118788,-1.232169645118788,1.232169645118788
2022-10-18 08:40:30.190000+00:00,0.0,1.2321865840402157,-1.2321865840402157,1.2321865840402157
2022-10-18 08:40:32.049000+00:00,0.0,1.232202967731649,-1.232202967731649,1.232202967731649
2022-10-18 08:40:33.925000+00:00,0.0,1.232219501247049,-1.232219501247049,1.232219501247049
2022-10-18 08:40:35.851000+00:00,0.0,1.232236475421175,-1.232236475421175,1.232236475421175
2022-10-18 08:40:37.689000+00:00,0.0,1.232252674035943,-1.232252674035943,1.232252674035943
2022-10-18 08:40:39.597000+00:00,0.0,1.2322694895729278,-1.2322694895729278,1.2322694895729278
2022-10-18 08:40:41.455000+00:00,0.0,1.2322858644511863,-1.2322858644511863,1.2322858644511863
2022-10-18 08:40:43.331000+00:00,0.0,1.2323023979665866,-1.2323023979665866,1.2323023979665866
2022-10-18 08:40:45.158000+00:00,0.0,1.232318499636435,-1.232318499636435,1.232318499636435
2022-10-18 08:40:47.128000+00:00,0.0,1.2323358615902398,-1.2323358615902398,1.2323358615902398
2022-10-18 08:40:48.973000+00:00,0.0,1.2323521218972298,-1.2323521218972298,1.2323521218972298
2022-10-18 08:40:50.788000+00:00,0.0,1.2323681178089838,-1.2323681178089838,1.2323681178089838
2022-10-18 08:40:52.659000+00:00,0.0,1.2323846072585112,-1.2323846072585112,1.2323846072585112
2022-10-18 08:40:54.533000+00:00,0.0,1.2324011231475622,-1.2324011231475622,1.2324011231475622
2022-10-18 08:40:56.380000+00:00,0.0,1.2324174010809013,-1.2324174010809013,1.2324174010809013
2022-10-18 08:40:58.269000+00:00,0.0,1.2324340491675698,-1.2324340491675698,1.2324340491675698
2022-10-18 08:41:00.127000+00:00,0.0,1.2324504240458285,-1.2324504240458285,1.2324504240458285
2022-10-18 08:41:01.951000+00:00,0.0,1.2324664992761534,-1.2324664992761534,1.2324664992761534
2022-10-18 08:41:03.798000+00:00,0.0,1.2324827772094924,-1.2324827772094924,1.2324827772094924
2022-10-18 08:41:05.658000+00:00,0.0,1.2324991697141,-1.2324991697141,1.2324991697141
2022-10-18 08:41:07.601000+00:00,0.0,1.2325162937121927,-1.2325162937121927,1.2325162937121927
2022-10-18 08:41:09.570000+00:00,0.62541,1.2325336468528232,-0.6071236468528232,0.6071236468528232
2022-10-18 08:41:11.580000+00:00,3.30947,1.2325513613336088,2.0769186386663914,2.0769186386663914
2022-10-18 08:41:13.416000+00:00,0.62541,1.2325675423220281,-0.6071575423220281,0.6071575423220281
2022-10-18 08:41:19.426000+00:00,4.24759,1.2326205095008946,3.014969490499105,3.014969490499105
2022-10-18 08:41:21.268000+00:00,5.26388,1.232636743368361,4.031243256631639,4.031243256631639
2022-10-18 08:41:23.201000+00:00,0.18241,1.2326537792347088,-1.0502437792347088,1.0502437792347088
2022-10-18 08:41:25.080000+00:00,0.41694,1.232670339189632,-0.8157303391896321,0.8157303391896321
2022-10-18 08:41:26.995000+00:00,0.23453,1.2326872164188385,-0.9981572164188385,0.9981572164188385
2022-10-18 08:41:29.004000+00:00,0.20847,1.2327049220864497,-1.0242349220864497,1.0242349220864497
2022-10-18 08:41:30.881000+00:00,4.873,1.2327214644150242,3.640278535584976,3.640278535584976
2022-10-18 08:41:32.677000+00:00,2.86647,1.2327372928764626,1.6337327071235375,1.6337327071235375
2022-10-18 08:41:34.690000+00:00,4.09124,1.2327550337967716,2.8584849662032283,2.8584849662032283
2022-10-18 08:41:36.595000+00:00,0.18241,1.2327718228942328,-1.0503618228942329,1.0503618228942329
2022-10-18 08:41:38.502000+00:00,0.10424,1.232788629618043,-1.128548629618043,1.128548629618043
2022-10-18 08:41:40.449000+00:00,0.26059,1.232805788868834,-0.972215788868834,0.972215788868834
2022-10-18 08:41:42.298000+00:00,0.0,1.232822084428522,-1.232822084428522,1.232822084428522
2022-10-18 08:41:44.174000+00:00,0.0,1.232838617943922,-1.232838617943922,1.232838617943922
2022-10-18 08:41:46.096000+00:00,0.0,1.2328555568653496,-1.2328555568653496,1.2328555568653496
2022-10-18 08:41:47.948000+00:00,0.0,1.2328718788645614,-1.2328718788645614,1.2328718788645614
2022-10-18 08:41:49.830000+00:00,0.0,1.2328884652590082,-1.2328884652590082,1.2328884652590082
2022-10-18 08:41:51.768000+00:00,0.0,1.2329055451912285,-1.2329055451912285,1.2329055451912285
2022-10-18 08:41:53.611000+00:00,0.0,1.2329217878718695,-1.2329217878718695,1.2329217878718695
2022-10-18 08:41:55.464000+00:00,0.0,1.2329381186842554,-1.2329381186842554,1.2329381186842554
2022-10-18 08:41:57.331000+00:00,0.0,1.2329545728810847,-1.2329545728810847,1.2329545728810847
2022-10-18 08:41:59.146000+00:00,0.54724,1.232970568792839,-0.685730568792839,0.685730568792839
2022-10-18 08:42:01.159000+00:00,4.16941,1.2329883097131482,2.936421690286852,2.936421690286852
2022-10-18 08:42:03.113000+00:00,0.49512,1.2330055306561607,-0.7378855306561607,0.7378855306561607
2022-10-18 08:42:05.051000+00:00,0.15635,1.233022610588381,-1.076672610588381,1.076672610588381
2022-10-18 08:42:06.937000+00:00,0.28665,1.2330392322355261,-0.9463892322355261,0.9463892322355261
2022-10-18 08:42:08.836000+00:00,0.65147,1.2330559684539404,-0.5815859684539404,0.5815859684539404
2022-10-18 08:42:10.726000+00:00,4.95118,1.2330726253537834,3.7181073746462165,3.7181073746462165
2022-10-18 08:42:12.644000+00:00,0.20847,1.2330895290225132,-1.0246195290225133,1.0246195290225133
2022-10-18 08:42:14.550000+00:00,0.23453,1.2331063269331488,-0.9985763269331488,0.9985763269331488
2022-10-18 08:42:16.502000+00:00,0.28665,1.2331235302498125,-0.9464735302498124,0.9464735302498124
2022-10-18 08:42:18.413000+00:00,0.15635,1.2331403722263206,-1.0767903722263206,1.0767903722263206
2022-10-18 08:42:23.977000+00:00,3.12706,1.2331894087293511,1.893870591270649,1.893870591270649
2022-10-18 08:42:25.897000+00:00,0.05212,1.23320633002443,-1.18108633002443,1.18108633002443
2022-10-18 08:42:27.803000+00:00,0.10424,1.2332231279350658,-1.128983127935066,1.128983127935066
2022-10-18 08:42:29.753000+00:00,0.28665,1.2332403136253802,-0.9465903136253802,0.9465903136253802
2022-10-18 08:42:31.581000+00:00,0.0,1.2332564241084032,-1.2332564241084032,1.2332564241084032
2022-10-18 08:42:33.415000+00:00,0.0,1.2332725874704735,-1.2332725874704735,1.2332725874704735
2022-10-18 08:42:35.284000+00:00,0.0,1.2332890592936516,-1.2332890592936516,1.2332890592936516
2022-10-18 08:42:37.205000+00:00,0.0,1.233305989401905,-1.233305989401905,1.233305989401905
2022-10-18 08:42:39.143000+00:00,0.0,1.2333230693341253,-1.2333230693341253,1.2333230693341253
2022-10-18 08:42:40.970000+00:00,0.0,1.2333391710039738,-1.2333391710039738,1.2333391710039738
2022-10-18 08:42:42.863000+00:00,0.0,1.2333558543433405,-1.2333558543433405,1.2333558543433405
2022-10-18 08:42:44.784000+00:00,0.0,1.233372784451594,-1.233372784451594,1.233372784451594
2022-10-18 08:42:46.659000+00:00,0.0,1.2333893091538195,-1.2333893091538195,1.2333893091538195
2022-10-18 08:42:48.517000+00:00,0.0,1.2334056840320782,-1.2334056840320782,1.2334056840320782
2022-10-18 08:42:50.378000+00:00,0.0,1.23342208534986,-1.23342208534986,1.23342208534986
2022-10-18 08:42:52.237000+00:00,0.0,1.2334384690412934,-1.2334384690412934,1.2334384690412934
2022-10-18 08:42:54.226000+00:00,0.15635,1.2334559984454143,-1.0771059984454143,1.0771059984454143
2022-10-18 08:42:56.206000+00:00,1.38112,1.2334734485309644,0.1476465514690355,0.1476465514690355
2022-10-18 08:42:58.131000+00:00,0.49512,1.2334904138919158,-0.7383704138919158,0.7383704138919158
2022-10-18 08:43:00.029000+00:00,0.67753,1.2335071412971552,-0.5559771412971553,0.5559771412971553
2022-10-18 08:43:01.878000+00:00,0.46906,1.233523436856843,-0.764463436856843,0.764463436856843
2022-10-18 08:43:03.783000+00:00,1.79806,1.2335402259543042,0.5645197740456958,0.5645197740456958
2022-10-18 08:43:05.726000+00:00,7.84371,1.233557349952397,6.610152650047603,6.610152650047603
2022-10-18 08:43:07.658000+00:00,0.33876,1.2335743770055703,-0.8948143770055703,0.8948143770055703
2022-10-18 08:43:09.636000+00:00,0.26059,1.2335918094647713,-0.9730018094647713,0.9730018094647713
2022-10-18 08:43:11.643000+00:00,0.20847,1.2336094975060332,-1.0251394975060333,1.0251394975060333
2022-10-18 08:43:13.565000+00:00,0.07818,1.2336264364274614,-1.1554464364274615,1.1554464364274615
2022-10-18 08:43:15.565000+00:00,0.23453,1.2336440627765017,-0.9991140627765017,0.9991140627765017
2022-10-18 08:43:17.467000+00:00,0.93812,1.2336608254344394,-0.2955408254344395,0.2955408254344395
2022-10-18 08:43:19.425000+00:00,8.46912,1.23367808163015,7.23544191836985,7.23544191836985
2022-10-18 08:43:21.315000+00:00,0.15635,1.2336947385299932,-1.0773447385299932,1.0773447385299932
2022-10-18 08:43:23.300000+00:00,0.10424,1.2337122326814158,-1.1294722326814157,1.1294722326814157
2022-10-18 08:43:28.806000+00:00,0.0,1.2337607580203243,-1.2337607580203243,1.2337607580203243
2022-10-18 08:43:30.659000+00:00,0.0,1.2337770888327104,-1.2337770888327104,1.2337770888327104
2022-10-18 08:43:32.533000+00:00,0.0,1.2337936047217615,-1.2337936047217615,1.2337936047217615
2022-10-18 08:43:34.393000+00:00,0.0,1.233809997226369,-1.233809997226369,1.233809997226369
2022-10-18 08:43:36.314000+00:00,0.0,1.2338269273346223,-1.2338269273346223,1.2338269273346223
2022-10-18 08:43:38.237000+00:00,0.0,1.2338438750692249,-1.2338438750692249,1.2338438750692249
2022-10-18 08:43:40.080000+00:00,0.0,1.2338601177498656,-1.2338601177498656,1.2338601177498656
2022-10-18 08:43:41.937000+00:00,0.0,1.2338764838149499,-1.2338764838149499,1.2338764838149499
2022-10-18 08:43:43.800000+00:00,0.0,1.2338929027590808,-1.2338929027590808,1.2338929027590808
2022-10-18 08:43:45.659000+00:00,0.0,1.2339092864505141,-1.2339092864505141,1.2339092864505141
2022-10-18 08:43:47.518000+00:00,0.0,1.2339256701419472,-1.2339256701419472,1.2339256701419472
2022-10-18 08:43:49.433000+00:00,0.0,1.2339425473711536,-1.2339425473711536,1.2339425473711536
2022-10-18 08:43:51.269000+00:00,0.0,1.2339587283595725,-1.2339587283595725,1.2339587283595725
2022-10-18 08:43:53.128000+00:00,0.0,1.2339751120510059,-1.2339751120510059,1.2339751120510059
2022-10-18 08:43:55.033000+00:00,0.0,1.233991901148467,-1.233991901148467,1.233991901148467
2022-10-18 08:43:56.893000+00:00,0.0,1.2340082936530745,-1.2340082936530745,1.2340082936530745
2022-10-18 08:43:58.800000+00:00,0.0,1.2340251003768845,-1.2340251003768845,1.2340251003768845
2022-10-18 08:44:00.675000+00:00,0.0,1.2340416250791102,-1.2340416250791102,1.2340416250791102
2022-10-18 08:44:02.534000+00:00,0.0,1.2340580087705433,-1.2340580087705433,1.2340580087705433
2022-10-18 08:44:04.410000+00:00,0.0,1.2340745422859434,-1.2340745422859434,1.2340745422859434
2022-10-18 08:44:06.269000+00:00,0.0,1.2340909259773762,-1.2340909259773762,1.2340909259773762
2022-10-18 08:44:08.127000+00:00,0.0,1.234107300855635,-1.234107300855635,1.234107300855635
2022-10-18 08:44:09.988000+00:00,0.0,1.234123702173417,-1.234123702173417,1.234123702173417
2022-10-18 08:44:11.833000+00:00,0.0,1.234139962480407,-1.234139962480407,1.234139962480407
2022-10-18 08:44:13.613000+00:00,0.0,1.234155649931053,-1.234155649931053,1.234155649931053
2022-10-18 08:44:15.488000+00:00,0.0,1.2341721746332786,-1.2341721746332786,1.2341721746332786
2022-10-18 08:44:17.396000+00:00,0.0,1.2341889901702632,-1.2341889901702632,1.2341889901702632
2022-10-18 08:44:19.255000+00:00,0.0,1.2342053738616965,-1.2342053738616965,1.2342053738616965
2022-10-18 08:44:21.286000+00:00,0.0,1.234223273419147,-1.234223273419147,1.234223273419147
2022-10-18 08:44:23.145000+00:00,0.0,1.2342396571105803,-1.2342396571105803,1.2342396571105803
2022-10-18 08:44:24.989000+00:00,0.0,1.2342559086043954,-1.2342559086043954,1.2342559086043954
2022-10-18 08:44:26.910000+00:00,0.0,1.234272838712649,-1.234272838712649,1.234272838712649
2022-10-18 08:44:28.817000+00:00,0.0,1.234289645436459,-1.234289645436459,1.234289645436459
2022-10-18 08:44:34.176000+00:00,0.0,1.234336875238713,-1.234336875238713,1.234336875238713
2022-10-18 08:44:36.082000+00:00,0.0,1.2343536731493487,-1.2343536731493487,1.2343536731493487
2022-10-18 08:44:37.934000+00:00,0.0,1.23436999514856,-1.23436999514856,1.23436999514856
2022-10-18 08:44:39.801000+00:00,0.0,1.2343864493453893,-1.2343864493453893,1.2343864493453893
2022-10-18 08:44:41.707000+00:00,0.0,1.234403247256025,-1.234403247256025,1.234403247256025
2022-10-18 08:44:43.614000+00:00,0.0,1.234420053979835,-1.234420053979835,1.234420053979835
2022-10-18 08:44:45.449000+00:00,0.0,1.2344362261550796,-1.2344362261550796,1.2344362261550796
2022-10-18 08:44:47.379000+00:00,0.0,1.2344532355819038,-1.2344532355819038,1.2344532355819038
2022-10-18 08:44:49.286000+00:00,0.0,1.234470042305714,-1.234470042305714,1.234470042305714
2022-10-18 08:44:51.144000+00:00,0.0,1.2344864171839725,-1.2344864171839725,1.2344864171839725
2022-10-18 08:44:53.051000+00:00,0.0,1.2345032239077827,-1.2345032239077827,1.2345032239077827
2022-10-18 08:44:54.952000+00:00,0.0,1.2345199777525457,-1.2345199777525457,1.2345199777525457
2022-10-18 08:44:56.771000+00:00,0.0,1.234536008916998,-1.234536008916998,1.234536008916998
2022-10-18 08:44:58.630000+00:00,0.0,1.234552392608431,-1.234552392608431,1.234552392608431
2022-10-18 08:45:00.504000+00:00,0.0,1.234568908497482,-1.234568908497482,1.234568908497482
2022-10-18 08:45:02.413000+00:00,0.0,1.2345857328476413,-1.2345857328476413,1.2345857328476413
2022-10-18 08:45:04.316000+00:00,0.0,1.2346025043187532,-1.2346025043187532,1.2346025043187532
2022-10-18 08:45:06.238000+00:00,0.0,1.234619443240181,-1.234619443240181,1.234619443240181
2022-10-18 08:45:08.144000+00:00,0.0,1.2346362411508167,-1.2346362411508167,1.2346362411508167
2022-10-18 08:45:10.051000+00:00,0.0,1.2346530478746267,-1.2346530478746267,1.2346530478746267
2022-10-18 08:45:11.864000+00:00,0.0,1.2346690261600322,-1.2346690261600322,1.2346690261600322
2022-10-18 08:45:13.726000+00:00,0.0,1.234685436290989,-1.234685436290989,1.234685436290989
2022-10-18 08:45:15.581000+00:00,0.0,1.2347017847297237,-1.2347017847297237,1.2347017847297237
2022-10-18 08:45:17.408000+00:00,0.0,1.2347178863995723,-1.2347178863995723,1.2347178863995723
2022-10-18 08:45:19.222000+00:00,0.0,1.2347338734981521,-1.2347338734981521,1.2347338734981521
2022-10-18 08:45:21.097000+00:00,0.0,1.2347503982003776,-1.2347503982003776,1.2347503982003776
2022-10-18 08:45:22.952000+00:00,0.0,1.2347667466391126,-1.2347667466391126,1.2347667466391126
2022-10-18 08:45:24.862000+00:00,0.0,1.2347835798024462,-1.2347835798024462,1.2347835798024462
2022-10-18 08:45:26.895000+00:00,0.0,1.234801496986246,-1.234801496986246,1.234801496986246
2022-10-18 08:45:28.768000+00:00,0.0,1.2348180040621224,-1.2348180040621224,1.2348180040621224
2022-10-18 08:45:30.596000+00:00,0.0,1.2348341145451454,-1.2348341145451454,1.2348341145451454
2022-10-18 08:45:32.448000+00:00,0.0,1.2348504365443569,-1.2348504365443569,1.2348504365443569
2022-10-18 08:45:38.722000+00:00,0.0,1.234905730401297,-1.234905730401297,1.234905730401297
2022-10-18 08:45:40.565000+00:00,0.0,1.2349219730819376,-1.2349219730819376,1.2349219730819376
2022-10-18 08:45:42.425000+00:00,0.0,1.2349383655865454,-1.2349383655865454,1.2349383655865454
2022-10-18 08:45:44.330000+00:00,0.0,1.2349551546840063,-1.2349551546840063,1.2349551546840063
2022-10-18 08:45:46.190000+00:00,0.0,1.234971547188614,-1.234971547188614,1.234971547188614
2022-10-18 08:45:48.096000+00:00,0.0,1.2349883450992496,-1.2349883450992496,1.2349883450992496
2022-10-18 08:45:50.002000+00:00,0.0,1.2350051430098854,-1.2350051430098854,1.2350051430098854
2022-10-18 08:45:51.862000+00:00,0.0,1.235021535514493,-1.235021535514493,1.235021535514493
2022-10-18 08:45:53.768000+00:00,0.0,1.2350383334251285,-1.2350383334251285,1.2350383334251285
2022-10-18 08:45:55.674000+00:00,0.0,1.235055131335764,-1.235055131335764,1.235055131335764
2022-10-18 08:45:57.580000+00:00,0.0,1.2350719292463996,-1.2350719292463996,1.2350719292463996
2022-10-18 08:45:59.427000+00:00,0.0,1.2350882071797387,-1.2350882071797387,1.2350882071797387
2022-10-18 08:46:01.269000+00:00,0.0,1.2351044410472047,-1.2351044410472047,1.2351044410472047
2022-10-18 08:46:03.174000+00:00,0.0,1.235121230144666,-1.235121230144666,1.235121230144666
2022-10-18 08:46:05.080000+00:00,0.0,1.2351380280553015,-1.2351380280553015,1.2351380280553015
2022-10-18 08:46:06.936000+00:00,0.0,1.2351543853072111,-1.2351543853072111,1.2351543853072111
2022-10-18 08:46:08.799000+00:00,0.0,1.2351708042513423,-1.2351708042513423,1.2351708042513423
2022-10-18 08:46:10.725000+00:00,0.0,1.2351877784254683,-1.2351877784254683,1.2351877784254683
2022-10-18 08:46:12.582000+00:00,0.0,1.2352041444905524,-1.2352041444905524,1.2352041444905524
2022-10-18 08:46:14.410000+00:00,0.0,1.2352202549735756,-1.2352202549735756,1.2352202549735756
2022-10-18 08:46:16.238000+00:00,0.0,1.2352363654565983,-1.2352363654565983,1.2352363654565983
2022-10-18 08:46:18.065000+00:00,0.0,1.2352524671264469,-1.2352524671264469,1.2352524671264469
2022-10-18 08:46:19.940000+00:00,0.0,1.2352689918286726,-1.2352689918286726,1.2352689918286726
2022-10-18 08:46:21.815000+00:00,0.0,1.2352855165308978,-1.2352855165308978,1.2352855165308978
2022-10-18 08:46:23.675000+00:00,0.0,1.2353019090355055,-1.2353019090355055,1.2353019090355055
2022-10-18 08:46:25.597000+00:00,0.0,1.2353188479569335,-1.2353188479569335,1.2353188479569335
2022-10-18 08:46:27.459000+00:00,0.0,1.2353352580878902,-1.2353352580878902,1.2353352580878902
2022-10-18 08:46:29.346000+00:00,0.0,1.2353518885482098,-1.2353518885482098,1.2353518885482098
2022-10-18 08:46:31.206000+00:00,0.0,1.2353682810528175,-1.2353682810528175,1.2353682810528175
2022-10-18 08:46:33.081000+00:00,0.0,1.235384805755043,-1.235384805755043,1.235384805755043
2022-10-18 08:46:34.953000+00:00,0.0,1.235401304017745,-1.235401304017745,1.235401304017745
2022-10-18 08:46:36.878000+00:00,0.0,1.2354182693786964,-1.2354182693786964,1.2354182693786964
2022-10-18 08:46:43.080000+00:00,0.0,1.235472928687071,-1.235472928687071,1.235472928687071
2022-10-18 08:46:44.961000+00:00,0.0,1.2354895062683435,-1.2354895062683435,1.2354895062683435
2022-10-18 08:46:46.831000+00:00,0.0,1.2355059869046965,-1.2355059869046965,1.2355059869046965
2022-10-18 08:46:48.691000+00:00,0.0,1.235522379409304,-1.235522379409304,1.235522379409304
2022-10-18 08:46:50.534000+00:00,0.0,1.235538622089945,-1.235538622089945,1.235538622089945
2022-10-18 08:46:52.362000+00:00,0.0,1.2355547325729679,-1.2355547325729679,1.2355547325729679
2022-10-18 08:46:54.378000+00:00,0.0,1.2355724999328006,-1.2355724999328006,1.2355724999328006
2022-10-18 08:46:56.268000+00:00,0.0,1.2355891568326438,-1.2355891568326438,1.2355891568326438
2022-10-18 08:46:58.143000+00:00,0.0,1.2356056815348695,-1.2356056815348695,1.2356056815348695
2022-10-18 08:47:00.050000+00:00,0.0,1.2356224882586795,-1.2356224882586795,1.2356224882586795
2022-10-18 08:47:01.909000+00:00,0.0,1.2356388719501128,-1.2356388719501128,1.2356388719501128
2022-10-18 08:47:03.753000+00:00,0.0,1.235655123443928,-1.235655123443928,1.235655123443928
2022-10-18 08:47:05.628000+00:00,0.0,1.2356716481461534,-1.2356716481461534,1.2356716481461534
2022-10-18 08:47:07.519000+00:00,0.0,1.2356883138591712,-1.2356883138591712,1.2356883138591712
2022-10-18 08:47:09.428000+00:00,0.0,1.2357051382093305,-1.2357051382093305,1.2357051382093305
2022-10-18 08:47:11.330000+00:00,0.0,1.235721900867268,-1.235721900867268,1.235721900867268
2022-10-18 08:47:13.190000+00:00,0.0,1.2357382933718757,-1.2357382933718757,1.2357382933718757
2022-10-18 08:47:15.018000+00:00,0.0,1.2357544038548984,-1.2357544038548984,1.2357544038548984
2022-10-18 08:47:16.934000+00:00,0.0,1.2357712898972795,-1.2357712898972795,1.2357712898972795
2022-10-18 08:47:18.784000+00:00,0.0,1.2357875942701417,-1.2357875942701417,1.2357875942701417
2022-10-18 08:47:20.674000+00:00,0.0,1.2358042511699852,-1.2358042511699852,1.2358042511699852
2022-10-18 08:47:22.534000+00:00,0.0,1.2358206436745927,-1.2358206436745927,1.2358206436745927
2022-10-18 08:47:24.393000+00:00,0.0,1.235837027366026,-1.235837027366026,1.235837027366026
2022-10-18 08:47:26.267000+00:00,0.0,1.235853543255077,-1.235853543255077,1.235853543255077
2022-10-18 08:47:28.168000+00:00,0.0,1.2358702970998399,-1.2358702970998399,1.2358702970998399
2022-10-18 08:47:30.096000+00:00,0.0,1.235887288900315,-1.235887288900315,1.235887288900315
2022-10-18 08:47:31.942000+00:00,0.0,1.2359035580204794,-1.2359035580204794,1.2359035580204794
2022-10-18 08:47:33.815000+00:00,0.0,1.2359200650963555,-1.2359200650963555,1.2359200650963555
2022-10-18 08:47:35.691000+00:00,0.0,1.2359365986117559,-1.2359365986117559,1.2359365986117559
2022-10-18 08:47:37.566000+00:00,0.0,1.235953123313981,-1.235953123313981,1.235953123313981
2022-10-18 08:47:39.430000+00:00,0.0,1.235969551071287,-1.235969551071287,1.235969551071287
2022-10-18 08:47:41.308000+00:00,0.0,1.2359861022130358,-1.2359861022130358,1.2359861022130358
2022-10-18 08:47:47.556000+00:00,0.0,1.2360411669274383,-1.2360411669274383,1.2360411669274383
2022-10-18 08:47:49.464000+00:00,0.0,1.236057982464423,-1.236057982464423,1.236057982464423
2022-10-18 08:47:51.330000+00:00,0.0,1.2360744278480778,-1.2360744278480778,1.2360744278480778
2022-10-18 08:47:53.206000+00:00,0.0,1.2360909613634778,-1.2360909613634778,1.2360909613634778
2022-10-18 08:47:55.065000+00:00,0.0,1.236107345054911,-1.236107345054911,1.236107345054911
2022-10-18 08:47:56.924000+00:00,0.0,1.236123728746344,-1.236123728746344,1.236123728746344
2022-10-18 08:47:58.894000+00:00,0.0,1.236141090700149,-1.236141090700149,1.236141090700149
2022-10-18 08:48:00.706000+00:00,0.0,1.2361570601723797,-1.2361570601723797,1.2361570601723797
2022-10-18 08:48:02.530000+00:00,0.0,1.2361731354027046,-1.2361731354027046,1.2361731354027046
2022-10-18 08:48:04.335000+00:00,0.0,1.2361890431827138,-1.2361890431827138,1.2361890431827138
2022-10-18 08:48:06.144000+00:00,0.0,1.2362049862154207,-1.2362049862154207,1.2362049862154207
2022-10-18 08:48:08.048000+00:00,0.0,1.2362217664997073,-1.2362217664997073,1.2362217664997073
2022-10-18 08:48:09.967000+00:00,0.0,1.2362386789816115,-1.2362386789816115,1.2362386789816115
2022-10-18 08:48:11.824000+00:00,0.0,1.2362550450466958,-1.2362550450466958,1.2362550450466958
2022-10-18 08:48:13.731000+00:00,0.0,1.236271851770506,-1.236271851770506,1.236271851770506
2022-10-18 08:48:15.543000+00:00,0.0,1.2362878212427366,-1.2362878212427366,1.2362878212427366
2022-10-18 08:48:17.418000+00:00,0.0,1.236304345944962,-1.236304345944962,1.236304345944962
2022-10-18 08:48:19.340000+00:00,0.0,1.2363212848663898,-1.2363212848663898,1.2363212848663898
2022-10-18 08:48:21.184000+00:00,0.0,1.2363375363602054,-1.2363375363602054,1.2363375363602054
2022-10-18 08:48:23.121000+00:00,0.0,1.2363546074792509,-1.2363546074792509,1.2363546074792509
2022-10-18 08:48:24.996000+00:00,0.0,1.2363711321814765,-1.2363711321814765,1.2363711321814765
2022-10-18 08:48:26.872000+00:00,0.0,1.2363876656968764,-1.2363876656968764,1.2363876656968764
2022-10-18 08:48:28.730000+00:00,0.0,1.236404040575135,-1.236404040575135,1.236404040575135
2022-10-18 08:48:30.606000+00:00,0.0,1.236420574090535,-1.236420574090535,1.236420574090535
2022-10-18 08:48:32.527000+00:00,0.0,1.2364375041987885,-1.2364375041987885,1.2364375041987885
2022-10-18 08:48:34.340000+00:00,0.0,1.2364534824841935,-1.2364534824841935,1.2364534824841935
2022-10-18 08:48:36.163000+00:00,0.0,1.236469548901344,-1.236469548901344,1.236469548901344
2022-10-18 08:48:38.074000+00:00,0.0,1.2364863908778523,-1.2364863908778523,1.2364863908778523
2022-10-18 08:48:39.929000+00:00,0.0,1.2365027393165873,-1.2365027393165873,1.2365027393165873
2022-10-18 08:48:41.762000+00:00,0.0,1.236518893865483,-1.236518893865483,1.236518893865483
2022-10-18 08:48:43.683000+00:00,0.0,1.2365358239737363,-1.2365358239737363,1.2365358239737363
2022-10-18 08:48:45.534000+00:00,0.0,1.2365521371597734,-1.2365521371597734,1.2365521371597734
2022-10-18 08:48:47.445000+00:00,0.0,1.2365689791362815,-1.2365689791362815,1.2365689791362815
2022-10-18 08:48:52.745000+00:00,0.0,1.2366156889612387,-1.2366156889612387,1.2366156889612387
2022-10-18 08:48:54.559000+00:00,0.0,1.2366316760598186,-1.2366316760598186,1.2366316760598186
2022-10-18 08:48:56.408000+00:00,0.0,1.2366479716195067,-1.2366479716195067,1.2366479716195067
2022-10-18 08:48:58.324000+00:00,0.0,1.2366648576618875,-1.2366648576618875,1.2366648576618875
2022-10-18 08:49:00.183000+00:00,0.0,1.2366812413533204,-1.2366812413533204,1.2366812413533204
2022-10-18 08:49:02.028000+00:00,0.0,1.2366975016603103,-1.2366975016603103,1.2366975016603103
2022-10-18 08:49:03.996000+00:00,0.0,1.2367148459877662,-1.2367148459877662,1.2367148459877662
2022-10-18 08:49:05.861000+00:00,0.0,1.2367312825582464,-1.2367312825582464,1.2367312825582464
2022-10-18 08:49:07.762000+00:00,0.0,1.2367480364030095,-1.2367480364030095,1.2367480364030095
2022-10-18 08:49:09.636000+00:00,0.0,1.2367645522920603,-1.2367645522920603,1.2367645522920603
2022-10-18 08:49:11.496000+00:00,0.0,1.236780944796668,-1.236780944796668,1.236780944796668
2022-10-18 08:49:13.409000+00:00,0.0,1.2367978043995254,-1.2367978043995254,1.2367978043995254
2022-10-18 08:49:15.274000+00:00,0.0,1.2368142409700056,-1.2368142409700056,1.2368142409700056
2022-10-18 08:49:17.143000+00:00,0.0,1.236830712793184,-1.236830712793184,1.236830712793184
2022-10-18 08:49:19.003000+00:00,0.0,1.2368471052977914,-1.2368471052977914,1.2368471052977914
2022-10-18 08:49:20.852000+00:00,0.0,1.2368634008574793,-1.2368634008574793,1.2368634008574793
2022-10-18 08:49:22.738000+00:00,0.0,1.2368800225046246,-1.2368800225046246,1.2368800225046246
2022-10-18 08:49:24.651000+00:00,0.0,1.236896882107482,-1.236896882107482,1.236896882107482
2022-10-18 08:49:26.469000+00:00,0.0,1.2369129044587597,-1.2369129044587597,1.2369129044587597
2022-10-18 08:49:28.331000+00:00,0.0,1.2369293145897164,-1.2369293145897164,1.2369293145897164
2022-10-18 08:49:30.190000+00:00,0.0,1.2369456982811495,-1.2369456982811495,1.2369456982811495
2022-10-18 08:49:32.051000+00:00,0.0,1.2369620995989317,-1.2369620995989317,1.2369620995989317
2022-10-18 08:49:33.909000+00:00,0.0,1.2369784744771901,-1.2369784744771901,1.2369784744771901
2022-10-18 08:49:35.773000+00:00,0.0,1.2369949022344962,-1.2369949022344962,1.2369949022344962
2022-10-18 08:49:37.690000+00:00,0.0,1.2370117970900514,-1.2370117970900514,1.2370117970900514
2022-10-18 08:49:39.550000+00:00,0.0,1.237028189594659,-1.237028189594659,1.237028189594659
2022-10-18 08:49:41.394000+00:00,0.0,1.2370444410884742,-1.2370444410884742,1.2370444410884742
2022-10-18 08:49:43.206000+00:00,0.0,1.237060410560705,-1.237060410560705,1.237060410560705
2022-10-18 08:49:45.222000+00:00,0.0,1.2370781779205378,-1.2370781779205378,1.2370781779205378
2022-10-18 08:49:47.082000+00:00,0.0,1.2370945704251457,-1.2370945704251457,1.2370945704251457
2022-10-18 08:49:49.002000+00:00,0.0,1.2371114917202244,-1.2371114917202244,1.2371114917202244
2022-10-18 08:49:50.850000+00:00,0.0,1.2371277784667378,-1.2371277784667378,1.2371277784667378
2022-10-18 08:49:52.784000+00:00,0.0,1.2371448231462598,-1.2371448231462598,1.2371448231462598
2022-10-18 08:49:58.097000+00:00,0.0,1.237191647542486,-1.237191647542486,1.237191647542486
2022-10-18 08:49:59.931000+00:00,0.0,1.2372078109045561,-1.2372078109045561,1.2372078109045561
2022-10-18 08:50:01.799000+00:00,0.0,1.2372242739145598,-1.2372242739145598,1.2372242739145598
2022-10-18 08:50:03.707000+00:00,0.0,1.2372410894515447,-1.2372410894515447,1.2372410894515447
2022-10-18 08:50:05.565000+00:00,0.0,1.237257464329803,-1.237257464329803,1.237257464329803
2022-10-18 08:50:07.429000+00:00,0.0,1.2372738920871091,-1.2372738920871091,1.2372738920871091
2022-10-18 08:50:09.437000+00:00,0.0,1.2372915889415457,-1.2372915889415457,1.2372915889415457
2022-10-18 08:50:11.299000+00:00,0.0,1.2373079990725024,-1.2373079990725024,1.2373079990725024
2022-10-18 08:50:13.206000+00:00,0.0,1.2373248057963124,-1.2373248057963124,1.2373248057963124
2022-10-18 08:50:15.127000+00:00,0.0,1.237341735904566,-1.237341735904566,1.237341735904566
2022-10-18 08:50:16.986000+00:00,0.0,1.237358119595999,-1.237358119595999,1.237358119595999
2022-10-18 08:50:18.840000+00:00,0.0,1.2373744592215594,-1.2373744592215594,1.2373744592215594
2022-10-18 08:50:20.757000+00:00,0.0,1.2373913540771149,-1.2373913540771149,1.2373913540771149
2022-10-18 08:50:22.565000+00:00,0.0,1.2374072882966476,-1.2374072882966476,1.2374072882966476
2022-10-18 08:50:24.462000+00:00,0.0,1.2374240068887123,-1.2374240068887123,1.2374240068887123
2022-10-18 08:50:26.330000+00:00,0.0,1.2374404698987163,-1.2374404698987163,1.2374404698987163
2022-10-18 08:50:28.237000+00:00,0.0,1.2374572766225262,-1.2374572766225262,1.2374572766225262
2022-10-18 08:50:30.096000+00:00,0.0,1.2374736603139596,-1.2374736603139596,1.2374736603139596
2022-10-18 08:50:31.969000+00:00,0.0,1.237490167389836,-1.237490167389836,1.237490167389836
2022-10-18 08:50:33.878000+00:00,0.0,1.237506991739995,-1.237506991739995,1.237506991739995
2022-10-18 08:50:35.773000+00:00,0.0,1.237523692705711,-1.237523692705711,1.237523692705711
2022-10-18 08:50:37.690000+00:00,0.0,1.2375405875612662,-1.2375405875612662,1.2375405875612662
2022-10-18 08:50:39.487000+00:00,0.0,1.237556424835879,-1.237556424835879,1.237556424835879
2022-10-18 08:50:41.322000+00:00,0.0,1.2375725970111238,-1.2375725970111238,1.2375725970111238
2022-10-18 08:50:43.143000+00:00,0.0,1.237588645801925,-1.237588645801925,1.237588645801925
2022-10-18 08:50:45.049000+00:00,0.0,1.2376054437125608,-1.2376054437125608,1.2376054437125608
2022-10-18 08:50:46.862000+00:00,0.0,1.237621421997966,-1.237621421997966,1.237621421997966
2022-10-18 08:50:48.769000+00:00,0.0,1.237638228721776,-1.237638228721776,1.237638228721776
2022-10-18 08:50:50.787000+00:00,0.0,1.2376560137079577,-1.2376560137079577,1.2376560137079577
2022-10-18 08:50:52.653000+00:00,0.0,1.2376724590916126,-1.2376724590916126,1.2376724590916126
2022-10-18 08:50:54.550000+00:00,0.0,1.2376891776836776,-1.2376891776836776,1.2376891776836776
2022-10-18 08:50:56.424000+00:00,0.0,1.2377056935727286,-1.2377056935727286,1.2377056935727286
2022-10-18 08:51:02.659000+00:00,0.0,1.2377606437158621,-1.2377606437158621,1.2377606437158621
2022-10-18 08:51:04.503000+00:00,0.0,1.2377768952096777,-1.2377768952096777,1.2377768952096777
2022-10-18 08:51:06.361000+00:00,0.0,1.2377932700879364,-1.2377932700879364,1.2377932700879364
2022-10-18 08:51:08.220000+00:00,0.0,1.2378096537793692,-1.2378096537793692,1.2378096537793692
2022-10-18 08:51:10.096000+00:00,0.0,1.2378261872947693,-1.2378261872947693,1.2378261872947693
2022-10-18 08:51:12.003000+00:00,0.0,1.2378429940185796,-1.2378429940185796,1.2378429940185796
2022-10-18 08:51:13.971000+00:00,0.0,1.2378603383460354,-1.2378603383460354,1.2378603383460354
2022-10-18 08:51:15.887000+00:00,0.0,1.237877224388416,-1.237877224388416,1.237877224388416
2022-10-18 08:51:17.800000+00:00,0.0,1.2378940839912733,-1.2378940839912733,1.2378940839912733
2022-10-18 08:51:19.658000+00:00,0.0,1.237910458869532,-1.237910458869532,1.237910458869532
2022-10-18 08:51:21.519000+00:00,0.0,1.2379268601873141,-1.2379268601873141,1.2379268601873141
2022-10-18 08:51:23.393000+00:00,0.0,1.2379433760763652,-1.2379433760763652,1.2379433760763652
2022-10-18 08:51:25.315000+00:00,0.0,1.237960314997793,-1.237960314997793,1.237960314997793
2022-10-18 08:51:27.222000+00:00,0.0,1.2379771217216031,-1.2379771217216031,1.2379771217216031
2022-10-18 08:51:29.143000+00:00,0.0,1.2379940518298564,-1.2379940518298564,1.2379940518298564
2022-10-18 08:51:30.952000+00:00,0.0,1.2380099948625638,-1.2380099948625638,1.2380099948625638
2022-10-18 08:51:32.831000+00:00,0.0,1.2380265548174871,-1.2380265548174871,1.2380265548174871
2022-10-18 08:51:34.659000+00:00,0.0,1.23804266530051,-1.23804266530051,1.23804266530051
2022-10-18 08:51:36.502000+00:00,0.0,1.238058907981151,-1.238058907981151,1.238058907981151
2022-10-18 08:51:38.424000+00:00,0.0,1.238075846902579,-1.238075846902579,1.238075846902579
2022-10-18 08:51:40.283000+00:00,0.0,1.238092230594012,-1.238092230594012,1.238092230594012
2022-10-18 08:51:42.206000+00:00,0.0,1.2381091783286147,-1.2381091783286147,1.2381091783286147
2022-10-18 08:51:44.065000+00:00,0.0,1.2381255620200475,-1.2381255620200475,1.2381255620200475
2022-10-18 08:51:45.936000+00:00,0.0,1.2381420514695751,-1.2381420514695751,1.2381420514695751
2022-10-18 08:51:47.831000+00:00,0.0,1.2381587524352908,-1.2381587524352908,1.2381587524352908
2022-10-18 08:51:49.721000+00:00,0.0,1.2381754093351343,-1.2381754093351343,1.2381754093351343
2022-10-18 08:51:51.580000+00:00,0.0,1.2381917930265671,-1.2381917930265671,1.2381917930265671
2022-10-18 08:51:53.503000+00:00,0.0,1.2382087407611697,-1.2382087407611697,1.2382087407611697
2022-10-18 08:51:55.330000+00:00,0.0,1.238224842431018,-1.238224842431018,1.238224842431018
2022-10-18 08:51:57.190000+00:00,0.0,1.238241234935626,-1.238241234935626,1.238241234935626
2022-10-18 08:51:59.065000+00:00,0.0,1.2382577596378512,-1.2382577596378512,1.2382577596378512
2022-10-18 08:52:00.972000+00:00,0.0,1.2382745663616617,-1.2382745663616617,1.2382745663616617
2022-10-18 08:52:07.096000+00:00,0.0,1.2383285382424236,-1.2383285382424236,1.2383285382424236
2022-10-18 08:52:09.035000+00:00,0.0,1.2383456269878184,-1.2383456269878184,1.2383456269878184
2022-10-18 08:52:10.885000+00:00,0.0,1.2383619313606808,-1.2383619313606808,1.2383619313606808
2022-10-18 08:52:12.742000+00:00,0.0,1.2383782974257649,-1.2383782974257649,1.2383782974257649
2022-10-18 08:52:14.602000+00:00,0.0,1.2383946899303724,-1.2383946899303724,1.2383946899303724
2022-10-18 08:52:16.524000+00:00,0.0,1.2384116288518003,-1.2384116288518003,1.2384116288518003
2022-10-18 08:52:18.399000+00:00,0.0,1.2384281535540258,-1.2384281535540258,1.2384281535540258
2022-10-18 08:52:20.258000+00:00,0.0,1.2384445372454589,-1.2384445372454589,1.2384445372454589
2022-10-18 08:52:22.071000+00:00,0.0,1.2384605155308641,-1.2384605155308641,1.2384605155308641
2022-10-18 08:52:23.919000+00:00,0.0,1.2384768022773778,-1.2384768022773778,1.2384768022773778
2022-10-18 08:52:25.795000+00:00,0.0,1.2384933357927776,-1.2384933357927776,1.2384933357927776
2022-10-18 08:52:27.649000+00:00,0.0,1.2385096754183382,-1.2385096754183382,1.2385096754183382
2022-10-18 08:52:29.555000+00:00,0.0,1.2385264733289736,-1.2385264733289736,1.2385264733289736
2022-10-18 08:52:31.457000+00:00,0.0,1.2385432359869113,-1.2385432359869113,1.2385432359869113
2022-10-18 08:52:33.320000+00:00,0.0,1.2385596549310425,-1.2385596549310425,1.2385596549310425
2022-10-18 08:52:35.227000+00:00,0.0,1.2385764616548525,-1.2385764616548525,1.2385764616548525
2022-10-18 08:52:37.133000+00:00,0.0,1.238593259565488,-1.238593259565488,1.238593259565488
2022-10-18 08:52:38.867000+00:00,0.0,1.2386085416101063,-1.2386085416101063,1.2386085416101063
2022-10-18 08:52:40.732000+00:00,0.0,1.2386249781805865,-1.2386249781805865,1.2386249781805865
2022-10-18 08:52:42.586000+00:00,0.0,1.238641317806147,-1.238641317806147,1.238641317806147
2022-10-18 08:52:44.492000+00:00,0.0,1.2386581157167826,-1.2386581157167826,1.2386581157167826
2022-10-18 08:52:46.343000+00:00,0.0,1.2386744289028195,-1.2386744289028195,1.2386744289028195
2022-10-18 08:52:48.212000+00:00,0.0,1.2386909007259979,-1.2386909007259979,1.2386909007259979
2022-10-18 08:52:50.071000+00:00,0.0,1.2387072844174312,-1.2387072844174312,1.2387072844174312
2022-10-18 08:52:51.978000+00:00,0.0,1.2387240911412412,-1.2387240911412412,1.2387240911412412
2022-10-18 08:52:53.837000+00:00,0.0,1.2387404748326745,-1.2387404748326745,1.2387404748326745
2022-10-18 08:52:55.747000+00:00,0.0,1.238757307996008,-1.238757307996008,1.238757307996008
2022-10-18 08:52:57.601000+00:00,0.0,1.2387736476215685,-1.2387736476215685,1.2387736476215685
2022-10-18 08:52:59.478000+00:00,0.0,1.238790189950143,-1.238790189950143,1.238790189950143
2022-10-18 08:53:01.383000+00:00,0.0,1.2388069790476042,-1.2388069790476042,1.2388069790476042
2022-10-18 08:53:03.257000+00:00,0.0,1.238823494936655,-1.238823494936655,1.238823494936655
2022-10-18 08:53:05.118000+00:00,0.0,1.2388398962544374,-1.2388398962544374,1.2388398962544374
2022-10-18 08:53:06.962000+00:00,0.0,1.2388561477482525,-1.2388561477482525,1.2388561477482525
2022-10-18 08:53:12.321000+00:00,0.0,1.2389033775505065,-1.2389033775505065,1.2389033775505065
2022-10-18 08:53:14.243000+00:00,0.0,1.2389203164719345,-1.2389203164719345,1.2389203164719345
2022-10-18 08:53:16.103000+00:00,0.0,1.2389367089765422,-1.2389367089765422,1.2389367089765422
2022-10-18 08:53:17.955000+00:00,0.0,1.2389530309757537,-1.2389530309757537,1.2389530309757537
2022-10-18 08:53:19.821000+00:00,0.0,1.2389694763594084,-1.2389694763594084,1.2389694763594084
2022-10-18 08:53:21.728000+00:00,0.0,1.2389862830832186,-1.2389862830832186,1.2389862830832186
2022-10-18 08:53:23.596000+00:00,0.0,1.2390027460932225,-1.2390027460932225,1.2390027460932225
2022-10-18 08:53:25.509000+00:00,0.0,1.2390196056960796,-1.2390196056960796,1.2390196056960796
2022-10-18 08:53:27.367000+00:00,0.0,1.239035980574338,-1.239035980574338,1.239035980574338
2022-10-18 08:53:29.227000+00:00,0.0,1.239052373078946,-1.239052373078946,1.239052373078946
2022-10-18 08:53:31.086000+00:00,0.0,1.239068756770379,-1.239068756770379,1.239068756770379
2022-10-18 08:53:32.950000+00:00,0.0,1.239085184527685,-1.239085184527685,1.239085184527685
2022-10-18 08:53:34.869000+00:00,0.0,1.2391020970095892,-1.2391020970095892,1.2391020970095892
2022-10-18 08:53:36.728000+00:00,0.0,1.2391184807010223,-1.2391184807010223,1.2391184807010223
2022-10-18 08:53:38.586000+00:00,0.0,1.239134855579281,-1.239134855579281,1.239134855579281
2022-10-18 08:53:40.438000+00:00,0.0,1.2391511775784925,-1.2391511775784925,1.2391511775784925
2022-10-18 08:53:42.314000+00:00,0.0,1.2391677110938923,-1.2391677110938923,1.2391677110938923
2022-10-18 08:53:44.134000+00:00,0.0,1.2391837510715193,-1.2391837510715193,1.2391837510715193
2022-10-18 08:53:46.058000+00:00,0.0,1.2392007076192963,-1.2392007076192963,1.2392007076192963
2022-10-18 08:53:47.915000+00:00,0.0,1.2392170736843804,-1.2392170736843804,1.2392170736843804
2022-10-18 08:53:49.821000+00:00,0.0,1.2392338715950157,-1.2392338715950157,1.2392338715950157
2022-10-18 08:53:51.681000+00:00,0.0,1.2392502640996235,-1.2392502640996235,1.2392502640996235
2022-10-18 08:53:53.541000+00:00,0.0,1.2392666566042312,-1.2392666566042312,1.2392666566042312
2022-10-18 08:53:55.446000+00:00,0.0,1.2392834457016924,-1.2392834457016924,1.2392834457016924
2022-10-18 08:53:57.352000+00:00,0.0,1.2393002436123277,-1.2393002436123277,1.2393002436123277
2022-10-18 08:53:59.260000+00:00,0.0,1.2393170591493126,-1.2393170591493126,1.2393170591493126
2022-10-18 08:54:01.118000+00:00,0.0,1.239333434027571,-1.239333434027571,1.239333434027571
2022-10-18 08:54:02.994000+00:00,0.0,1.239349967542971,-1.239349967542971,1.239349967542971
2022-10-18 08:54:04.806000+00:00,0.0,1.2393659370152017,-1.2393659370152017,1.2393659370152017
2022-10-18 08:54:06.727000+00:00,0.0,1.2393828671234552,-1.2393828671234552,1.2393828671234552
2022-10-18 08:54:08.587000+00:00,0.0,1.2393992596280627,-1.2393992596280627,1.2393992596280627
2022-10-18 08:54:10.493000+00:00,0.0,1.2394160575386985,-1.2394160575386985,1.2394160575386985
2022-10-18 08:54:16.691000+00:00,0.0,1.239470681594375,-1.239470681594375,1.239470681594375
2022-10-18 08:54:18.549000+00:00,0.0,1.2394870564726337,-1.2394870564726337,1.2394870564726337
2022-10-18 08:54:20.450000+00:00,0.0,1.2395038103173965,-1.2395038103173965,1.2395038103173965
2022-10-18 08:54:22.331000+00:00,0.0,1.2395203878986691,-1.2395203878986691,1.2395203878986691
2022-10-18 08:54:24.237000+00:00,0.0,1.2395371858093047,-1.2395371858093047,1.2395371858093047
2022-10-18 08:54:26.144000+00:00,0.0,1.2395539925331147,-1.2395539925331147,1.2395539925331147
2022-10-18 08:54:28.004000+00:00,0.0,1.2395703850377224,-1.2395703850377224,1.2395703850377224
2022-10-18 08:54:29.863000+00:00,0.0,1.2395867687291555,-1.2395867687291555,1.2395867687291555
2022-10-18 08:54:31.722000+00:00,0.0,1.2396031524205888,-1.2396031524205888,1.2396031524205888
2022-10-18 08:54:33.582000+00:00,0.0,1.2396195449251965,-1.2396195449251965,1.2396195449251965
2022-10-18 08:54:35.428000+00:00,0.0,1.2396358140453607,-1.2396358140453607,1.2396358140453607
2022-10-18 08:54:37.253000+00:00,0.0,1.2396518980888602,-1.2396518980888602,1.2396518980888602
2022-10-18 08:54:39.175000+00:00,0.0,1.2396688370102882,-1.2396688370102882,1.2396688370102882
2022-10-18 08:54:41.034000+00:00,0.0,1.2396852207017213,-1.2396852207017213,1.2396852207017213
2022-10-18 08:54:42.846000+00:00,0.0,1.2397011901739519,-1.2397011901739519,1.2397011901739519
2022-10-18 08:54:44.753000+00:00,0.0,1.239717996897762,-1.239717996897762,1.239717996897762
2022-10-18 08:54:46.660000+00:00,0.0,1.2397348036215723,-1.2397348036215723,1.2397348036215723
2022-10-18 08:54:48.534000+00:00,0.0,1.2397513195106231,-1.2397513195106231,1.2397513195106231
2022-10-18 08:54:50.425000+00:00,0.0,1.239767985223641,-1.239767985223641,1.239767985223641
2022-10-18 08:54:52.332000+00:00,0.0,1.2397847919474512,-1.2397847919474512,1.2397847919474512
2022-10-18 08:54:54.237000+00:00,0.0,1.2398015810449121,-1.2398015810449121,1.2398015810449121
2022-10-18 08:54:56.087000+00:00,0.0,1.2398178854177746,-1.2398178854177746,1.2398178854177746
2022-10-18 08:54:57.934000+00:00,0.0,1.2398341633511136,-1.2398341633511136,1.2398341633511136
2022-10-18 08:54:59.771000+00:00,0.0,1.2398503531527072,-1.2398503531527072,1.2398503531527072
2022-10-18 08:55:01.691000+00:00,0.0,1.239867274447786,-1.239867274447786,1.239867274447786
2022-10-18 08:55:03.550000+00:00,0.0,1.2398836581392192,-1.2398836581392192,1.2398836581392192
2022-10-18 08:55:05.450000+00:00,0.0,1.2399004031708076,-1.2399004031708076,1.2399004031708076
2022-10-18 08:55:07.346000+00:00,0.0,1.2399171129496982,-1.2399171129496982,1.2399171129496982
2022-10-18 08:55:09.206000+00:00,0.0,1.2399335054543057,-1.2399335054543057,1.2399335054543057
2022-10-18 08:55:11.065000+00:00,0.0,1.239949889145739,-1.239949889145739,1.239949889145739
2022-10-18 08:55:12.949000+00:00,0.0,1.239966493166535,-1.239966493166535,1.239966493166535
2022-10-18 08:55:14.844000+00:00,0.0,1.2399831941322508,-1.2399831941322508,1.2399831941322508
2022-10-18 08:55:21.079000+00:00,0.0,1.2400381442753847,-1.2400381442753847,1.2400381442753847
2022-10-18 08:55:22.962000+00:00,0.0,1.2400547394830062,-1.2400547394830062,1.2400547394830062
2022-10-18 08:55:24.877000+00:00,0.0,1.2400716167122126,-1.2400716167122126,1.2400716167122126
2022-10-18 08:55:26.782000+00:00,0.0,1.2400884058096735,-1.2400884058096735,1.2400884058096735
2022-10-18 08:55:28.641000+00:00,0.0,1.2401047895011068,-1.2401047895011068,1.2401047895011068
2022-10-18 08:55:30.564000+00:00,0.0,1.2401217372357092,-1.2401217372357092,1.2401217372357092
2022-10-18 08:55:32.344000+00:00,0.0,1.2401374246863552,-1.2401374246863552,1.2401374246863552
2022-10-18 08:55:34.251000+00:00,0.0,1.2401542314101652,-1.2401542314101652,1.2401542314101652
2022-10-18 08:55:36.110000+00:00,0.0,1.2401706151015985,-1.2401706151015985,1.2401706151015985
2022-10-18 08:55:37.956000+00:00,0.0,1.240186884221763,-1.240186884221763,1.240186884221763
2022-10-18 08:55:39.860000+00:00,0.0,1.2402036645060495,-1.2402036645060495,1.2402036645060495
2022-10-18 08:55:41.767000+00:00,0.0,1.2402204712298595,-1.2402204712298595,1.2402204712298595
2022-10-18 08:55:43.689000+00:00,0.0,1.2402374101512874,-1.2402374101512874,1.2402374101512874
2022-10-18 08:55:45.547000+00:00,0.0,1.240253785029546,-1.240253785029546,1.240253785029546
2022-10-18 08:55:47.443000+00:00,0.0,1.2402704948084364,-1.2402704948084364,1.2402704948084364
2022-10-18 08:55:49.267000+00:00,0.0,1.2402865700387613,-1.2402865700387613,1.2402865700387613
2022-10-18 08:55:51.126000+00:00,0.0,1.2403029537301946,-1.2403029537301946,1.2403029537301946
2022-10-18 08:55:53.032000+00:00,0.0,1.24031975164083,-1.24031975164083,1.24031975164083
2022-10-18 08:55:54.899000+00:00,0.0,1.2403362058376595,-1.2403362058376595,1.2403362058376595
2022-10-18 08:55:56.816000+00:00,0.0,1.2403531006932147,-1.2403531006932147,1.2403531006932147
2022-10-18 08:55:58.673000+00:00,0.0,1.240369466758299,-1.240369466758299,1.240369466758299
2022-10-18 08:56:00.532000+00:00,0.0,1.240385850449732,-1.240385850449732,1.240385850449732
2022-10-18 08:56:02.393000+00:00,0.0,1.240402251767514,-1.240402251767514,1.240402251767514
2022-10-18 08:56:04.220000+00:00,0.0,1.2404183534373625,-1.2404183534373625,1.2404183534373625
2022-10-18 08:56:06.037000+00:00,0.0,1.2404343669754658,-1.2404343669754658,1.2404343669754658
2022-10-18 08:56:07.926000+00:00,0.0,1.2404510150621348,-1.2404510150621348,1.2404510150621348
2022-10-18 08:56:09.792000+00:00,0.0,1.2404674604457895,-1.2404674604457895,1.2404674604457895
2022-10-18 08:56:11.648000+00:00,0.0,1.240483817697699,-1.240483817697699,1.240483817697699
2022-10-18 08:56:13.628000+00:00,0.0,1.240501267783249,-1.240501267783249,1.240501267783249
2022-10-18 08:56:15.487000+00:00,0.0,1.2405176514746823,-1.2405176514746823,1.2405176514746823
2022-10-18 08:56:17.362000+00:00,0.0,1.2405341761769078,-1.2405341761769078,1.2405341761769078
2022-10-18 08:56:19.285000+00:00,0.0,1.2405511239115101,-1.2405511239115101,1.2405511239115101
2022-10-18 08:56:25.425000+00:00,0.0,1.2406052368030644,-1.2406052368030644,1.2406052368030644
2022-10-18 08:56:27.255000+00:00,0.0,1.2406213649124367,-1.2406213649124367,1.2406213649124367
2022-10-18 08:56:29.160000+00:00,0.0,1.2406381540098976,-1.2406381540098976,1.2406381540098976
2022-10-18 08:56:31.018000+00:00,0.0,1.240654528888156,-1.240654528888156,1.240654528888156
2022-10-18 08:56:32.925000+00:00,0.0,1.2406713356119663,-1.2406713356119663,1.2406713356119663
2022-10-18 08:56:34.847000+00:00,0.0,1.2406882745333943,-1.2406882745333943,1.2406882745333943
2022-10-18 08:56:36.659000+00:00,0.0,1.240704244005625,-1.240704244005625,1.240704244005625
2022-10-18 08:56:38.518000+00:00,0.0,1.240720627697058,-1.240720627697058,1.240720627697058
2022-10-18 08:56:40.394000+00:00,0.0,1.240737161212458,-1.240737161212458,1.240737161212458
2022-10-18 08:56:42.299000+00:00,0.0,1.240753950309919,-1.240753950309919,1.240753950309919
2022-10-18 08:56:44.158000+00:00,0.0,1.2407703340013523,-1.2407703340013523,1.2407703340013523
2022-10-18 08:56:46.019000+00:00,0.0,1.2407867353191344,-1.2407867353191344,1.2407867353191344
2022-10-18 08:56:47.943000+00:00,0.0,1.2408036918669114,-1.2408036918669114,1.2408036918669114
2022-10-18 08:56:49.768000+00:00,0.0,1.2408197759104107,-1.2408197759104107,1.2408197759104107
2022-10-18 08:56:51.675000+00:00,0.0,1.2408365826342211,-1.2408365826342211,1.2408365826342211
2022-10-18 08:56:53.534000+00:00,0.0,1.240852966325654,-1.240852966325654,1.240852966325654
2022-10-18 08:56:55.394000+00:00,0.0,1.2408693588302617,-1.2408693588302617,1.2408693588302617
2022-10-18 08:56:57.362000+00:00,0.0,1.2408867031577175,-1.2408867031577175,1.2408867031577175
2022-10-18 08:56:59.224000+00:00,0.0,1.2409031132886743,-1.2409031132886743,1.2409031132886743
2022-10-18 08:57:01.102000+00:00,0.0,1.2409196644304235,-1.2409196644304235,1.2409196644304235
2022-10-18 08:57:02.939000+00:00,0.0,1.240935854232017,-1.240935854232017,1.240935854232017
2022-10-18 08:57:04.847000+00:00,0.0,1.2409526697690016,-1.2409526697690016,1.2409526697690016
2022-10-18 08:57:06.705000+00:00,0.0,1.2409690446472603,-1.2409690446472603,1.2409690446472603
2022-10-18 08:57:08.581000+00:00,0.0,1.2409855781626602,-1.2409855781626602,1.2409855781626602
2022-10-18 08:57:10.384000+00:00,0.0,1.2410014683163202,-1.2410014683163202,1.2410014683163202
2022-10-18 08:57:12.240000+00:00,0.0,1.24101782556823,-1.24101782556823,1.24101782556823
2022-10-18 08:57:14.112000+00:00,0.0,1.2410343238309318,-1.2410343238309318,1.2410343238309318
2022-10-18 08:57:15.955000+00:00,0.0,1.2410505665115725,-1.2410505665115725,1.2410505665115725
2022-10-18 08:57:17.987000+00:00,0.0,1.2410684748821978,-1.2410684748821978,1.2410684748821978
2022-10-18 08:57:19.910000+00:00,0.0,1.2410854226168002,-1.2410854226168002,1.2410854226168002
2022-10-18 08:57:21.815000+00:00,0.0,1.2411022117142614,-1.2411022117142614,1.2411022117142614
2022-10-18 08:57:23.738000+00:00,0.0,1.2411191594488638,-1.2411191594488638,1.2411191594488638
2022-10-18 08:57:30.134000+00:00,0.0,1.2411755285130952,-1.2411755285130952,1.2411755285130952
2022-10-18 08:57:32.051000+00:00,0.0,1.2411924233686507,-1.2411924233686507,1.2411924233686507
2022-10-18 08:57:33.911000+00:00,0.0,1.2412088158732582,-1.2412088158732582,1.2412088158732582
2022-10-18 08:57:35.757000+00:00,0.0,1.2412250849934225,-1.2412250849934225,1.2412250849934225
2022-10-18 08:57:37.675000+00:00,0.0,1.2412419886621524,-1.2412419886621524,1.2412419886621524
2022-10-18 08:57:39.469000+00:00,0.0,1.2412577994972418,-1.2412577994972418,1.2412577994972418
2022-10-18 08:57:41.394000+00:00,0.0,1.241274764858193,-1.241274764858193,1.241274764858193
2022-10-18 08:57:43.254000+00:00,0.0,1.241291157362801,-1.241291157362801,1.241291157362801
2022-10-18 08:57:45.112000+00:00,0.0,1.2413075322410596,-1.2413075322410596,1.2413075322410596
2022-10-18 08:57:46.955000+00:00,0.0,1.2413237749217,-1.2413237749217,1.2413237749217
2022-10-18 08:57:48.822000+00:00,0.0,1.2413402291185296,-1.2413402291185296,1.2413402291185296
2022-10-18 08:57:50.742000+00:00,0.0,1.2413571504136085,-1.2413571504136085,1.2413571504136085
2022-10-18 08:57:52.647000+00:00,0.0,1.2413739395110694,-1.2413739395110694,1.2413739395110694
2022-10-18 08:57:54.520000+00:00,0.0,1.241390446586946,-1.241390446586946,1.241390446586946
2022-10-18 08:57:56.363000+00:00,0.0,1.2414066892675866,-1.2414066892675866,1.2414066892675866
2022-10-18 08:57:58.269000+00:00,0.0,1.2414234871782224,-1.2414234871782224,1.2414234871782224
2022-10-18 08:58:00.081000+00:00,0.0,1.2414394566504532,-1.2414394566504532,1.2414394566504532
2022-10-18 08:58:02.002000+00:00,0.0,1.2414563867587065,-1.2414563867587065,1.2414563867587065
2022-10-18 08:58:03.862000+00:00,0.0,1.2414727792633142,-1.2414727792633142,1.2414727792633142
2022-10-18 08:58:05.757000+00:00,0.0,1.24148948022903,-1.24148948022903,1.24148948022903
2022-10-18 08:58:07.628000+00:00,0.0,1.2415059696785573,-1.2415059696785573,1.2415059696785573
2022-10-18 08:58:09.488000+00:00,0.0,1.241522362183165,-1.241522362183165,1.241522362183165
2022-10-18 08:58:11.331000+00:00,0.0,1.241538604863806,-1.241538604863806,1.241538604863806
2022-10-18 08:58:13.191000+00:00,0.0,1.2415549973684135,-1.2415549973684135,1.2415549973684135
2022-10-18 08:58:15.066000+00:00,0.0,1.241571522070639,-1.241571522070639,1.241571522070639
2022-10-18 08:58:16.917000+00:00,0.0,1.2415878352566758,-1.2415878352566758,1.2415878352566758
2022-10-18 08:58:18.831000+00:00,0.0,1.2416047036727078,-1.2416047036727078,1.2416047036727078
2022-10-18 08:58:20.674000+00:00,0.0,1.2416209463533483,-1.2416209463533483,1.2416209463533483
2022-10-18 08:58:22.566000+00:00,0.0,1.241637620879541,-1.241637620879541,1.241637620879541
2022-10-18 08:58:24.425000+00:00,0.0,1.2416540045709739,-1.2416540045709739,1.2416540045709739
2022-10-18 08:58:26.269000+00:00,0.0,1.2416702560647892,-1.2416702560647892,1.2416702560647892
2022-10-18 08:58:28.143000+00:00,0.0,1.24168677195384,-1.24168677195384,1.24168677195384
2022-10-18 08:58:30.003000+00:00,0.0,1.241703164458448,-1.241703164458448,1.241703164458448
2022-10-18 08:58:35.394000+00:00,0.0,1.2417506762822865,-1.2417506762822865,1.2417506762822865
2022-10-18 08:58:37.253000+00:00,0.0,1.2417670599737196,-1.2417670599737196,1.2417670599737196
2022-10-18 08:58:39.112000+00:00,0.0,1.241783443665153,-1.241783443665153,1.241783443665153
2022-10-18 08:58:41.018000+00:00,0.0,1.2418002415757883,-1.2418002415757883,1.2418002415757883
2022-10-18 08:58:42.877000+00:00,0.0,1.2418166252672216,-1.2418166252672216,1.2418166252672216
2022-10-18 08:58:44.784000+00:00,0.0,1.2418334319910316,-1.2418334319910316,1.2418334319910316
2022-10-18 08:58:46.705000+00:00,0.0,1.2418503620992851,-1.2418503620992851,1.2418503620992851
2022-10-18 08:58:48.550000+00:00,0.0,1.2418666224062749,-1.2418666224062749,1.2418666224062749
2022-10-18 08:58:50.409000+00:00,0.0,1.2418830060977082,-1.2418830060977082,1.2418830060977082
2022-10-18 08:58:52.232000+00:00,0.0,1.2418990725148584,-1.2418990725148584,1.2418990725148584
2022-10-18 08:58:54.082000+00:00,0.0,1.2419153768877211,-1.2419153768877211,1.2419153768877211
2022-10-18 08:58:55.935000+00:00,0.0,1.2419317077001069,-1.2419317077001069,1.2419317077001069
2022-10-18 08:58:57.769000+00:00,0.0,1.2419478710621772,-1.2419478710621772,1.2419478710621772
2022-10-18 08:58:59.675000+00:00,0.0,1.2419646689728125,-1.2419646689728125,1.2419646689728125
2022-10-18 08:59:01.535000+00:00,0.0,1.2419810614774205,-1.2419810614774205,1.2419810614774205
2022-10-18 08:59:03.408000+00:00,0.0,1.241997568553297,-1.241997568553297,1.241997568553297
2022-10-18 08:59:05.302000+00:00,0.0,1.2420142607058382,-1.2420142607058382,1.2420142607058382
2022-10-18 08:59:07.352000+00:00,0.99024,1.2420323277136047,-0.2517923277136047,0.2517923277136047
2022-10-18 08:59:09.330000+00:00,0.91206,1.2420497601728058,-0.3299897601728058,0.3299897601728058
2022-10-18 08:59:11.246000+00:00,0.49512,1.2420666462151864,-0.7469466462151864,0.7469466462151864
2022-10-18 08:59:13.173000+00:00,0.23453,1.242083629202487,-1.0075536292024871,1.0075536292024871
2022-10-18 08:59:15.141000+00:00,0.33876,1.2421009735299429,-0.9033409735299429,0.9033409735299429
2022-10-18 08:59:17.032000+00:00,0.33876,1.2421176392429607,-0.9033576392429608,0.9033576392429608
2022-10-18 08:59:18.865000+00:00,5.05541,1.2421337937918562,3.813276206208144,3.813276206208144
2022-10-18 08:59:20.833000+00:00,0.18241,1.242151138119312,-1.059741138119312,1.059741138119312
2022-10-18 08:59:22.772000+00:00,2.05865,1.2421682268647067,0.8164817731352934,0.8164817731352934
2022-10-18 08:59:24.740000+00:00,0.23453,1.2421855711921626,-1.0076555711921626,1.0076555711921626
2022-10-18 08:59:26.689000+00:00,0.20847,1.2422027480693028,-1.0337327480693028,1.0337327480693028
2022-10-18 08:59:28.547000+00:00,3.49188,1.2422191229475614,2.2496608770524387,2.2496608770524387
2022-10-18 08:59:30.506000+00:00,2.31924,1.2422363879564464,1.0770036120435538,1.0770036120435538
2022-10-18 08:59:32.516000+00:00,2.81435,1.242254102437232,1.5720958975627681,1.5720958975627681
2022-10-18 08:59:34.423000+00:00,0.20847,1.2422709091610424,-1.0338009091610425,1.0338009091610425
2022-10-18 08:59:39.814000+00:00,0.0,1.2423184209848808,-1.2423184209848808,1.2423184209848808
2022-10-18 08:59:41.689000+00:00,0.0,1.2423349456871065,-1.2423349456871065,1.2423349456871065
2022-10-18 08:59:43.564000+00:00,0.0,1.2423514703893317,-1.2423514703893317,1.2423514703893317
2022-10-18 08:59:45.517000+00:00,0.0,1.24236868251917,-1.24236868251917,1.24236868251917
2022-10-18 08:59:47.392000+00:00,0.0,1.2423852072213952,-1.2423852072213952,1.2423852072213952
2022-10-18 08:59:49.282000+00:00,0.0,1.2424018641212387,-1.2424018641212387,1.2424018641212387
2022-10-18 08:59:51.208000+00:00,0.0,1.2424188382953645,-1.2424188382953645,1.2424188382953645
2022-10-18 08:59:53.094000+00:00,0.0,1.2424354599425098,-1.2424354599425098,1.2424354599425098
2022-10-18 08:59:55.016000+00:00,0.0,1.2424523988639375,-1.2424523988639375,1.2424523988639375
2022-10-18 08:59:56.845000+00:00,0.0,1.2424685181601351,-1.2424685181601351,1.2424685181601351
2022-10-18 08:59:58.672000+00:00,0.0,1.2424846198299837,-1.2424846198299837,1.2424846198299837
2022-10-18 09:00:00.547000+00:00,0.0,1.2425011445322092,-1.2425011445322092,1.2425011445322092
2022-10-18 09:00:02.462000+00:00,0.0,1.2425180217614153,-1.2425180217614153,1.2425180217614153
2022-10-18 09:00:04.281000+00:00,0.0,1.2425340529258677,-1.2425340529258677,1.2425340529258677
2022-10-18 09:00:06.142000+00:00,0.0,1.2425504542436498,-1.2425504542436498,1.2425504542436498
2022-10-18 09:00:08.071000+00:00,0.0,1.2425674548572996,-1.2425674548572996,1.2425674548572996
2022-10-18 09:00:10.094000+00:00,0.15635,1.2425852839093539,-1.0862352839093539,1.0862352839093539
2022-10-18 09:00:12.027000+00:00,2.24106,1.2426023197757017,0.9984576802242984,0.9984576802242984
2022-10-18 09:00:14.003000+00:00,0.72965,1.2426197346085535,-0.5129697346085534,0.5129697346085534
2022-10-18 09:00:15.925000+00:00,0.02606,1.2426366735299816,-1.2165766735299817,1.2165766735299817
2022-10-18 09:00:17.846000+00:00,0.10424,1.242653603638235,-1.1384136036382349,1.1384136036382349
2022-10-18 09:00:19.722000+00:00,3.25735,1.242670137153635,2.014679862846365,2.014679862846365
2022-10-18 09:00:21.626000+00:00,2.60588,1.2426869174379216,1.3631930825620784,1.3631930825620784
2022-10-18 09:00:23.475000+00:00,0.26059,1.2427032129976094,-0.9821132129976095,0.9821132129976095
2022-10-18 09:00:25.392000+00:00,0.72965,1.242720107853165,-0.5130701078531649,0.5130701078531649
2022-10-18 09:00:27.330000+00:00,0.28665,1.242737187785385,-0.9560871877853849,0.9560871877853849
2022-10-18 09:00:29.190000+00:00,1.04235,1.2427535802899925,-0.2004035802899924,0.2004035802899924
2022-10-18 09:00:31.165000+00:00,4.89906,1.24277098630967,3.6562890136903303,3.6562890136903303
2022-10-18 09:00:32.992000+00:00,0.15635,1.2427870879795186,-1.0864370879795187,1.0864370879795187
2022-10-18 09:00:34.839000+00:00,3.59612,1.2428033659128577,2.3533166340871423,2.3533166340871423
2022-10-18 09:00:36.706000+00:00,0.13029,1.2428198201096867,-1.1125298201096867,1.1125298201096867
2022-10-18 09:00:38.628000+00:00,0.20847,1.2428367590311147,-1.0343667590311147,1.0343667590311147
2022-10-18 09:00:44.362000+00:00,0.0,1.2428872937738138,-1.2428872937738138,1.2428872937738138
2022-10-18 09:00:46.236000+00:00,0.0,1.2429038096628648,-1.2429038096628648,1.2429038096628648
2022-10-18 09:00:48.175000+00:00,0.0,1.2429208984082596,-1.2429208984082596,1.2429208984082596
2022-10-18 09:00:50.050000+00:00,0.0,1.2429374231104848,-1.2429374231104848,1.2429374231104848
2022-10-18 09:00:51.862000+00:00,0.0,1.2429533925827156,-1.2429533925827156,1.2429533925827156
2022-10-18 09:00:53.682000+00:00,0.0,1.2429694325603426,-1.2429694325603426,1.2429694325603426
2022-10-18 09:00:55.565000+00:00,0.0,1.242986027767964,-1.242986027767964,1.242986027767964
2022-10-18 09:00:57.465000+00:00,0.0,1.2430027727995525,-1.2430027727995525,1.2430027727995525
2022-10-18 09:00:59.361000+00:00,0.33876,1.2430194825784429,-0.9042594825784429,0.9042594825784429
2022-10-18 09:01:01.316000+00:00,11.59618,1.24303671233463,10.35314328766537,10.35314328766537
2022-10-18 09:01:03.260000+00:00,0.0,1.2430538451458975,-1.2430538451458975,1.2430538451458975
2022-10-18 09:01:05.191000+00:00,0.39088,1.243070863385896,-0.852190863385896,0.852190863385896
2022-10-18 09:01:07.177000+00:00,4.66453,1.2430883663504932,3.421441633649507,3.421441633649507
2022-10-18 09:01:09.159000+00:00,4.71665,1.2431058340623924,3.473544165937607,3.473544165937607
2022-10-18 09:01:11.065000+00:00,4.40394,1.243122631973028,3.160817368026972,3.160817368026972
2022-10-18 09:01:13.033000+00:00,2.37135,1.2431399763004838,1.1282100236995163,1.1282100236995163
2022-10-18 09:01:14.940000+00:00,0.18241,1.2431567830242938,-1.0607467830242938,1.0607467830242938
2022-10-18 09:01:16.831000+00:00,0.36482,1.2431734487373118,-0.8783534487373119,0.8783534487373119
2022-10-18 09:01:18.721000+00:00,5.78506,1.243190105637155,4.541869894362844,4.541869894362844
2022-10-18 09:01:20.580000+00:00,0.49512,1.2432064893285881,-0.7480864893285881,0.7480864893285881
2022-10-18 09:01:22.457000+00:00,1.64171,1.2432230316571626,0.39848696834283737,0.39848696834283737
2022-10-18 09:01:24.396000+00:00,3.25735,1.2432401204025574,2.014109879597443,2.014109879597443
2022-10-18 09:01:26.377000+00:00,0.02606,1.2432575793012821,-1.2171975793012821,1.2171975793012821
2022-10-18 09:01:28.315000+00:00,1.22477,1.2432746592335022,-0.018504659233502307,0.018504659233502307
2022-10-18 09:01:30.267000+00:00,0.07818,1.2432918625501657,-1.1651118625501657,1.1651118625501657
2022-10-18 09:01:32.143000+00:00,0.0,1.2433083960655658,-1.2433083960655658,1.2433083960655658
2022-10-18 09:01:34.066000+00:00,0.0,1.2433253438001683,-1.2433253438001683,1.2433253438001683
2022-10-18 09:01:35.930000+00:00,0.0,1.243341771557474,-1.243341771557474,1.243341771557474
2022-10-18 09:01:37.736000+00:00,0.0,1.2433576881506574,-1.2433576881506574,1.2433576881506574
2022-10-18 09:01:39.604000+00:00,0.0,1.2433741511606615,-1.2433741511606615,1.2433741511606615
2022-10-18 09:01:41.436000+00:00,0.0,1.2433902968963824,-1.2433902968963824,1.2433902968963824
2022-10-18 09:01:43.346000+00:00,0.0,1.2434071300597163,-1.2434071300597163,1.2434071300597163
2022-10-18 09:01:48.690000+00:00,0.0,1.2434542276643523,-1.2434542276643523,1.2434542276643523
2022-10-18 09:01:50.698000+00:00,0.49512,1.243471924518789,-0.7483519245187891,0.7483519245187891
2022-10-18 09:01:52.658000+00:00,2.31924,1.2434891983408487,1.0757508016591515,1.0757508016591515
2022-10-18 09:01:54.518000+00:00,0.28665,1.2435055908454562,-0.9568555908454561,0.9568555908454561
2022-10-18 09:01:56.503000+00:00,0.18241,1.243523084996879,-1.061113084996879,1.061113084996879
2022-10-18 09:01:58.441000+00:00,0.07818,1.2435401649290991,-1.1653601649290992,1.1653601649290992
2022-10-18 09:02:00.237000+00:00,0.67753,1.2435559933905376,-0.5660259933905376,0.5660259933905376
2022-10-18 09:02:02.210000+00:00,0.49512,1.2435733817838661,-0.7484533817838661,0.7484533817838661
2022-10-18 09:02:04.127000+00:00,0.10424,1.2435902766394213,-1.1393502766394215,1.1393502766394215
2022-10-18 09:02:06.002000+00:00,0.52118,1.243606801341647,-0.722426801341647,0.722426801341647
2022-10-18 09:02:07.872000+00:00,0.07818,1.2436232819779995,-1.1654432819779996,1.1654432819779996
2022-10-18 09:02:09.749000+00:00,1.82412,1.2436398243065743,0.5804801756934257,0.5804801756934257
2022-10-18 09:02:11.768000+00:00,0.26059,1.2436576181059307,-0.9830676181059307,0.9830676181059307
2022-10-18 09:02:13.675000+00:00,0.72965,1.2436744248297407,-0.5140244248297406,0.5140244248297406
2022-10-18 09:02:15.604000+00:00,1.40718,1.2436914254433904,0.1634885745566097,0.1634885745566097
2022-10-18 09:02:17.480000+00:00,1.14659,1.2437079589587903,-0.09711795895879027,0.09711795895879027
2022-10-18 09:02:19.378000+00:00,0.20847,1.2437246863640294,-1.0352546863640295,1.0352546863640295
2022-10-18 09:02:21.252000+00:00,0.20847,1.2437412022530805,-1.0352712022530806,1.0352712022530806
2022-10-18 09:02:23.175000+00:00,0.0,1.243758149987683,-1.243758149987683,1.243758149987683
2022-10-18 09:02:25.111000+00:00,0.0,1.2437752122935541,-1.2437752122935541,1.2437752122935541
2022-10-18 09:02:27.034000+00:00,0.0,1.2437921600281565,-1.2437921600281565,1.2437921600281565
2022-10-18 09:02:28.957000+00:00,0.0,1.2438091077627593,-1.2438091077627593,1.2438091077627593
2022-10-18 09:02:30.881000+00:00,0.0,1.243826064310536,-1.243826064310536,1.243826064310536
2022-10-18 09:02:32.816000+00:00,0.0,1.2438431178032328,-1.2438431178032328,1.2438431178032328
2022-10-18 09:02:34.627000+00:00,0.0,1.243859078462289,-1.243859078462289,1.243859078462289
2022-10-18 09:02:36.502000+00:00,0.0,1.2438756031645144,-1.2438756031645144,1.2438756031645144
2022-10-18 09:02:38.362000+00:00,0.0,1.2438919956691221,-1.2438919956691221,1.2438919956691221
2022-10-18 09:02:40.221000+00:00,0.0,1.2439083793605552,-1.2439083793605552,1.2439083793605552
2022-10-18 09:02:42.268000+00:00,0.80782,1.243926419928798,-0.43610641992879806,0.43610641992879806
2022-10-18 09:02:44.167000+00:00,5.57659,1.243943156147212,4.332646843852788,4.332646843852788
2022-10-18 09:02:46.034000+00:00,0.33876,1.2439596103440413,-0.9051996103440414,0.9051996103440414
2022-10-18 09:02:47.901000+00:00,0.49512,1.2439760645408706,-0.7488560645408706,0.7488560645408706
2022-10-18 09:02:53.304000+00:00,0.05212,1.2440236821228035,-1.1919036821228035,1.1919036821228035
2022-10-18 09:02:55.193000+00:00,0.52118,1.2440403302094722,-0.7228603302094723,0.7228603302094723
2022-10-18 09:02:57.143000+00:00,0.46906,1.2440575158997866,-0.7749975158997866,0.7749975158997866
2022-10-18 09:02:59.113000+00:00,0.13029,1.2440748778535915,-1.1137848778535915,1.1137848778535915
2022-10-18 09:03:00.967000+00:00,2.84041,1.244091217479152,1.5963187825208478,1.5963187825208478
2022-10-18 09:03:02.904000+00:00,0.39088,1.244108288598198,-0.853228288598198,0.853228288598198
2022-10-18 09:03:04.832000+00:00,0.91206,1.244125280398673,-0.3320652803986731,0.3320652803986731
2022-10-18 09:03:06.740000+00:00,1.17265,1.2441420959356577,-0.07149209593565775,0.07149209593565775
2022-10-18 09:03:08.666000+00:00,1.38112,1.2441590701097835,0.13696092989021635,0.13696092989021635
2022-10-18 09:03:10.552000+00:00,6.22806,1.2441756917569289,4.983884308243072,4.983884308243072
2022-10-18 09:03:12.490000+00:00,0.23453,1.244192771689149,-1.009662771689149,1.009662771689149
2022-10-18 09:03:14.415000+00:00,0.0,1.2442097370501006,-1.2442097370501006,1.2442097370501006
2022-10-18 09:03:16.296000+00:00,0.0,1.2442263146313732,-1.2442263146313732,1.2442263146313732
2022-10-18 09:03:18.158000+00:00,0.0,1.24424272476233,-1.24424272476233,1.24424272476233
2022-10-18 09:03:20.032000+00:00,0.0,1.2442592406513808,-1.2442592406513808,1.2442592406513808
2022-10-18 09:03:21.955000+00:00,0.0,1.2442761883859832,-1.2442761883859832,1.2442761883859832
2022-10-18 09:03:23.842000+00:00,0.0,1.244292818846303,-1.244292818846303,1.244292818846303
2022-10-18 09:03:25.656000+00:00,0.0,1.2443088059448826,-1.2443088059448826,1.2443088059448826
2022-10-18 09:03:27.514000+00:00,0.0,1.2443251808231413,-1.2443251808231413,1.2443251808231413
2022-10-18 09:03:29.431000+00:00,0.0,1.2443420756786965,-1.2443420756786965,1.2443420756786965
2022-10-18 09:03:31.295000+00:00,0.0,1.2443585034360023,-1.2443585034360023,1.2443585034360023
2022-10-18 09:03:33.202000+00:00,0.0,1.2443753101598123,-1.2443753101598123,1.2443753101598123
2022-10-18 09:03:35.173000+00:00,0.0,1.2443926809267918,-1.2443926809267918,1.2443926809267918
2022-10-18 09:03:37.112000+00:00,1.74594,1.2444097696721865,0.5015302303278135,0.5015302303278135
2022-10-18 09:03:39.020000+00:00,1.12053,1.2444265852091712,-0.12389658520917113,0.12389658520917113
2022-10-18 09:03:40.897000+00:00,5.81112,1.2444431275377457,4.566676872462255,4.566676872462255
2022-10-18 09:03:42.763000+00:00,0.07818,1.2444595729214005,-1.1662795729214006,1.1662795729214006
2022-10-18 09:03:44.691000+00:00,3.59612,1.2444765647218756,2.3516434352781244,2.3516434352781244
2022-10-18 09:03:46.671000+00:00,3.04888,1.2444940148074255,1.8043859851925745,1.8043859851925745
2022-10-18 09:03:48.691000+00:00,0.52118,1.2445118174199565,-0.7233318174199566,0.7233318174199566
2022-10-18 09:03:50.567000+00:00,5.23782,1.2445283509353566,3.9932916490646435,3.9932916490646435
2022-10-18 09:03:52.465000+00:00,0.39088,1.2445450783405958,-0.8536650783405958,0.8536650783405958
2022-10-18 09:03:58.243000+00:00,2.94465,1.244596000862974,1.7000539991370263,1.7000539991370263
2022-10-18 09:04:00.191000+00:00,5.47235,1.2446131689269393,4.22773683107306,4.22773683107306
2022-10-18 09:04:02.097000+00:00,1.329,1.244629966837575,0.08437003316242486,0.08437003316242486
2022-10-18 09:04:03.984000+00:00,1.87624,1.2446465972978946,0.6315934027021053,0.6315934027021053
2022-10-18 09:04:05.923000+00:00,6.7753,1.2446636860432894,5.530636313956711,5.530636313956711
2022-10-18 09:04:07.859000+00:00,0.26059,1.2446807483491606,-0.9840907483491607,0.9840907483491607
2022-10-18 09:04:09.780000+00:00,0.0,1.244697678457414,-1.244697678457414,1.244697678457414
2022-10-18 09:04:11.615000+00:00,0.0,1.2447138506326587,-1.2447138506326587,1.2447138506326587
2022-10-18 09:04:13.549000+00:00,0.0,1.244730895312181,-1.244730895312181,1.244730895312181
2022-10-18 09:04:15.408000+00:00,0.0,1.244747279003614,-1.244747279003614,1.244747279003614
2022-10-18 09:04:17.299000+00:00,0.0,1.2447639447166319,-1.2447639447166319,1.2447639447166319
2022-10-18 09:04:19.148000+00:00,0.0,1.2447802402763197,-1.2447802402763197,1.2447802402763197
2022-10-18 09:04:21.066000+00:00,0.0,1.2447971439450496,-1.2447971439450496,1.2447971439450496
2022-10-18 09:04:22.903000+00:00,0.0,1.2448133337466434,-1.2448133337466434,1.2448133337466434
2022-10-18 09:04:24.690000+00:00,0.0,1.244829082889511,-1.244829082889511,1.244829082889511
2022-10-18 09:04:26.611000+00:00,0.0,1.2448460129977643,-1.2448460129977643,1.2448460129977643
2022-10-18 09:04:28.474000+00:00,4.53424,1.2448624319418955,3.289377568058104,3.289377568058104
2022-10-18 09:04:30.472000+00:00,0.70359,1.244880040664587,-0.541290040664587,0.541290040664587
2022-10-18 09:04:32.349000+00:00,14.14995,1.2448965829931615,12.905053417006839,12.905053417006839
2022-10-18 09:04:34.288000+00:00,0.0,1.2449136717385563,-1.2449136717385563,1.2449136717385563
2022-10-18 09:04:36.237000+00:00,3.62218,1.2449308486156963,2.377249151384304,2.377249151384304
2022-10-18 09:04:38.200000+00:00,2.68406,1.2449481488772793,1.4391118511227208,1.4391118511227208
2022-10-18 09:04:40.137000+00:00,1.22477,1.2449652199963253,-0.020195219996325342,0.020195219996325342
2022-10-18 09:04:42.087000+00:00,5.36812,1.2449824056866396,4.123137594313361,4.123137594313361
2022-10-18 09:04:44.018000+00:00,0.54724,1.2449994239266382,-0.6977594239266383,0.6977594239266383
2022-10-18 09:04:45.913000+00:00,4.16941,1.2450161248923541,2.924393875107646,2.924393875107646
2022-10-18 09:04:47.871000+00:00,0.91206,1.2450333810880647,-0.33297338108806473,0.33297338108806473
2022-10-18 09:04:49.799000+00:00,2.73618,1.2450503728885398,1.4911296271114602,1.4911296271114602
2022-10-18 09:04:51.697000+00:00,4.16941,1.2450671002937792,2.924342899706221,2.924342899706221
2022-10-18 09:04:53.659000+00:00,2.16288,1.2450843917421879,0.917795608257812,0.917795608257812
2022-10-18 09:04:55.602000+00:00,1.58959,1.2451015157402807,0.34448848425971934,0.34448848425971934
2022-10-18 09:04:57.596000+00:00,2.11077,1.2451190892102741,0.8656509107897259,0.8656509107897259
2022-10-18 09:05:03.064000+00:00,0.0,1.245167279648551,-1.245167279648551,1.245167279648551
2022-10-18 09:05:04.940000+00:00,0.0,1.2451838131639508,-1.2451838131639508,1.2451838131639508
2022-10-18 09:05:06.830000+00:00,0.0,1.2452004700637942,-1.2452004700637942,1.2452004700637942
2022-10-18 09:05:08.753000+00:00,0.0,1.2452174177983966,-1.2452174177983966,1.2452174177983966
2022-10-18 09:05:10.612000+00:00,0.0,1.2452338014898299,-1.2452338014898299,1.2452338014898299
2022-10-18 09:05:12.418000+00:00,0.0,1.2452497180830133,-1.2452497180830133,1.2452497180830133
2022-10-18 09:05:14.318000+00:00,0.0,1.2452664631146018,-1.2452664631146018,1.2452664631146018
2022-10-18 09:05:16.224000+00:00,0.0,1.2452832610252373,-1.2452832610252373,1.2452832610252373
2022-10-18 09:05:18.107000+00:00,0.46906,1.245299856232859,-0.776239856232859,0.776239856232859
2022-10-18 09:05:20.015000+00:00,4.19547,1.2453166717698436,2.9501533282301566,2.9501533282301566
2022-10-18 09:05:22.024000+00:00,3.25735,1.2453343774374548,2.0120156225625454,2.0120156225625454
2022-10-18 09:05:23.911000+00:00,0.59935,1.2453510078977745,-0.6460010078977745,0.6460010078977745
2022-10-18 09:05:25.886000+00:00,1.90229,1.245368413917452,0.6569215860825481,0.6569215860825481
2022-10-18 09:05:27.802000+00:00,5.21177,1.2453852999598327,3.966384700040167,3.966384700040167
2022-10-18 09:05:29.678000+00:00,2.78829,1.2454018334752326,1.5428881665247673,1.5428881665247673
2022-10-18 09:05:31.663000+00:00,1.79806,1.2454193276266554,0.5526406723733446,0.5526406723733446
2022-10-18 09:05:33.440000+00:00,0.26059,1.2454349886377778,-0.9848449886377778,0.9848449886377778
2022-10-18 09:05:35.276000+00:00,0.33876,1.2454511696261972,-0.9066911696261972,0.9066911696261972
2022-10-18 09:05:37.163000+00:00,0.65147,1.2454678000865167,-0.5939978000865167,0.5939978000865167
2022-10-18 09:05:39.099000+00:00,0.57329,1.245484862392388,-0.672194862392388,0.672194862392388
2022-10-18 09:05:41.028000+00:00,1.69382,1.2455018630060377,0.4483181369939624,0.4483181369939624
2022-10-18 09:05:42.966000+00:00,2.37135,1.2455189429382578,1.1258310570617422,1.1258310570617422
2022-10-18 09:05:44.819000+00:00,0.15635,1.2455352737506438,-1.0891852737506438,1.0891852737506438
2022-10-18 09:05:46.712000+00:00,2.34529,1.2455519570900107,1.0997380429099892,1.0997380429099892
2022-10-18 09:05:48.590000+00:00,3.12706,1.2455685082317596,1.8814914917682406,1.8814914917682406
2022-10-18 09:05:50.537000+00:00,0.20847,1.2455856674825505,-1.0371156674825506,1.0371156674825506
2022-10-18 09:05:52.396000+00:00,0.0,1.2456020511739838,-1.2456020511739838,1.2456020511739838
2022-10-18 09:05:54.303000+00:00,0.0,1.2456188578977938,-1.2456188578977938,1.2456188578977938
2022-10-18 09:05:56.225000+00:00,0.0,1.2456357968192218,-1.2456357968192218,1.2456357968192218
2022-10-18 09:05:58.163000+00:00,0.0,1.2456528767514419,-1.2456528767514419,1.2456528767514419
2022-10-18 09:05:59.975000+00:00,0.0,1.2456688462236727,-1.2456688462236727,1.2456688462236727
2022-10-18 09:06:01.885000+00:00,0.0,1.2456856793870066,-1.2456856793870066,1.2456856793870066
2022-10-18 09:06:07.498000+00:00,0.0,1.2457351477355885,-1.2457351477355885,1.2457351477355885
2022-10-18 09:06:09.407000+00:00,0.0,1.2457519720857477,-1.2457519720857477,1.2457519720857477
2022-10-18 09:06:11.271000+00:00,0.0,1.2457683998430533,-1.2457683998430533,1.2457683998430533
2022-10-18 09:06:13.147000+00:00,0.0,1.2457849333584532,-1.2457849333584532,1.2457849333584532
2022-10-18 09:06:15.065000+00:00,0.0,1.2458018370271833,-1.2458018370271833,1.2458018370271833
2022-10-18 09:06:16.926000+00:00,0.0,1.2458182383449654,-1.2458182383449654,1.2458182383449654
2022-10-18 09:06:18.926000+00:00,0.36482,1.245835864694006,-0.8810158646940061,0.8810158646940061
2022-10-18 09:06:20.792000+00:00,8.57336,1.2458523100776606,7.327507689922339,7.327507689922339
2022-10-18 09:06:22.706000+00:00,0.02606,1.2458691784936926,-1.2198091784936926,1.2198091784936926
2022-10-18 09:06:24.668000+00:00,0.39088,1.2458864699421013,-0.8550064699421013,0.8550064699421013
2022-10-18 09:06:26.629000+00:00,2.68406,1.2459037525773353,1.4381562474226648,1.4381562474226648
2022-10-18 09:06:28.551000+00:00,14.82747,1.2459206914987633,13.581549308501236,13.581549308501236
2022-10-18 09:06:30.524000+00:00,1.74594,1.2459380798920918,0.5000019201079082,0.5000019201079082
2022-10-18 09:06:32.488000+00:00,0.52118,1.2459553889668493,-0.7247753889668493,0.7247753889668493
2022-10-18 09:06:34.419000+00:00,0.13029,1.2459724072068483,-1.1156824072068483,1.1156824072068483
2022-10-18 09:06:36.285000+00:00,0.33876,1.2459888525905027,-0.9072288525905028,0.9072288525905028
2022-10-18 09:06:38.304000+00:00,6.09777,1.2460066463898594,4.85176335361014,4.85176335361014
2022-10-18 09:06:40.222000+00:00,0.26059,1.246023550058589,-0.985433550058589,0.985433550058589
2022-10-18 09:06:42.112000+00:00,0.20847,1.2460402069584324,-1.0375702069584325,1.0375702069584325
2022-10-18 09:06:44.096000+00:00,1.22477,1.2460576922966804,-0.021287692296680483,0.021287692296680483
2022-10-18 09:06:46.018000+00:00,1.19871,1.2460746312181084,-0.04736463121810841,0.04736463121810841
2022-10-18 09:06:47.831000+00:00,4.50818,1.2460906095035136,3.2620893904964867,3.2620893904964867
2022-10-18 09:06:49.816000+00:00,0.52118,1.2461081036549364,-0.7249281036549364,0.7249281036549364
2022-10-18 09:06:51.739000+00:00,0.0,1.2461250513895388,-1.2461250513895388,1.2461250513895388
2022-10-18 09:06:53.627000+00:00,0.0,1.2461416906630332,-1.2461416906630332,1.2461416906630332
2022-10-18 09:06:55.493000+00:00,0.0,1.2461581360466878,-1.2461581360466878,1.2461581360466878
2022-10-18 09:06:57.363000+00:00,0.0,1.2461746166830405,-1.2461746166830405,1.2461746166830405
2022-10-18 09:06:59.284000+00:00,0.0,1.246191546791294,-1.246191546791294,1.246191546791294
2022-10-18 09:07:01.159000+00:00,0.0,1.2462080714935195,-1.2462080714935195,1.2462080714935195
2022-10-18 09:07:03.034000+00:00,0.0,1.246224596195745,-1.246224596195745,1.246224596195745
2022-10-18 09:07:04.909000+00:00,0.0,1.2462411208979705,-1.2462411208979705,1.2462411208979705
2022-10-18 09:07:06.768000+00:00,0.0,1.2462575045894035,-1.2462575045894035,1.2462575045894035
2022-10-18 09:07:12.347000+00:00,0.99024,1.246306673290052,-0.25606667329005206,0.25606667329005206
2022-10-18 09:07:14.313000+00:00,0.65147,1.246323999991159,-0.5948539999911591,0.5948539999911591
2022-10-18 09:07:16.187000+00:00,0.15635,1.2463405158802097,-1.0899905158802097,1.0899905158802097
2022-10-18 09:07:18.110000+00:00,0.26059,1.2463574636148123,-0.9857674636148123,0.9857674636148123
2022-10-18 09:07:20.047000+00:00,3.88277,1.246374534733858,2.636395465266142,2.636395465266142
2022-10-18 09:07:22.015000+00:00,2.55377,1.2463918790613138,1.3073781209386863,1.3073781209386863
2022-10-18 09:07:23.917000+00:00,0.886,1.2464086417192513,-0.36040864171925124,0.36040864171925124
2022-10-18 09:07:25.884000+00:00,0.41694,1.2464259772335327,-0.8294859772335327,0.8294859772335327
2022-10-18 09:07:27.832000+00:00,0.13029,1.2464431452974982,-1.1161531452974982,1.1161531452974982
2022-10-18 09:07:29.800000+00:00,2.68406,1.2464604896249538,1.4375995103750463,1.4375995103750463
2022-10-18 09:07:31.733000+00:00,2.215,1.2464775254913016,0.9685224745086982,0.9685224745086982
2022-10-18 09:07:33.727000+00:00,2.39741,1.246495098961295,1.1509149010387048,1.1509149010387048
2022-10-18 09:07:35.688000+00:00,1.74594,1.246512381596529,0.49942761840347094,0.49942761840347094
2022-10-18 09:07:37.511000+00:00,0.07818,1.2465284480136796,-1.1683484480136797,1.1683484480136797
2022-10-18 09:07:39.398000+00:00,4.53424,1.246545078473999,3.2876949215260005,3.2876949215260005
2022-10-18 09:07:41.327000+00:00,0.23453,1.2465620790876488,-1.012032079087649,1.012032079087649
2022-10-18 09:07:43.250000+00:00,0.0,1.2465790268222512,-1.2465790268222512,1.2465790268222512
2022-10-18 09:07:45.141000+00:00,0.0,1.246595692535269,-1.246595692535269,1.246595692535269
2022-10-18 09:07:47.015000+00:00,0.0,1.2466122084243199,-1.2466122084243199,1.2466122084243199
2022-10-18 09:07:48.844000+00:00,0.0,1.2466283277205175,-1.2466283277205175,1.2466283277205175
2022-10-18 09:07:50.730000+00:00,0.0,1.2466449493676628,-1.2466449493676628,1.2466449493676628
2022-10-18 09:07:52.578000+00:00,0.0,1.2466612361141762,-1.2466612361141762,1.2466612361141762
2022-10-18 09:07:54.393000+00:00,0.0,1.2466772320259303,-1.2466772320259303,1.2466772320259303
2022-10-18 09:07:56.280000+00:00,0.0,1.24669386248625,-1.24669386248625,1.24669386248625
2022-10-18 09:07:58.094000+00:00,0.0,1.2467098495848297,-1.2467098495848297,1.2467098495848297
2022-10-18 09:08:00.014000+00:00,0.15635,1.2467267708799088,-1.0903767708799088,1.0903767708799088
2022-10-18 09:08:01.911000+00:00,7.68736,1.2467434894719736,6.440616510528026,6.440616510528026
2022-10-18 09:08:03.879000+00:00,0.15635,1.2467608337994296,-1.0904108337994296,1.0904108337994296
2022-10-18 09:08:05.770000+00:00,8.28671,1.2467774995124472,7.039932500487552,7.039932500487552
2022-10-18 09:08:07.718000+00:00,0.41694,1.2467946675764128,-0.8298546675764128,0.8298546675764128
2022-10-18 09:08:09.611000+00:00,1.12053,1.2468113509157797,-0.12628135091577963,0.12628135091577963
2022-10-18 09:08:11.531000+00:00,10.00659,1.2468282722108583,8.75976172778914,8.75976172778914
2022-10-18 09:08:17.143000+00:00,0.57329,1.2468777317462658,-0.6735877317462658,0.6735877317462658
2022-10-18 09:08:18.988000+00:00,0.28665,1.2468939920532558,-0.9602439920532557,0.9602439920532557
2022-10-18 09:08:20.899000+00:00,0.886,1.246910834029764,-0.3609108340297641,0.3609108340297641
2022-10-18 09:08:22.816000+00:00,0.33876,1.2469277288853196,-0.9081677288853196,0.9081677288853196
2022-10-18 09:08:24.708000+00:00,22.82754,1.2469444034115118,21.580595596588488,21.580595596588488
2022-10-18 09:08:26.675000+00:00,0.0,1.246961738925793,-1.246961738925793,1.246961738925793
2022-10-18 09:08:28.612000+00:00,0.886,1.2469788100448387,-0.36097881004483867,0.36097881004483867
2022-10-18 09:08:30.503000+00:00,0.31271,1.2469954757578565,-0.9342854757578565,0.9342854757578565
2022-10-18 09:08:32.410000+00:00,0.0,1.2470122824816667,-1.2470122824816667,1.2470122824816667
2022-10-18 09:08:34.331000+00:00,0.0,1.24702921258992,-1.24702921258992,1.24702921258992
2022-10-18 09:08:36.174000+00:00,0.0,1.2470454552705608,-1.2470454552705608,1.2470454552705608
2022-10-18 09:08:38.096000+00:00,0.0,1.247062394191989,-1.247062394191989,1.247062394191989
2022-10-18 09:08:40.003000+00:00,0.0,1.247079200915799,-1.247079200915799,1.247079200915799
2022-10-18 09:08:41.862000+00:00,0.0,1.247095584607232,-1.247095584607232,1.247095584607232
2022-10-18 09:08:43.768000+00:00,0.0,1.2471123825178676,-1.2471123825178676,1.2471123825178676
2022-10-18 09:08:45.751000+00:00,0.36482,1.2471298590429414,-0.8823098590429415,0.8823098590429415
2022-10-18 09:08:47.674000+00:00,0.0,1.2471468067775437,-1.2471468067775437,1.2471468067775437
2022-10-18 09:08:49.566000+00:00,0.0,1.247163481303736,-1.247163481303736,1.247163481303736
2022-10-18 09:08:51.408000+00:00,0.0,1.2471797151712023,-1.2471797151712023,1.2471797151712023
2022-10-18 09:08:53.284000+00:00,0.0,1.2471962486866022,-1.2471962486866022,1.2471962486866022
2022-10-18 09:08:55.146000+00:00,0.0,1.247212658817559,-1.247212658817559,1.247212658817559
2022-10-18 09:08:56.987000+00:00,0.0,1.2472288838718508,-1.2472288838718508,1.2472288838718508
2022-10-18 09:08:58.800000+00:00,0.0,1.247244862157256,-1.247244862157256,1.247244862157256
2022-10-18 09:09:00.717000+00:00,0.0,1.2472617570128113,-1.2472617570128113,1.2472617570128113
2022-10-18 09:09:02.603000+00:00,0.0,1.2472783786599564,-1.2472783786599564,1.2472783786599564
2022-10-18 09:09:04.461000+00:00,0.0,1.247294753538215,-1.247294753538215,1.247294753538215
2022-10-18 09:09:06.299000+00:00,0.0,1.2473109521529833,-1.2473109521529833,1.2473109521529833
2022-10-18 09:09:08.222000+00:00,0.0,1.2473278998875856,-1.2473278998875856,1.2473278998875856
2022-10-18 09:09:10.121000+00:00,0.0,1.2473446361059997,-1.2473446361059997,1.2473446361059997
2022-10-18 09:09:12.034000+00:00,0.0,1.2473614957088568,-1.2473614957088568,1.2473614957088568
2022-10-18 09:09:13.936000+00:00,0.0,1.2473782583667945,-1.2473782583667945,1.2473782583667945
2022-10-18 09:09:15.747000+00:00,0.0,1.2473942190258507,-1.2473942190258507,1.2473942190258507
2022-10-18 09:09:21.523000+00:00,0.0,1.2474451239218796,-1.2474451239218796,1.2474451239218796
2022-10-18 09:09:23.319000+00:00,0.0,1.2474609523833178,-1.2474609523833178,1.2474609523833178
2022-10-18 09:09:25.225000+00:00,0.0,1.2474777502939536,-1.2474777502939536,1.2474777502939536
2022-10-18 09:09:27.085000+00:00,0.0,1.247494142798561,-1.247494142798561,1.247494142798561
2022-10-18 09:09:28.933000+00:00,0.0,1.2475104295450747,-1.2475104295450747,1.2475104295450747
2022-10-18 09:09:30.808000+00:00,0.0,1.2475269542473,-1.2475269542473,1.2475269542473
2022-10-18 09:09:32.774000+00:00,0.0,1.2475442809484067,-1.2475442809484067,1.2475442809484067
2022-10-18 09:09:34.633000+00:00,0.0,1.24756066463984,-1.24756066463984,1.24756066463984
2022-10-18 09:09:36.610000+00:00,0.31271,1.2475780882858665,-0.9348680882858664,0.9348680882858664
2022-10-18 09:09:38.499000+00:00,7.24435,1.2475947363725353,5.996755263627465,5.996755263627465
2022-10-18 09:09:40.350000+00:00,0.26059,1.2476110495585724,-0.9870210495585724,0.9870210495585724
2022-10-18 09:09:42.223000+00:00,3.30947,1.2476275566344488,2.0618424433655513,2.0618424433655513
2022-10-18 09:09:44.090000+00:00,0.07818,1.2476440108312778,-1.169464010831278,1.169464010831278
2022-10-18 09:09:46.027000+00:00,9.51147,1.2476610819503238,8.263808918049676,8.263808918049676
2022-10-18 09:09:47.925000+00:00,2.84041,1.2476778093555632,1.5927321906444367,1.5927321906444367
2022-10-18 09:09:49.843000+00:00,0.05212,1.247694713024293,-1.195574713024293,1.195574713024293
2022-10-18 09:09:51.711000+00:00,1.74594,1.2477111760342967,0.49822882396570334,0.49822882396570334
2022-10-18 09:09:53.589000+00:00,0.39088,1.2477277271760459,-0.8568477271760458,0.8568477271760458
2022-10-18 09:09:55.398000+00:00,0.59935,1.2477436702087528,-0.6483936702087527,0.6483936702087527
2022-10-18 09:09:57.304000+00:00,0.39088,1.2477604681193886,-0.8568804681193886,0.8568804681193886
2022-10-18 09:09:59.272000+00:00,2.84041,1.2477778124468444,1.5926321875531555,1.5926321875531555
2022-10-18 09:10:01.229000+00:00,2.29318,1.2477950598293805,1.0453849401706194,1.0453849401706194
2022-10-18 09:10:03.155000+00:00,0.72965,1.2478120340035064,-0.5181620340035064,0.5181620340035064
2022-10-18 09:10:05.085000+00:00,0.10424,1.2478290434303307,-1.1435890434303309,1.1435890434303309
2022-10-18 09:10:06.982000+00:00,5.05541,1.2478457620223955,3.807564237977605,3.807564237977605
2022-10-18 09:10:08.881000+00:00,0.23453,1.2478624982408095,-1.0133324982408096,1.0133324982408096
2022-10-18 09:10:10.809000+00:00,0.0,1.2478794900412846,-1.2478794900412846,1.2478794900412846
2022-10-18 09:10:12.632000+00:00,0.0,1.2478955564584349,-1.2478955564584349,1.2478955564584349
2022-10-18 09:10:14.519000+00:00,0.0,1.2479121869187546,-1.2479121869187546,1.2479121869187546
2022-10-18 09:10:16.398000+00:00,0.0,1.2479287468736782,-1.2479287468736782,1.2479287468736782
2022-10-18 09:10:18.252000+00:00,0.0,1.2479450864992387,-1.2479450864992387,1.2479450864992387
2022-10-18 09:10:20.112000+00:00,0.0,1.2479614790038465,-1.2479614790038465,1.2479614790038465
2022-10-18 09:10:26.083000+00:00,0.0,1.2480141024689066,-1.2480141024689066,1.2480141024689066
2022-10-18 09:10:28.034000+00:00,0.886,1.2480312969723957,-0.36203129697239567,0.36203129697239567
2022-10-18 09:10:29.881000+00:00,0.13029,1.2480475749057347,-1.1177575749057347,1.1177575749057347
2022-10-18 09:10:31.783000+00:00,0.72965,1.2480643375636722,-0.5184143375636722,0.5184143375636722
2022-10-18 09:10:33.769000+00:00,7.32253,1.2480818405282692,6.074448159471731,6.074448159471731
2022-10-18 09:10:35.673000+00:00,0.36482,1.248098620812556,-0.883278620812556,0.883278620812556
2022-10-18 09:10:37.612000+00:00,1.40718,1.2481157095579507,0.1590642904420494,0.1590642904420494
2022-10-18 09:10:39.488000+00:00,4.84694,1.2481322430733506,3.5988077569266492,3.5988077569266492
2022-10-18 09:10:41.435000+00:00,0.28665,1.2481494023241415,-0.9614994023241414,0.9614994023241414
2022-10-18 09:10:43.356000+00:00,0.78176,1.2481663324323948,-0.4664063324323948,0.4664063324323948
2022-10-18 09:10:45.325000+00:00,0.36482,1.2481836855730253,-0.8833636855730254,0.8833636855730254
2022-10-18 09:10:47.192000+00:00,0.26059,1.2482001397698546,-0.9876101397698546,0.9876101397698546
2022-10-18 09:10:49.113000+00:00,0.23453,1.248217069878108,-1.0136870698781082,1.0136870698781082
2022-10-18 09:10:51.097000+00:00,0.46906,1.2482345552163563,-0.7791745552163563,0.7791745552163563
2022-10-18 09:10:52.995000+00:00,3.93488,1.2482512826215957,2.6866287173784045,2.6866287173784045
2022-10-18 09:10:54.953000+00:00,0.13029,1.2482685388173063,-1.1179785388173062,1.1179785388173062
2022-10-18 09:10:56.894000+00:00,0.13029,1.24828564518905,-1.11799564518905,1.11799564518905
2022-10-18 09:10:58.790000+00:00,0.28665,1.2483023549679406,-0.9616523549679405,0.9616523549679405
2022-10-18 09:11:00.706000+00:00,0.0,1.2483192410103214,-1.2483192410103214,1.2483192410103214
2022-10-18 09:11:02.565000+00:00,0.0,1.2483356247017543,-1.2483356247017543,1.2483356247017543
2022-10-18 09:11:04.394000+00:00,0.0,1.248351743997952,-1.248351743997952,1.248351743997952
2022-10-18 09:11:06.301000+00:00,0.0,1.2483685507217621,-1.2483685507217621,1.2483685507217621
2022-10-18 09:11:08.239000+00:00,0.0,1.2483856306539822,-1.2483856306539822,1.2483856306539822
2022-10-18 09:11:10.112000+00:00,0.0,1.2484021377298586,-1.2484021377298586,1.2484021377298586
2022-10-18 09:11:11.988000+00:00,0.0,1.2484186712452585,-1.2484186712452585,1.2484186712452585
2022-10-18 09:11:13.815000+00:00,0.0,1.248434772915107,-1.248434772915107,1.248434772915107
2022-10-18 09:11:15.626000+00:00,0.0,1.2484507335741633,-1.2484507335741633,1.2484507335741633
2022-10-18 09:11:17.578000+00:00,0.46906,1.248467936890827,-0.7794079368908269,0.7794079368908269
2022-10-18 09:11:19.596000+00:00,0.39088,1.248485721877009,-0.8576057218770089,0.8576057218770089
2022-10-18 09:11:21.493000+00:00,1.17265,1.2485024404690737,-0.07585244046907369,0.07585244046907369
2022-10-18 09:11:23.370000+00:00,0.443,1.2485189827976482,-0.8055189827976481,0.8055189827976481
2022-10-18 09:11:25.339000+00:00,3.544,1.2485363359382786,2.2954636640617214,2.2954636640617214
2022-10-18 09:11:31.025000+00:00,0.59935,1.2485864476486008,-0.6492364476486008,0.6492364476486008
2022-10-18 09:11:32.985000+00:00,0.49512,1.2486037214706602,-0.7534837214706602,0.7534837214706602
2022-10-18 09:11:34.972000+00:00,0.10424,1.248621233248432,-1.1443812332484322,1.1443812332484322
2022-10-18 09:11:36.940000+00:00,0.31271,1.248638577575888,-0.9359285775758879,0.9359285775758879
2022-10-18 09:11:38.877000+00:00,0.26059,1.2486556486949336,-0.9880656486949336,0.9880656486949336
2022-10-18 09:11:40.770000+00:00,0.54724,1.2486723320343005,-0.7014323320343006,0.7014323320343006
2022-10-18 09:11:42.572000+00:00,0.39088,1.2486882133747859,-0.8578082133747859,0.8578082133747859
2022-10-18 09:11:44.470000+00:00,1.22477,1.2487049407800255,-0.02393494078002556,0.02393494078002556
2022-10-18 09:11:46.468000+00:00,1.82412,1.248722549502717,0.575397450497283,0.575397450497283
2022-10-18 09:11:48.324000+00:00,0.28665,1.2487389067546264,-0.9620889067546263,0.9620889067546263
2022-10-18 09:11:50.203000+00:00,0.0,1.24875546670955,-1.24875546670955,1.24875546670955
2022-10-18 09:11:52.118000+00:00,0.0,1.2487723439387564,-1.2487723439387564,1.2487723439387564
2022-10-18 09:11:54.026000+00:00,0.0,1.248789159475741,-1.248789159475741,1.248789159475741
2022-10-18 09:11:55.832000+00:00,0.0,1.2488050760689244,-1.2488050760689244,1.2488050760689244
2022-10-18 09:11:57.658000+00:00,0.0,1.2488211689255984,-1.2488211689255984,1.2488211689255984
2022-10-18 09:11:59.532000+00:00,0.0,1.2488376848146494,-1.2488376848146494,1.2488376848146494
2022-10-18 09:12:01.433000+00:00,0.0,1.2488544386594125,-1.2488544386594125,1.2488544386594125
2022-10-18 09:12:03.407000+00:00,0.0,1.2488718358659154,-1.2488718358659154,1.2488718358659154
2022-10-18 09:12:05.265000+00:00,0.0,1.2488882107441739,-1.2488882107441739,1.2488882107441739
2022-10-18 09:12:07.095000+00:00,0.0,1.2489043388535461,-1.2489043388535461,1.2489043388535461
2022-10-18 09:12:09.060000+00:00,0.10424,1.2489216567414783,-1.1446816567414784,1.1446816567414784
2022-10-18 09:12:10.937000+00:00,0.93812,1.2489381990700528,-0.3108181990700528,0.3108181990700528
2022-10-18 09:12:12.875000+00:00,0.65147,1.2489552790022729,-0.5974852790022729,0.5974852790022729
2022-10-18 09:12:14.830000+00:00,0.26059,1.24897250875846,-0.98838250875846,0.98838250875846
2022-10-18 09:12:16.733000+00:00,0.39088,1.2489892802295721,-0.8581092802295721,0.8581092802295721
2022-10-18 09:12:18.612000+00:00,7.16618,1.2490058401844957,5.917174159815504,5.917174159815504
2022-10-18 09:12:20.525000+00:00,8.93818,1.249022699787353,7.689157300212646,7.689157300212646
2022-10-18 09:12:22.432000+00:00,0.26059,1.249039506511163,-0.988449506511163,0.988449506511163
2022-10-18 09:12:24.378000+00:00,0.18241,1.2490566569487793,-1.0666466569487794,1.0666466569487794
2022-10-18 09:12:26.253000+00:00,0.20847,1.2490731816510048,-1.0406031816510048,1.0406031816510048
2022-10-18 09:12:28.113000+00:00,0.18241,1.2490895741556125,-1.0666795741556125,1.0666795741556125
2022-10-18 09:12:29.935000+00:00,1.09447,1.2491056317595883,-0.15463563175958828,0.15463563175958828
2022-10-18 09:12:35.456000+00:00,0.02606,1.2491542892961147,-1.2230942892961147,1.2230942892961147
2022-10-18 09:12:37.410000+00:00,0.13029,1.2491715102391274,-1.1188815102391274,1.1188815102391274
2022-10-18 09:12:39.335000+00:00,0.23453,1.2491884756000788,-1.014658475600079,1.014658475600079
2022-10-18 09:12:41.252000+00:00,0.0,1.249205370455634,-1.249205370455634,1.249205370455634
2022-10-18 09:12:43.127000+00:00,0.0,1.2492218951578595,-1.2492218951578595,1.2492218951578595
2022-10-18 09:12:45.049000+00:00,0.0,1.2492388340792875,-1.2492388340792875,1.2492388340792875
2022-10-18 09:12:46.893000+00:00,0.0,1.2492550855731026,-1.2492550855731026,1.2492550855731026
2022-10-18 09:12:48.815000+00:00,0.0,1.2492720244945308,-1.2492720244945308,1.2492720244945308
2022-10-18 09:12:50.650000+00:00,0.0,1.2492881966697755,-1.2492881966697755,1.2492881966697755
2022-10-18 09:12:52.504000+00:00,0.0,1.2493045362953359,-1.2493045362953359,1.2493045362953359
2022-10-18 09:12:54.363000+00:00,0.0,1.249320919986769,-1.249320919986769,1.249320919986769
2022-10-18 09:12:56.223000+00:00,0.0,1.2493373124913767,-1.2493373124913767,1.2493373124913767
2022-10-18 09:12:58.191000+00:00,0.41694,1.2493546568188325,-0.8324146568188325,0.8324146568188325
2022-10-18 09:13:00.112000+00:00,6.72318,1.249371586927086,5.4738084130729145,5.4738084130729145
2022-10-18 09:13:02.066000+00:00,0.41694,1.2493888078700985,-0.8324488078700986,0.8324488078700986
2022-10-18 09:13:03.926000+00:00,0.39088,1.249405200374706,-0.858525200374706,0.858525200374706
2022-10-18 09:13:05.813000+00:00,0.70359,1.249421830835026,-0.545831830835026,0.545831830835026
2022-10-18 09:13:07.690000+00:00,0.41694,1.2494383731636005,-0.8324983731636005,0.8324983731636005
2022-10-18 09:13:09.629000+00:00,0.02606,1.2494554619089953,-1.2233954619089953,1.2233954619089953
2022-10-18 09:13:11.550000+00:00,0.59935,1.2494723920172486,-0.6501223920172485,0.6501223920172485
2022-10-18 09:13:13.495000+00:00,0.36482,1.2494895336416905,-0.8846695336416905,0.8846695336416905
2022-10-18 09:13:15.442000+00:00,3.544,1.2495066928924814,2.2944933071075186,2.2944933071075186
2022-10-18 09:13:17.320000+00:00,0.96418,1.2495232440342305,-0.2853432440342305,0.2853432440342305
2022-10-18 09:13:19.173000+00:00,0.26059,1.2495395748466165,-0.9889495748466165,0.9889495748466165
2022-10-18 09:13:21.065000+00:00,0.62541,1.2495562493728087,-0.6241462493728087,0.6241462493728087
2022-10-18 09:13:22.962000+00:00,1.27688,1.2495729679648737,0.0273070320351263,0.0273070320351263
2022-10-18 09:13:24.828000+00:00,1.17265,1.2495894133485286,-0.0769394133485286,0.0769394133485286
2022-10-18 09:13:26.768000+00:00,2.13682,1.2496065109070975,0.8872134890929027,0.8872134890929027
2022-10-18 09:13:28.689000+00:00,0.15635,1.249623441015351,-1.093273441015351,1.093273441015351
2022-10-18 09:13:30.564000+00:00,0.0,1.2496399657175765,-1.2496399657175765,1.2496399657175765
2022-10-18 09:13:32.503000+00:00,0.0,1.2496570544629713,-1.2496570544629713,1.2496570544629713
2022-10-18 09:13:34.434000+00:00,0.0,1.24967407270297,-1.24967407270297,1.24967407270297
2022-10-18 09:13:40.069000+00:00,0.0,1.2497237349413914,-1.2497237349413914,1.2497237349413914
2022-10-18 09:13:41.893000+00:00,0.0,1.2497398101717163,-1.2497398101717163,1.2497398101717163
2022-10-18 09:13:43.752000+00:00,0.0,1.2497561938631496,-1.2497561938631496,1.2497561938631496
2022-10-18 09:13:45.657000+00:00,0.0,1.2497729829606108,-1.2497729829606108,1.2497729829606108
2022-10-18 09:13:47.564000+00:00,0.0,1.2497897896844208,-1.2497897896844208,1.2497897896844208
2022-10-18 09:13:49.579000+00:00,10.34536,1.2498075482310789,9.09555245176892,9.09555245176892
2022-10-18 09:13:51.421000+00:00,0.96418,1.2498237820985452,-0.28564378209854513,0.28564378209854513
2022-10-18 09:13:53.236000+00:00,2.76224,1.2498397780102994,1.5124002219897004,1.5124002219897004
2022-10-18 09:13:55.079000+00:00,0.10424,1.2498560206909404,-1.1456160206909405,1.1456160206909405
2022-10-18 09:13:56.988000+00:00,0.57329,1.2498728450410996,-0.6765828450410997,0.6765828450410997
2022-10-18 09:13:58.895000+00:00,8.65153,1.2498896517649096,7.401640348235089,7.401640348235089
2022-10-18 09:14:00.845000+00:00,10.16294,1.249906837455224,8.913033162544776,8.913033162544776
2022-10-18 09:14:02.721000+00:00,0.18241,1.2499233709706241,-1.0675133709706242,1.0675133709706242
2022-10-18 09:14:04.689000+00:00,1.19871,1.24994071529808,-0.05123071529807999,0.05123071529807999
2022-10-18 09:14:06.487000+00:00,0.23453,1.2499565613858674,-1.0154265613858675,1.0154265613858675
2022-10-18 09:14:08.454000+00:00,0.46906,1.2499738969001486,-0.7809138969001486,0.7809138969001486
2022-10-18 09:14:10.320000+00:00,3.12706,1.2499903422838035,1.8770696577161967,1.8770696577161967
2022-10-18 09:14:12.220000+00:00,2.91859,1.250007087315392,1.6685829126846081,1.6685829126846081
2022-10-18 09:14:14.228000+00:00,0.96418,1.2500247841698287,-0.2858447841698286,0.2858447841698286
2022-10-18 09:14:16.160000+00:00,0.15635,1.2500418112230016,-1.0936918112230016,1.0936918112230016
2022-10-18 09:14:18.044000+00:00,0.15635,1.250058415243798,-1.093708415243798,1.093708415243798
2022-10-18 09:14:19.971000+00:00,0.23453,1.2500753982310984,-1.0155453982310985,1.0155453982310985
2022-10-18 09:14:21.863000+00:00,0.0,1.2500920727572906,-1.2500920727572906,1.2500920727572906
2022-10-18 09:14:23.738000+00:00,0.0,1.250108597459516,-1.250108597459516,1.250108597459516
2022-10-18 09:14:25.659000+00:00,0.0,1.2501255275677696,-1.2501255275677696,1.2501255275677696
2022-10-18 09:14:27.581000+00:00,0.0,1.2501424664891974,-1.2501424664891974,1.2501424664891974
2022-10-18 09:14:29.447000+00:00,0.0,1.2501589118728522,-1.2501589118728522,1.2501589118728522
2022-10-18 09:14:31.366000+00:00,0.0,1.2501758243547567,-1.2501758243547567,1.2501758243547567
2022-10-18 09:14:33.284000+00:00,0.0,1.2501927280234866,-1.2501927280234866,1.2501927280234866
2022-10-18 09:14:35.170000+00:00,0.0,1.2502093496706315,-1.2502093496706315,1.2502093496706315
2022-10-18 09:14:37.018000+00:00,0.0,1.2502256364171451,-1.2502256364171451,1.2502256364171451
2022-10-18 09:14:38.934000+00:00,0.0,1.250242522459526,-1.250242522459526,1.250242522459526
2022-10-18 09:14:44.566000+00:00,0.0,1.2502921582584239,-1.2502921582584239,1.2502921582584239
2022-10-18 09:14:46.434000+00:00,0.0,1.2503086212684278,-1.2503086212684278,1.2503086212684278
2022-10-18 09:14:48.300000+00:00,0.0,1.2503250666520824,-1.2503250666520824,1.2503250666520824
2022-10-18 09:14:50.222000+00:00,0.0,1.2503420055735104,-1.2503420055735104,1.2503420055735104
2022-10-18 09:14:52.176000+00:00,0.0,1.2503592265165229,-1.2503592265165229,1.2503592265165229
2022-10-18 09:14:54.134000+00:00,1.85018,1.2503764827122337,0.5998035172877663,0.5998035172877663
2022-10-18 09:14:56.011000+00:00,1.19871,1.250393025040808,-0.05168302504080802,0.05168302504080802
2022-10-18 09:14:57.979000+00:00,4.27365,1.250410369368264,3.023239630631736,3.023239630631736
2022-10-18 09:14:59.939000+00:00,0.0,1.2504276431903236,-1.2504276431903236,1.2504276431903236
2022-10-18 09:15:01.856000+00:00,11.80465,1.2504445380458789,10.554205461954123,10.554205461954123
2022-10-18 09:15:03.723000+00:00,2.99677,1.2504609922427083,1.7463090077572918,1.7463090077572918
2022-10-18 09:15:05.582000+00:00,0.41694,1.2504773759341414,-0.8335373759341415,0.8335373759341415
2022-10-18 09:15:07.507000+00:00,5.26388,1.2504943412950928,4.013385658704907,4.013385658704907
2022-10-18 09:15:09.405000+00:00,0.59935,1.2505110687003322,-0.6511610687003322,0.6511610687003322
2022-10-18 09:15:11.347000+00:00,0.57329,1.2505281838852507,-0.6772381838852507,0.6772381838852507
2022-10-18 09:15:13.252000+00:00,0.15635,1.2505449729827118,-1.0941949729827118,1.0941949729827118
2022-10-18 09:15:15.191000+00:00,2.18894,1.2505620617281066,0.9383779382718935,0.9383779382718935
2022-10-18 09:15:17.137000+00:00,1.48535,1.2505792121657229,0.23477078783427707,0.23477078783427707
2022-10-18 09:15:19.054000+00:00,5.10753,1.2505961070212783,3.8569338929787214,3.8569338929787214
2022-10-18 09:15:21.003000+00:00,0.15635,1.250613283898418,-1.094263283898418,1.094263283898418
2022-10-18 09:15:22.837000+00:00,7.86977,1.2506294472604882,6.619140552739512,6.619140552739512
2022-10-18 09:15:24.703000+00:00,0.23453,1.250645892644143,-1.0161158926441431,1.0161158926441431
2022-10-18 09:15:26.565000+00:00,0.0,1.2506623027750998,-1.2506623027750998,1.2506623027750998
2022-10-18 09:15:28.451000+00:00,0.0,1.250678924422245,-1.250678924422245,1.250678924422245
2022-10-18 09:15:30.238000+00:00,0.0,1.2506946735651125,-1.2506946735651125,1.2506946735651125
2022-10-18 09:15:32.144000+00:00,0.0,1.2507114714757481,-1.2507114714757481,1.2507114714757481
2022-10-18 09:15:34.034000+00:00,0.0,1.2507281283755916,-1.2507281283755916,1.2507281283755916
2022-10-18 09:15:35.929000+00:00,0.0,1.2507448293413073,-1.2507448293413073,1.2507448293413073
2022-10-18 09:15:37.815000+00:00,0.0,1.2507614509884526,-1.2507614509884526,1.2507614509884526
2022-10-18 09:15:39.737000+00:00,0.0,1.2507783899098806,-1.2507783899098806,1.2507783899098806
2022-10-18 09:15:41.534000+00:00,0.0,1.2507942271844934,-1.2507942271844934,1.2507942271844934
2022-10-18 09:15:43.394000+00:00,0.0,1.250810619689101,-1.250810619689101,1.250810619689101
2022-10-18 09:15:49.378000+00:00,4.19547,1.25086335772543,2.9446066422745703,2.9446066422745703
2022-10-18 09:15:51.313000+00:00,1.09447,1.2508804112181269,-0.15641041121812682,0.15641041121812682
2022-10-18 09:15:53.188000+00:00,0.49512,1.2508969359203523,-0.7557769359203523,0.7557769359203523
2022-10-18 09:15:55.097000+00:00,1.01629,1.2509137602705116,-0.23462376027051168,0.23462376027051168
2022-10-18 09:15:57.012000+00:00,0.59935,1.2509306374997178,-0.6515806374997177,0.6515806374997177
2022-10-18 09:15:59.003000+00:00,0.31271,1.2509481845301875,-0.9382381845301875,0.9382381845301875
2022-10-18 09:16:00.909000+00:00,0.96418,1.250964982440823,-0.28678498244082307,0.28678498244082307
2022-10-18 09:16:02.865000+00:00,0.36482,1.2509822210101849,-0.8861622210101849,0.8861622210101849
2022-10-18 09:16:04.815000+00:00,4.63847,1.2509994067004993,3.3874705932995006,3.3874705932995006
2022-10-18 09:16:06.706000+00:00,1.64171,1.251016072413517,0.3906939275864829,0.3906939275864829
2022-10-18 09:16:08.649000+00:00,0.33876,1.2510331964116097,-0.9122731964116098,0.9122731964116098
2022-10-18 09:16:10.576000+00:00,0.36482,1.2510501793989104,-0.8862301793989105,0.8862301793989105
2022-10-18 09:16:12.534000+00:00,3.64824,1.251067435594621,2.3971725644053787,2.3971725644053787
2022-10-18 09:16:14.394000+00:00,1.53747,1.2510838280992287,0.2863861719007712,0.2863861719007712
2022-10-18 09:16:16.331000+00:00,3.72641,1.2511008992182744,2.4753091007817254,2.4753091007817254
2022-10-18 09:16:18.277000+00:00,0.28665,1.251118049655891,-0.9644680496558908,0.9644680496558908
2022-10-18 09:16:20.206000+00:00,0.0,1.2511350502695404,-1.2511350502695404,1.2511350502695404
2022-10-18 09:16:22.143000+00:00,0.0,1.2511521213885861,-1.2511521213885861,1.2511521213885861
2022-10-18 09:16:24.035000+00:00,0.0,1.2511687959147784,-1.2511687959147784,1.2511687959147784
2022-10-18 09:16:25.898000+00:00,0.0,1.2511852148589095,-1.2511852148589095,1.2511852148589095
2022-10-18 09:16:27.799000+00:00,0.0,1.2512019687036724,-1.2512019687036724,1.2512019687036724
2022-10-18 09:16:29.690000+00:00,0.0,1.2512186344166905,-1.2512186344166905,1.2512186344166905
2022-10-18 09:16:31.550000+00:00,0.0,1.251235026921298,-1.251235026921298,1.251235026921298
2022-10-18 09:16:33.468000+00:00,0.0,1.251251930590028,-1.251251930590028,1.251251930590028
2022-10-18 09:16:35.330000+00:00,0.0,1.2512683407209846,-1.2512683407209846,1.2512683407209846
2022-10-18 09:16:37.237000+00:00,0.0,1.2512851474447948,-1.2512851474447948,1.2512851474447948
2022-10-18 09:16:39.113000+00:00,0.49512,1.2513016809601947,-0.7561816809601947,0.7561816809601947
2022-10-18 09:16:40.954000+00:00,3.46582,1.2513179060144863,2.2145020939855136,2.2145020939855136
2022-10-18 09:16:42.996000+00:00,5.68083,1.251335902516857,4.429494097483143,4.429494097483143
2022-10-18 09:16:44.924000+00:00,0.46906,1.2513528943173318,-0.7822928943173317,0.7822928943173317
2022-10-18 09:16:46.849000+00:00,5.65477,1.2513698596782832,4.4034001403217164,4.4034001403217164
2022-10-18 09:16:48.746000+00:00,4.43,1.2513865782703482,3.1786134217296516,3.1786134217296516
2022-10-18 09:16:54.225000+00:00,2.00653,1.2514348656535446,0.7550951343464556,0.7550951343464556
2022-10-18 09:16:56.165000+00:00,0.39088,1.251451963212114,-0.8605719632121139,0.8605719632121139
2022-10-18 09:16:58.071000+00:00,0.26059,1.2514687611227495,-0.9908787611227495,0.9908787611227495
2022-10-18 09:17:00.028000+00:00,0.54724,1.2514860085052857,-0.7042460085052857,0.7042460085052857
2022-10-18 09:17:01.885000+00:00,1.61565,1.2515023745703697,0.3641476254296303,0.3641476254296303
2022-10-18 09:17:03.815000+00:00,4.69059,1.2515193839971939,3.439070616002806,3.439070616002806
2022-10-18 09:17:05.700000+00:00,1.79806,1.2515359968311643,0.5465240031688356,0.5465240031688356
2022-10-18 09:17:07.566000+00:00,1.27688,1.2515524422148192,0.02532755778518081,0.02532755778518081
2022-10-18 09:17:09.496000+00:00,2.37135,1.2515694516416433,1.1197805483583567,1.1197805483583567
2022-10-18 09:17:11.393000+00:00,0.26059,1.251586170233708,-0.9909961702337081,0.9909961702337081
2022-10-18 09:17:13.284000+00:00,0.0,1.2516028359467262,-1.2516028359467262,1.2516028359467262
2022-10-18 09:17:15.159000+00:00,0.0,1.2516193606489514,-1.2516193606489514,1.2516193606489514
2022-10-18 09:17:17.050000+00:00,0.0,1.2516360263619695,-1.2516360263619695,1.2516360263619695
2022-10-18 09:17:18.924000+00:00,0.0,1.25165254225102,-1.25165254225102,1.25165254225102
2022-10-18 09:17:20.773000+00:00,0.0,1.2516688378107081,-1.2516688378107081,1.2516688378107081
2022-10-18 09:17:22.658000+00:00,0.0,1.251685450644679,-1.251685450644679,1.251685450644679
2022-10-18 09:17:24.574000+00:00,0.0,1.2517023366870597,-1.2517023366870597,1.2517023366870597
2022-10-18 09:17:26.487000+00:00,0.0,1.2517191962899168,-1.2517191962899168,1.2517191962899168
2022-10-18 09:17:28.362000+00:00,0.0,1.2517357209921425,-1.2517357209921425,1.2517357209921425
2022-10-18 09:17:30.221000+00:00,0.0,1.2517521046835753,-1.2517521046835753,1.2517521046835753
2022-10-18 09:17:32.034000+00:00,0.0,1.2517680829689808,-1.2517680829689808,1.2517680829689808
2022-10-18 09:17:33.908000+00:00,0.0,1.2517845988580318,-1.2517845988580318,1.2517845988580318
2022-10-18 09:17:35.907000+00:00,0.52118,1.2518022163938975,-0.7306222163938976,0.7306222163938976
2022-10-18 09:17:37.846000+00:00,6.43653,1.2518193051392923,5.1847106948607085,5.1847106948607085
2022-10-18 09:17:39.755000+00:00,0.57329,1.2518361294894516,-0.6785461294894516,0.6785461294894516
2022-10-18 09:17:41.661000+00:00,4.61241,1.2518529274000871,3.3605570725999128,3.3605570725999128
2022-10-18 09:17:43.690000+00:00,0.41694,1.2518708093311885,-0.8349308093311886,0.8349308093311886
2022-10-18 09:17:45.585000+00:00,0.75571,1.2518875102969047,-0.4961775102969047,0.4961775102969047
2022-10-18 09:17:47.567000+00:00,4.22153,1.2519049780088038,2.9696250219911957,2.9696250219911957
2022-10-18 09:17:49.517000+00:00,0.31271,1.2519221636991182,-0.9392121636991182,0.9392121636991182
2022-10-18 09:17:51.441000+00:00,0.23453,1.2519391202468952,-1.0174091202468953,1.0174091202468953
2022-10-18 09:17:53.284000+00:00,0.23453,1.251955362927536,-1.017425362927536,1.017425362927536
2022-10-18 09:17:59.229000+00:00,0.93812,1.252007757250059,-0.313887757250059,0.313887757250059
2022-10-18 09:18:01.075000+00:00,4.1173,1.2520240263702231,2.8652759736297773,2.8652759736297773
2022-10-18 09:18:02.987000+00:00,0.18241,1.252040877159906,-1.0696308771599061,1.0696308771599061
2022-10-18 09:18:04.869000+00:00,0.13029,1.252057463554353,-1.121767463554353,1.121767463554353
2022-10-18 09:18:06.745000+00:00,0.28665,1.2520739970697532,-0.9654239970697531,0.9654239970697531
2022-10-18 09:18:08.612000+00:00,0.0,1.2520904512665822,-1.2520904512665822,1.2520904512665822
2022-10-18 09:18:10.428000+00:00,0.0,1.2521064559915112,-1.2521064559915112,1.2521064559915112
2022-10-18 09:18:12.284000+00:00,0.0,1.2521228132434206,-1.2521228132434206,1.2521228132434206
2022-10-18 09:18:14.143000+00:00,0.0,1.2521391969348539,-1.2521391969348539,1.2521391969348539
2022-10-18 09:18:16.065000+00:00,0.0,1.2521561358562816,-1.2521561358562816,1.2521561358562816
2022-10-18 09:18:17.927000+00:00,0.0,1.2521725459872384,-1.2521725459872384,1.2521725459872384
2022-10-18 09:18:19.783000+00:00,0.0,1.2521889032391482,-1.2521889032391482,1.2521889032391482
2022-10-18 09:18:21.612000+00:00,0.0,1.2522050225353456,-1.2522050225353456,1.2522050225353456
2022-10-18 09:18:23.470000+00:00,0.0,1.2522213974136043,-1.2522213974136043,1.2522213974136043
2022-10-18 09:18:25.330000+00:00,0.0,1.2522377899182118,-1.2522377899182118,1.2522377899182118
2022-10-18 09:18:27.171000+00:00,0.0,1.2522540149725034,-1.2522540149725034,1.2522540149725034
2022-10-18 09:18:29.143000+00:00,0.443,1.2522713945526576,-0.8092713945526575,0.8092713945526575
2022-10-18 09:18:31.162000+00:00,9.4333,1.2522891883520137,8.181010811647985,8.181010811647985
2022-10-18 09:18:33.070000+00:00,2.08471,1.2523060038889986,0.8324039961110012,0.8324039961110012
2022-10-18 09:18:35.038000+00:00,0.41694,1.2523233482164544,-0.8353833482164544,0.8353833482164544
2022-10-18 09:18:36.996000+00:00,0.65147,1.252340604412165,-0.600870604412165,0.600870604412165
2022-10-18 09:18:38.862000+00:00,1.64171,1.2523570497958199,0.38935295020418015,0.38935295020418015
2022-10-18 09:18:40.840000+00:00,4.873,1.252374482255021,3.6206255177449793,3.6206255177449793
2022-10-18 09:18:42.768000+00:00,0.52118,1.2523914740554958,-0.7312114740554958,0.7312114740554958
2022-10-18 09:18:44.659000+00:00,0.26059,1.2524081397685136,-0.9918181397685136,0.9918181397685136
2022-10-18 09:18:46.583000+00:00,0.443,1.2524250963162906,-0.8094250963162906,0.8094250963162906
2022-10-18 09:18:48.564000+00:00,0.36482,1.2524425552150151,-0.8876225552150152,0.8876225552150152
2022-10-18 09:18:50.518000+00:00,1.04235,1.2524597761580276,-0.2101097761580275,0.2101097761580275
2022-10-18 09:18:52.439000+00:00,0.18241,1.2524767062662812,-1.0700667062662812,1.0700667062662812
2022-10-18 09:18:54.396000+00:00,7.14012,1.2524939536488173,5.8876260463511825,5.8876260463511825
2022-10-18 09:18:56.353000+00:00,0.05212,1.2525112010313535,-1.2003912010313535,1.2003912010313535
2022-10-18 09:18:58.221000+00:00,0.13029,1.2525276640413572,-1.1222376640413572,1.1222376640413572
2022-10-18 09:19:03.582000+00:00,0.0,1.2525749114699605,-1.2525749114699605,1.2525749114699605
2022-10-18 09:19:05.461000+00:00,0.0,1.2525914714248838,-1.2525914714248838,1.2525914714248838
2022-10-18 09:19:07.392000+00:00,0.0,1.2526084896648824,-1.2526084896648824,1.2526084896648824
2022-10-18 09:19:09.269000+00:00,0.0,1.2526250319934569,-1.2526250319934569,1.2526250319934569
2022-10-18 09:19:11.081000+00:00,0.0,1.2526410014656877,-1.2526410014656877,1.2526410014656877
2022-10-18 09:19:12.930000+00:00,0.0,1.2526572970253755,-1.2526572970253755,1.2526572970253755
2022-10-18 09:19:14.862000+00:00,0.0,1.2526743240785487,-1.2526743240785487,1.2526743240785487
2022-10-18 09:19:16.692000+00:00,0.0,1.2526904521879207,-1.2526904521879207,1.2526904521879207
2022-10-18 09:19:18.579000+00:00,0.0,1.2527070826482403,-1.2527070826482403,1.2527070826482403
2022-10-18 09:19:20.506000+00:00,0.49512,1.2527240656355412,-0.7576040656355412,0.7576040656355412
2022-10-18 09:19:22.448000+00:00,3.70035,1.2527411808204594,2.4476088191795404,2.4476088191795404
2022-10-18 09:19:24.304000+00:00,5.49841,1.2527575380723688,4.245652461927631,4.245652461927631
2022-10-18 09:19:26.294000+00:00,0.93812,1.2527750762896641,-0.31465507628966416,0.31465507628966416
2022-10-18 09:19:28.223000+00:00,5.10753,1.2527920769033138,3.854737923096686,3.854737923096686
2022-10-18 09:19:30.168000+00:00,4.61241,1.2528092185277555,3.359600781472244,3.359600781472244
2022-10-18 09:19:32.015000+00:00,0.15635,1.2528254964610945,-1.0964754964610945,1.0964754964610945
2022-10-18 09:19:33.982000+00:00,1.51141,1.252842831975376,0.258567168024624,0.258567168024624
2022-10-18 09:19:35.791000+00:00,0.80782,1.2528587750080828,-0.44503877500808287,0.44503877500808287
2022-10-18 09:19:37.724000+00:00,0.36482,1.2528758108744307,-0.8880558108744308,0.8880558108744308
2022-10-18 09:19:39.600000+00:00,10.50171,1.2528923443898305,9.248817655610168,9.248817655610168
2022-10-18 09:19:41.524000+00:00,0.31271,1.2529093009376076,-0.9401993009376075,0.9401993009376075
2022-10-18 09:19:43.412000+00:00,0.15635,1.2529259402111017,-1.0965759402111017,1.0965759402111017
2022-10-18 09:19:45.268000+00:00,3.25735,1.2529422974630113,2.004407702536989,2.004407702536989
2022-10-18 09:19:47.239000+00:00,1.87624,1.2529596682299906,0.6232803317700093,0.6232803317700093
2022-10-18 09:19:49.100000+00:00,2.76224,1.252976069547773,1.5092639304522268,1.5092639304522268
2022-10-18 09:19:51.042000+00:00,4.29971,1.2529931847326914,3.0467168152673088,3.0467168152673088
2022-10-18 09:19:52.880000+00:00,0.28665,1.2530093833474596,-0.9663593833474595,0.9663593833474595
2022-10-18 09:19:54.766000+00:00,0.0,1.2530260049946047,-1.2530260049946047,1.2530260049946047
2022-10-18 09:19:56.504000+00:00,0.0,1.2530413222919208,-1.2530413222919208,1.2530413222919208
2022-10-18 09:19:58.364000+00:00,0.0,1.2530577147965285,-1.2530577147965285,1.2530577147965285
2022-10-18 09:20:00.240000+00:00,0.0,1.2530742483119286,-1.2530742483119286,1.2530742483119286
2022-10-18 09:20:02.053000+00:00,0.0,1.2530902265973336,-1.2530902265973336,1.2530902265973336
2022-10-18 09:20:07.939000+00:00,0.0,1.2531421009425598,-1.2531421009425598,1.2531421009425598
2022-10-18 09:20:09.776000+00:00,0.0,1.2531582907441536,-1.2531582907441536,1.2531582907441536
2022-10-18 09:20:11.614000+00:00,0.0,1.2531744893589218,-1.2531744893589218,1.2531744893589218
2022-10-18 09:20:13.490000+00:00,0.0,1.2531910228743217,-1.2531910228743217,1.2531910228743217
2022-10-18 09:20:15.349000+00:00,0.0,1.253207406565755,-1.253207406565755,1.253207406565755
2022-10-18 09:20:17.268000+00:00,0.0,1.2532243190476593,-1.2532243190476593,1.2532243190476593
2022-10-18 09:20:19.191000+00:00,0.0,1.2532412667822617,-1.2532412667822617,1.2532412667822617
2022-10-18 09:20:21.111000+00:00,0.0,1.2532581880773406,-1.2532581880773406,1.2532581880773406
2022-10-18 09:20:22.966000+00:00,0.0,1.2532745365160758,-1.2532745365160758,1.2532745365160758
2022-10-18 09:20:24.878000+00:00,0.0,1.2532913873057583,-1.2532913873057583,1.2532913873057583
2022-10-18 09:20:26.752000+00:00,0.0,1.2533079031948093,-1.2533079031948093,1.2533079031948093
2022-10-18 09:20:28.678000+00:00,0.13029,1.2533248773689354,-1.1230348773689354,1.1230348773689354
2022-10-18 09:20:30.597000+00:00,1.35506,1.2533417898508397,0.10171821014916027,0.10171821014916027
2022-10-18 09:20:32.565000+00:00,0.83388,1.2533591341782955,-0.4194791341782955,0.4194791341782955
2022-10-18 09:20:34.484000+00:00,0.0,1.2533760466601997,-1.2533760466601997,1.2533760466601997
2022-10-18 09:20:36.331000+00:00,0.18241,1.2533923245935388,-1.0709823245935388,1.0709823245935388
2022-10-18 09:20:38.237000+00:00,7.89583,1.2534091225041744,6.642420877495826,6.642420877495826
2022-10-18 09:20:40.190000+00:00,10.89259,1.2534263346340124,9.639163665365988,9.639163665365988
2022-10-18 09:20:42.074000+00:00,0.20847,1.2534429386548087,-1.0449729386548088,1.0449729386548088
2022-10-18 09:20:44.003000+00:00,1.35506,1.253459939268458,0.10160006073154193,0.10160006073154193
2022-10-18 09:20:46.003000+00:00,0.20847,1.2534775656174986,-1.0450075656174986,1.0450075656174986
2022-10-18 09:20:47.908000+00:00,2.26712,1.2534943547149597,1.01362564528504,1.01362564528504
2022-10-18 09:20:49.748000+00:00,2.84041,1.253510570956077,1.586899429043923,1.586899429043923
2022-10-18 09:20:51.696000+00:00,0.18241,1.2535277390200423,-1.0711177390200424,1.0711177390200424
2022-10-18 09:20:53.644000+00:00,4.01306,1.2535449070840077,2.7595150929159926,2.7595150929159926
2022-10-18 09:20:55.601000+00:00,0.52118,1.253562154466544,-0.7323821544665441,0.7323821544665441
2022-10-18 09:20:57.601000+00:00,0.10424,1.2535797808155844,-1.1493397808155845,1.1493397808155845
2022-10-18 09:20:59.534000+00:00,0.23453,1.253596816681932,-1.019066816681932,1.019066816681932
2022-10-18 09:21:01.458000+00:00,0.0,1.253613773229709,-1.253613773229709,1.253613773229709
2022-10-18 09:21:03.304000+00:00,0.0,1.2536300423498734,-1.2536300423498734,1.2536300423498734
2022-10-18 09:21:05.112000+00:00,0.0,1.253645976569406,-1.253645976569406,1.253645976569406
2022-10-18 09:21:07.034000+00:00,0.0,1.2536629154908339,-1.2536629154908339,1.2536629154908339
2022-10-18 09:21:12.627000+00:00,0.0,1.2537122075759257,-1.2537122075759257,1.2537122075759257
2022-10-18 09:21:14.502000+00:00,0.0,1.2537287322781512,-1.2537287322781512,1.2537287322781512
2022-10-18 09:21:16.357000+00:00,0.0,1.2537450807168862,-1.2537450807168862,1.2537450807168862
2022-10-18 09:21:18.209000+00:00,0.49512,1.2537614027160977,-0.7586414027160977,0.7586414027160977
2022-10-18 09:21:20.117000+00:00,2.37135,1.2537782182530823,1.1175717817469177,1.1175717817469177
2022-10-18 09:21:22.044000+00:00,0.54724,1.2537952012403828,-0.7065552012403828,0.7065552012403828
2022-10-18 09:21:24.045000+00:00,0.49512,1.2538128364025978,-0.7586928364025978,0.7586928364025978
2022-10-18 09:21:25.909000+00:00,1.38112,1.2538292641599036,0.12729073584009631,0.12729073584009631
2022-10-18 09:21:27.837000+00:00,3.17918,1.2538462559603785,1.9253337440396217,1.9253337440396217
2022-10-18 09:21:29.747000+00:00,0.0,1.2538630891237124,-1.2538630891237124,1.2538630891237124
2022-10-18 09:21:31.643000+00:00,0.36482,1.2538797989026027,-0.8890597989026028,0.8890597989026028
2022-10-18 09:21:33.601000+00:00,0.57329,1.2538970550983133,-0.6806070550983133,0.6806070550983133
2022-10-18 09:21:35.509000+00:00,0.18241,1.253913870635298,-1.071503870635298,1.071503870635298
2022-10-18 09:21:37.387000+00:00,4.24759,1.253930421777047,2.9936595782229527,2.9936595782229527
2022-10-18 09:21:39.365000+00:00,0.28665,1.253947854236248,-0.967297854236248,0.967297854236248
2022-10-18 09:21:41.251000+00:00,0.67753,1.2539644758833932,-0.5764344758833932,0.5764344758833932
2022-10-18 09:21:43.154000+00:00,1.27688,1.2539812473545053,0.02289875264549468,0.02289875264549468
2022-10-18 09:21:45.098000+00:00,1.14659,1.2539983801657726,-0.10740838016577259,0.10740838016577259
2022-10-18 09:21:46.904000+00:00,6.35835,1.2540142967589563,5.104335703241043,5.104335703241043
2022-10-18 09:21:48.800000+00:00,1.14659,1.2540310065378466,-0.1074410065378466,0.1074410065378466
2022-10-18 09:21:50.686000+00:00,0.0,1.2540476281849917,-1.2540476281849917,1.2540476281849917
2022-10-18 09:21:52.560000+00:00,0.0,1.2540641440740425,-1.2540641440740425,1.2540641440740425
2022-10-18 09:21:54.419000+00:00,0.0,1.2540805277654758,-1.2540805277654758,1.2540805277654758
2022-10-18 09:21:56.201000+00:00,0.0,1.254096232842471,-1.254096232842471,1.254096232842471
2022-10-18 09:21:58.077000+00:00,0.0,1.254112766357871,-1.254112766357871,1.254112766357871
2022-10-18 09:21:59.943000+00:00,0.0,1.2541292117415257,-1.2541292117415257,1.2541292117415257
2022-10-18 09:22:01.810000+00:00,0.0,1.254145665938355,-1.254145665938355,1.254145665938355
2022-10-18 09:22:03.716000+00:00,0.0,1.2541624638489905,-1.2541624638489905,1.2541624638489905
2022-10-18 09:22:05.736000+00:00,0.0,1.2541802664615216,-1.2541802664615216,1.2541802664615216
2022-10-18 09:22:07.613000+00:00,0.0,1.254196808790096,-1.254196808790096,1.254196808790096
2022-10-18 09:22:09.561000+00:00,0.10424,1.2542139768540614,-1.1499739768540613,1.1499739768540613
2022-10-18 09:22:11.513000+00:00,1.27688,1.2542311801707249,0.022648819829275135,0.022648819829275135
2022-10-18 09:22:17.345000+00:00,0.0,1.254282578604527,-1.254282578604527,1.254282578604527
2022-10-18 09:22:19.263000+00:00,3.23129,1.254299482273257,1.976990517726743,1.976990517726743
2022-10-18 09:22:21.191000+00:00,2.89253,1.254316474073732,1.6382135259262678,1.6382135259262678
2022-10-18 09:22:23.128000+00:00,1.19871,1.2543335451927775,-0.05562354519277757,0.05562354519277757
2022-10-18 09:22:25.050000+00:00,0.28665,1.2543504841142057,-0.9677004841142056,0.9677004841142056
2022-10-18 09:22:26.983000+00:00,0.31271,1.254367519980553,-0.941657519980553,0.941657519980553
2022-10-18 09:22:28.924000+00:00,4.89906,1.254384626352297,3.6446753736477033,3.6446753736477033
2022-10-18 09:22:30.859000+00:00,6.7753,1.2544016798449937,5.5208983201550055,5.5208983201550055
2022-10-18 09:22:32.753000+00:00,3.85671,1.2544183719975348,2.6022916280024653,2.6022916280024653
2022-10-18 09:22:34.644000+00:00,1.04235,1.2544350377105529,-0.21208503771055276,0.21208503771055276
2022-10-18 09:22:36.571000+00:00,0.20847,1.2544520206978533,-1.0459820206978534,1.0459820206978534
2022-10-18 09:22:38.438000+00:00,0.13029,1.2544684748946828,-1.1241784748946828,1.1241784748946828
2022-10-18 09:22:40.387000+00:00,0.28665,1.2544856517718226,-0.9678356517718225,0.9678356517718225
2022-10-18 09:22:42.269000+00:00,0.0,1.2545022381662698,-1.2545022381662698,1.2545022381662698
2022-10-18 09:22:44.128000+00:00,0.0,1.2545186218577027,-1.2545186218577027,1.2545186218577027
2022-10-18 09:22:46.009000+00:00,0.0,1.2545351994389753,-1.2545351994389753,1.2545351994389753
2022-10-18 09:22:47.877000+00:00,0.0,1.2545516624489794,-1.2545516624489794,1.2545516624489794
2022-10-18 09:22:49.769000+00:00,0.0,1.2545683369751717,-1.2545683369751717,1.2545683369751717
2022-10-18 09:22:51.628000+00:00,0.0,1.2545847206666045,-1.2545847206666045,1.2545847206666045
2022-10-18 09:22:53.538000+00:00,0.0,1.2546015538299384,-1.2546015538299384,1.2546015538299384
2022-10-18 09:22:55.353000+00:00,0.0,1.2546175497416927,-1.2546175497416927,1.2546175497416927
2022-10-18 09:22:57.210000+00:00,0.0,1.2546339158067767,-1.2546339158067767,1.2546339158067767
2022-10-18 09:22:59.129000+00:00,0.0,1.254650828288681,-1.254650828288681,1.254650828288681
2022-10-18 09:23:01.036000+00:00,7.2183,1.2546676350124912,5.963632364987509,5.963632364987509
2022-10-18 09:23:02.933000+00:00,1.22477,1.254684353604556,-0.029914353604556077,0.029914353604556077
2022-10-18 09:23:04.847000+00:00,2.11077,1.254701222020588,0.856068777979412,0.856068777979412
2022-10-18 09:23:06.799000+00:00,0.0,1.2547184253372512,-1.2547184253372512,1.2547184253372512
2022-10-18 09:23:08.754000+00:00,1.53747,1.2547356550934383,0.2827343449065616,0.2827343449065616
2022-10-18 09:23:10.677000+00:00,2.97071,1.254752602828041,1.715957397171959,1.715957397171959
2022-10-18 09:23:12.575000+00:00,1.14659,1.2547693302332803,-0.1081793302332803,0.1081793302332803
2022-10-18 09:23:14.462000+00:00,6.59288,1.2547859606935998,5.3380940393064,5.3380940393064
2022-10-18 09:23:16.393000+00:00,0.41694,1.2548029789335986,-0.8378629789335986,0.8378629789335986
2022-10-18 09:23:21.966000+00:00,5.39418,1.2548520947551998,4.139327905244801,4.139327905244801
2022-10-18 09:23:23.922000+00:00,4.03912,1.2548693333245615,2.784250666675438,2.784250666675438
2022-10-18 09:23:25.767000+00:00,0.72965,1.2548855936315515,-0.5252355936315515,0.5252355936315515
2022-10-18 09:23:27.596000+00:00,0.15635,1.254901712927749,-1.0985517129277491,1.0985517129277491
2022-10-18 09:23:29.528000+00:00,0.15635,1.254918739980922,-1.098568739980922,1.098568739980922
2022-10-18 09:23:31.463000+00:00,0.28665,1.2549357934736187,-0.9682857934736187,0.9682857934736187
2022-10-18 09:23:33.308000+00:00,0.0,1.2549520537806087,-1.2549520537806087,1.2549520537806087
2022-10-18 09:23:35.231000+00:00,0.0,1.254969001515211,-1.254969001515211,1.254969001515211
2022-10-18 09:23:37.105000+00:00,0.0,1.2549855174042621,-1.2549855174042621,1.2549855174042621
2022-10-18 09:23:39.027000+00:00,0.0,1.2550024563256899,-1.2550024563256899,1.2550024563256899
2022-10-18 09:23:40.845000+00:00,0.0,1.2550184786769676,-1.2550184786769676,1.2550184786769676
2022-10-18 09:23:42.756000+00:00,0.0,1.255035320653476,-1.255035320653476,1.255035320653476
2022-10-18 09:23:44.684000+00:00,0.0,1.255052312453951,-1.255052312453951,1.255052312453951
2022-10-18 09:23:46.511000+00:00,0.0,1.2550684141237993,-1.2550684141237993,1.2550684141237993
2022-10-18 09:23:48.387000+00:00,0.0,1.2550849476391994,-1.2550849476391994,1.2550849476391994
2022-10-18 09:23:50.324000+00:00,0.0,1.2551020187582451,-1.2551020187582451,1.2551020187582451
2022-10-18 09:23:52.230000+00:00,0.0,1.255118816668881,-1.255118816668881,1.255118816668881
2022-10-18 09:23:53.998000+00:00,0.0,1.2551343983614327,-1.2551343983614327,1.2551343983614327
2022-10-18 09:23:55.854000+00:00,0.0,1.255150755613342,-1.255150755613342,1.255150755613342
2022-10-18 09:23:57.778000+00:00,0.0,1.255167712161119,-1.255167712161119,1.255167712161119
2022-10-18 09:23:59.683000+00:00,0.0,1.2551845012585803,-1.2551845012585803,1.2551845012585803
2022-10-18 09:24:01.509000+00:00,0.886,1.2552005941152542,-0.3692005941152542,0.3692005941152542
2022-10-18 09:24:03.456000+00:00,2.71012,1.2552177533660451,1.4549022466339547,1.4549022466339547
2022-10-18 09:24:05.314000+00:00,1.45929,1.2552341282443036,0.2040558717556964,0.2040558717556964
2022-10-18 09:24:07.262000+00:00,0.443,1.255251296308269,-0.8122512963082689,0.8122512963082689
2022-10-18 09:24:09.153000+00:00,0.52118,1.255267962021287,-0.734087962021287,0.734087962021287
2022-10-18 09:24:11.119000+00:00,0.62541,1.2552852887223938,-0.6298752887223937,0.6298752887223937
2022-10-18 09:24:13.122000+00:00,1.06841,1.2553029415109578,-0.1868929415109577,0.1868929415109577
2022-10-18 09:24:15.014000+00:00,0.23453,1.2553196160371503,-1.0207896160371503,1.0207896160371503
2022-10-18 09:24:16.959000+00:00,0.33876,1.255336757661592,-0.916576757661592,0.916576757661592
2022-10-18 09:24:18.847000+00:00,0.20847,1.255353396935086,-1.0468833969350861,1.0468833969350861
2022-10-18 09:24:20.743000+00:00,0.57329,1.2553701067139764,-0.6820801067139765,0.6820801067139765
2022-10-18 09:24:26.948000+00:00,13.68089,1.2554247924618747,12.425465207538124,12.425465207538124
2022-10-18 09:24:28.815000+00:00,0.07818,1.255441246658704,-1.177261246658704,1.177261246658704
2022-10-18 09:24:30.712000+00:00,0.23453,1.255457965250769,-1.020927965250769,1.020927965250769
2022-10-18 09:24:32.629000+00:00,0.26059,1.2554748601063241,-0.9948848601063242,0.9948848601063242
2022-10-18 09:24:34.550000+00:00,0.0,1.2554917902145775,-1.2554917902145775,1.2554917902145775
2022-10-18 09:24:36.455000+00:00,0.0,1.2555085793120386,-1.2555085793120386,1.2555085793120386
2022-10-18 09:24:38.299000+00:00,0.0,1.255524830805854,-1.255524830805854,1.255524830805854
2022-10-18 09:24:40.222000+00:00,0.0,1.2555417785404566,-1.2555417785404566,1.2555417785404566
2022-10-18 09:24:42.129000+00:00,0.0,1.2555585852642666,-1.2555585852642666,1.2555585852642666
2022-10-18 09:24:44.003000+00:00,0.0,1.2555751011533176,-1.2555751011533176,1.2555751011533176
2022-10-18 09:24:45.851000+00:00,0.0,1.2555913878998308,-1.2555913878998308,1.2555913878998308
2022-10-18 09:24:47.664000+00:00,0.0,1.2556073661852363,-1.2556073661852363,1.2556073661852363
2022-10-18 09:24:49.581000+00:00,0.0,1.2556242610407915,-1.2556242610407915,1.2556242610407915
2022-10-18 09:24:51.442000+00:00,0.0,1.2556406623585736,-1.2556406623585736,1.2556406623585736
2022-10-18 09:24:53.349000+00:00,0.41694,1.2556574690823838,-0.8387174690823839,0.8387174690823839
2022-10-18 09:24:55.173000+00:00,7.11406,1.2556735443127087,5.858386455687292,5.858386455687292
2022-10-18 09:24:57.019000+00:00,0.15635,1.255689813432873,-1.099339813432873,1.099339813432873
2022-10-18 09:24:59.050000+00:00,1.19871,1.2557077129903238,-0.05699771299032386,0.05699771299032386
2022-10-18 09:25:00.987000+00:00,1.74594,1.2557247841093693,0.4902152158906308,0.4902152158906308
2022-10-18 09:25:02.928000+00:00,11.17924,1.2557418904811133,9.923498109518887,9.923498109518887
2022-10-18 09:25:04.832000+00:00,1.43324,1.2557586707653998,0.17748132923460025,0.17748132923460025
2022-10-18 09:25:06.800000+00:00,0.886,1.2557760150928556,-0.3697760150928556,0.3697760150928556
2022-10-18 09:25:08.650000+00:00,1.95441,1.2557923194657181,0.6986176805342819,0.6986176805342819
2022-10-18 09:25:10.644000+00:00,0.443,1.2558098929357113,-0.8128098929357113,0.8128098929357113
2022-10-18 09:25:12.613000+00:00,10.68412,1.2558272460763418,9.428292753923659,9.428292753923659
2022-10-18 09:25:14.550000+00:00,0.26059,1.2558443171953875,-0.9952543171953875,0.9952543171953875
2022-10-18 09:25:16.381000+00:00,0.72965,1.2558604541179341,-0.5262104541179341,0.5262104541179341
2022-10-18 09:25:18.221000+00:00,2.29318,1.2558766703590514,1.0373033296409486,1.0373033296409486
2022-10-18 09:25:20.066000+00:00,0.26059,1.2558929306660414,-0.9953029306660414,0.9953029306660414
2022-10-18 09:25:21.911000+00:00,0.80782,1.255909190973031,-0.4480891909730311,0.4480891909730311
2022-10-18 09:25:23.799000+00:00,8.75577,1.2559258302465253,7.499844169753475,7.499844169753475
2022-10-18 09:25:25.689000+00:00,0.23453,1.2559424871463685,-1.0214124871463686,1.0214124871463686
2022-10-18 09:25:31.509000+00:00,0.0,1.2559937798220764,-1.2559937798220764,1.2559937798220764
2022-10-18 09:25:33.377000+00:00,0.0,1.2560102428320803,-1.2560102428320803,1.2560102428320803
2022-10-18 09:25:35.269000+00:00,0.0,1.2560269173582723,-1.2560269173582723,1.2560269173582723
2022-10-18 09:25:37.174000+00:00,0.0,1.2560437064557335,-1.2560437064557335,1.2560437064557335
2022-10-18 09:25:39.020000+00:00,0.0,1.2560599755758979,-1.2560599755758979,1.2560599755758979
2022-10-18 09:25:40.927000+00:00,0.0,1.256076782299708,-1.256076782299708,1.256076782299708
2022-10-18 09:25:42.752000+00:00,0.0,1.2560928663432076,-1.2560928663432076,1.2560928663432076
2022-10-18 09:25:44.643000+00:00,0.49512,1.2561095320562252,-0.7609895320562252,0.7609895320562252
2022-10-18 09:25:46.519000+00:00,2.658,1.2561260655716253,1.4018739344283746,1.4018739344283746
2022-10-18 09:25:48.444000+00:00,1.45929,1.2561430309325767,0.20314696906742324,0.20314696906742324
2022-10-18 09:25:50.413000+00:00,0.33876,1.256160384073207,-0.917400384073207,0.917400384073207
2022-10-18 09:25:52.290000+00:00,0.39088,1.2561769264017817,-0.8652969264017817,0.8652969264017817
2022-10-18 09:25:54.205000+00:00,0.13029,1.2561938036309879,-1.1259038036309879,1.1259038036309879
2022-10-18 09:25:56.127000+00:00,0.23453,1.2562107425524158,-1.021680742552416,1.021680742552416
2022-10-18 09:25:58.129000+00:00,0.26059,1.2562283865278054,-0.9956383865278055,0.9956383865278055
2022-10-18 09:26:00.066000+00:00,0.28665,1.2562454576468511,-0.9695954576468511,0.9695954576468511
2022-10-18 09:26:02.033000+00:00,0.36482,1.2562627931611323,-0.8914427931611324,0.8914427931611324
2022-10-18 09:26:03.959000+00:00,0.31271,1.2562797673352584,-0.9435697673352583,0.9435697673352583
2022-10-18 09:26:05.914000+00:00,0.18241,1.2562969970914455,-1.0738869970914455,1.0738869970914455
2022-10-18 09:26:07.799000+00:00,0.20847,1.256313609925416,-1.047843609925416,1.047843609925416
2022-10-18 09:26:09.706000+00:00,17.56365,1.2563304166492264,16.307319583350772,16.307319583350772
2022-10-18 09:26:11.644000+00:00,0.65147,1.2563474965814465,-0.6048774965814465,0.6048774965814465
2022-10-18 09:26:13.516000+00:00,1.92835,1.2563639948441483,0.6719860051558517,0.6719860051558517
2022-10-18 09:26:15.434000+00:00,0.31271,1.2563808985128784,-0.9436708985128783,0.9436708985128783
2022-10-18 09:26:17.316000+00:00,0.0,1.2563974849073254,-1.2563974849073254,1.2563974849073254
2022-10-18 09:26:19.190000+00:00,0.0,1.2564140007963762,-1.2564140007963762,1.2564140007963762
2022-10-18 09:26:21.081000+00:00,0.0,1.2564306665093943,-1.2564306665093943,1.2564306665093943
2022-10-18 09:26:22.893000+00:00,0.0,1.2564466359816246,-1.2564466359816246,1.2564466359816246
2022-10-18 09:26:24.785000+00:00,0.0,1.2564633105078171,-1.2564633105078171,1.2564633105078171
2022-10-18 09:26:26.674000+00:00,0.0,1.2564799585944857,-1.2564799585944857,1.2564799585944857
2022-10-18 09:26:28.535000+00:00,0.0,1.256496359912268,-1.256496359912268,1.256496359912268
2022-10-18 09:26:30.362000+00:00,0.0,1.2565124615821166,-1.2565124615821166,1.2565124615821166
2022-10-18 09:26:35.899000+00:00,0.0,1.2565612601294351,-1.2565612601294351,1.2565612601294351
2022-10-18 09:26:37.831000+00:00,0.0,1.2565782871826081,-1.2565782871826081,1.2565782871826081
2022-10-18 09:26:39.675000+00:00,0.0,1.2565945386764237,-1.2565945386764237,1.2565945386764237
2022-10-18 09:26:41.565000+00:00,0.39088,1.2566111955762669,-0.8657311955762669,0.8657311955762669
2022-10-18 09:26:43.428000+00:00,1.01629,1.256627614520398,-0.24033761452039815,0.24033761452039815
2022-10-18 09:26:45.366000+00:00,3.33553,1.2566446944526184,2.0788853055473817,2.0788853055473817
2022-10-18 09:26:47.286000+00:00,0.99024,1.256661615747697,-0.26642161574769707,0.26642161574769707
2022-10-18 09:26:49.183000+00:00,0.02606,1.256678334339762,-1.230618334339762,1.230618334339762
2022-10-18 09:26:51.060000+00:00,0.99024,1.2566948766683366,-0.26645487666833656,0.26645487666833656
2022-10-18 09:26:52.998000+00:00,3.17918,1.256711956600557,1.9224680433994432,1.9224680433994432
2022-10-18 09:26:54.893000+00:00,1.38112,1.2567286575662726,0.12439134243372729,0.12439134243372729
2022-10-18 09:26:56.823000+00:00,4.29971,1.2567456669930968,3.0429643330069034,3.0429643330069034
2022-10-18 09:26:58.753000+00:00,0.49512,1.2567626764199207,-0.7616426764199207,0.7616426764199207
2022-10-18 09:27:00.709000+00:00,0.67753,1.2567799149892824,-0.5792499149892825,0.5792499149892825
2022-10-18 09:27:02.638000+00:00,0.72965,1.2567969156029322,-0.5271469156029321,0.5271469156029321
2022-10-18 09:27:04.474000+00:00,1.98047,1.256813096591351,0.7236569034086489,0.7236569034086489
2022-10-18 09:27:06.412000+00:00,0.75571,1.2568301765235714,-0.5011201765235714,0.5011201765235714
2022-10-18 09:27:08.259000+00:00,0.02606,1.2568464544569102,-1.2307864544569103,1.2307864544569103
2022-10-18 09:27:10.206000+00:00,0.15635,1.2568636137077012,-1.1005136137077012,1.1005136137077012
2022-10-18 09:27:12.164000+00:00,4.53424,1.2568808699034117,3.277359130096588,3.277359130096588
2022-10-18 09:27:14.112000+00:00,0.23453,1.2568980379673773,-1.0223680379673774,1.0223680379673774
2022-10-18 09:27:15.987000+00:00,0.0,1.256914562669603,-1.256914562669603,1.256914562669603
2022-10-18 09:27:17.909000+00:00,0.0,1.2569315015910307,-1.2569315015910307,1.2569315015910307
2022-10-18 09:27:19.799000+00:00,0.0,1.256948158490874,-1.256948158490874,1.256948158490874
2022-10-18 09:27:21.673000+00:00,0.0,1.256964674379925,-1.256964674379925,1.256964674379925
2022-10-18 09:27:23.595000+00:00,0.0,1.256981613301353,-1.256981613301353,1.256981613301353
2022-10-18 09:27:25.454000+00:00,0.0,1.2569979969927858,-1.2569979969927858,1.2569979969927858
2022-10-18 09:27:27.361000+00:00,0.0,1.2570148037165962,-1.2570148037165962,1.2570148037165962
2022-10-18 09:27:29.191000+00:00,0.0,1.2570309318259683,-1.2570309318259683,1.2570309318259683
2022-10-18 09:27:31.049000+00:00,0.0,1.2570473067042267,-1.2570473067042267,1.2570473067042267
2022-10-18 09:27:32.986000+00:00,0.20847,1.2570643778232724,-1.0485943778232725,1.0485943778232725
2022-10-18 09:27:34.962000+00:00,12.89912,1.2570817926561246,11.642038207343875,11.642038207343875
2022-10-18 09:27:40.870000+00:00,0.46906,1.2571338608911902,-0.7880738608911901,0.7880738608911901
2022-10-18 09:27:42.799000+00:00,0.83388,1.2571508615048397,-0.4232708615048397,0.4232708615048397
2022-10-18 09:27:44.675000+00:00,8.93818,1.2571673950202396,7.68101260497976,7.68101260497976
2022-10-18 09:27:46.534000+00:00,0.26059,1.2571837787116729,-0.9965937787116729,0.9965937787116729
2022-10-18 09:27:48.489000+00:00,0.28665,1.25720100846786,-0.9705510084678599,0.9705510084678599
2022-10-18 09:27:50.439000+00:00,0.28665,1.2572181941581744,-0.9705681941581743,0.9705681941581743
2022-10-18 09:27:52.296000+00:00,0.02606,1.2572345602232584,-1.2311745602232584,1.2311745602232584
2022-10-18 09:27:54.305000+00:00,1.04235,1.2572522658908696,-0.21490226589086947,0.21490226589086947
2022-10-18 09:27:56.237000+00:00,0.20847,1.2572692929440428,-1.0487992929440428,1.0487992929440428
2022-10-18 09:27:58.127000+00:00,7.63524,1.2572859498438862,6.377954050156113,6.377954050156113
2022-10-18 09:28:00.058000+00:00,0.18241,1.2573029680838848,-1.0748929680838848,1.0748929680838848
2022-10-18 09:28:01.986000+00:00,0.15635,1.2573199598843596,-1.1009699598843596,1.1009699598843596
2022-10-18 09:28:03.866000+00:00,0.31271,1.2573365286524578,-0.9446265286524578,0.9446265286524578
2022-10-18 09:28:05.803000+00:00,0.0,1.2573535997715033,-1.2573535997715033,1.2573535997715033
2022-10-18 09:28:07.674000+00:00,0.0,1.2573700892210309,-1.2573700892210309,1.2573700892210309
2022-10-18 09:28:09.596000+00:00,0.0,1.2573870281424586,-1.2573870281424586,1.2573870281424586
2022-10-18 09:28:11.517000+00:00,0.0,1.2574039582507122,-1.2574039582507122,1.2574039582507122
2022-10-18 09:28:13.363000+00:00,0.0,1.2574202273708766,-1.2574202273708766,1.2574202273708766
2022-10-18 09:28:15.237000+00:00,0.0,1.2574367432599276,-1.2574367432599276,1.2574367432599276
2022-10-18 09:28:17.084000+00:00,0.0,1.2574530211932664,-1.2574530211932664,1.2574530211932664
2022-10-18 09:28:18.947000+00:00,0.0,1.2574694401373976,-1.2574694401373976,1.2574694401373976
2022-10-18 09:28:20.777000+00:00,0.0,1.2574855682467696,-1.2574855682467696,1.2574855682467696
2022-10-18 09:28:22.711000+00:00,0.0,1.2575026129262918,-1.2575026129262918,1.2575026129262918
2022-10-18 09:28:24.751000+00:00,7.92188,1.2575205918023131,6.6643594081976865,6.6643594081976865
2022-10-18 09:28:26.634000+00:00,1.25082,1.2575371870099348,-0.006717187009934733,0.006717187009934733
2022-10-18 09:28:28.539000+00:00,5.10753,1.257553976107396,3.8499760238926037,3.8499760238926037
2022-10-18 09:28:30.406000+00:00,0.10424,1.257570430304225,-1.153330430304225,1.153330430304225
2022-10-18 09:28:32.302000+00:00,0.15635,1.2575871400831156,-1.1012371400831156,1.1012371400831156
2022-10-18 09:28:34.164000+00:00,3.43977,1.257603550214072,2.182166449785928,2.182166449785928
2022-10-18 09:28:36.169000+00:00,2.86647,1.2576212206289852,1.608848779371015,1.608848779371015
2022-10-18 09:28:38.070000+00:00,1.64171,1.2576379744737483,0.38407202552625175,0.38407202552625175
2022-10-18 09:28:39.976000+00:00,0.23453,1.257654772384384,-1.0231247723843842,1.0231247723843842
2022-10-18 09:28:45.569000+00:00,4.76877,1.2577040644694755,3.5110659355305245,3.5110659355305245
2022-10-18 09:28:47.480000+00:00,2.05865,1.257720906445984,0.8009290935540161,0.8009290935540161
2022-10-18 09:28:49.413000+00:00,3.75247,1.2577379423123314,2.494732057687669,2.494732057687669
2022-10-18 09:28:51.399000+00:00,0.13029,1.2577554452769286,-1.1274654452769286,1.1274654452769286
2022-10-18 09:28:53.334000+00:00,0.13029,1.2577724987696253,-1.1274824987696253,1.1274824987696253
2022-10-18 09:28:55.241000+00:00,0.28665,1.2577893054934355,-0.9711393054934354,0.9711393054934354
2022-10-18 09:28:57.086000+00:00,0.0,1.2578055658004255,-1.2578055658004255,1.2578055658004255
2022-10-18 09:28:58.976000+00:00,0.0,1.2578222227002687,-1.2578222227002687,1.2578222227002687
2022-10-18 09:29:00.863000+00:00,0.0,1.2578388531605882,-1.2578388531605882,1.2578388531605882
2022-10-18 09:29:02.757000+00:00,0.0,1.2578555453131295,-1.2578555453131295,1.2578555453131295
2022-10-18 09:29:04.633000+00:00,0.0,1.2578720788285296,-1.2578720788285296,1.2578720788285296
2022-10-18 09:29:06.492000+00:00,0.0,1.2578884625199627,-1.2578884625199627,1.2578884625199627
2022-10-18 09:29:08.351000+00:00,0.0,1.257904846211396,-1.257904846211396,1.257904846211396
2022-10-18 09:29:10.209000+00:00,0.0,1.2579212210896547,-1.2579212210896547,1.2579212210896547
2022-10-18 09:29:12.116000+00:00,0.0,1.2579380278134646,-1.2579380278134646,1.2579380278134646
2022-10-18 09:29:14.058000+00:00,0.54724,1.2579551429983828,-0.7107151429983829,0.7107151429983829
2022-10-18 09:29:16.027000+00:00,8.62547,1.2579724961390133,7.367497503860987,7.367497503860987
2022-10-18 09:29:17.947000+00:00,1.61565,1.2579894174340922,0.3576605825659078,0.3576605825659078
2022-10-18 09:29:19.908000+00:00,1.40718,1.2580067000693265,0.14917329993067363,0.14917329993067363
2022-10-18 09:29:21.852000+00:00,0.46906,1.2580238328805937,-0.7889638328805937,0.7889638328805937
2022-10-18 09:29:23.779000+00:00,1.40718,1.2580408158678944,0.1491391841321057,0.1491391841321057
2022-10-18 09:29:25.629000+00:00,7.73947,1.2580571202407567,6.481412879759243,6.481412879759243
2022-10-18 09:29:27.573000+00:00,0.28665,1.2580742530520241,-0.9714242530520241,0.9714242530520241
2022-10-18 09:29:29.535000+00:00,0.33876,1.2580915445004328,-0.9193315445004329,0.9193315445004329
2022-10-18 09:29:31.490000+00:00,0.443,1.25810877425662,-0.8151087742566199,0.8151087742566199
2022-10-18 09:29:33.305000+00:00,0.02606,1.2581247701683742,-1.2320647701683742,1.2320647701683742
2022-10-18 09:29:35.238000+00:00,0.67753,1.2581418060347218,-0.5806118060347218,0.5806118060347218
2022-10-18 09:29:37.200000+00:00,0.20847,1.2581590974831305,-1.0496890974831306,1.0496890974831306
2022-10-18 09:29:39.174000+00:00,7.81765,1.2581764946896334,6.5594735053103665,6.5594735053103665
2022-10-18 09:29:41.111000+00:00,0.26059,1.2581935658086794,-0.9976035658086794,0.9976035658086794
2022-10-18 09:29:42.934000+00:00,0.02606,1.2582096322258298,-1.2321496322258298,1.2321496322258298
2022-10-18 09:29:44.847000+00:00,0.31271,1.258226491828687,-0.9455164918286869,0.9455164918286869
2022-10-18 09:29:50.242000+00:00,0.0,1.2582740389052236,-1.2582740389052236,1.2582740389052236
2022-10-18 09:29:52.049000+00:00,0.0,1.2582899643115817,-1.2582899643115817,1.2582899643115817
2022-10-18 09:29:53.969000+00:00,0.0,1.2583068856066606,-1.2583068856066606,1.2583068856066606
2022-10-18 09:29:55.851000+00:00,0.0,1.2583234720011078,-1.2583234720011078,1.2583234720011078
2022-10-18 09:29:57.721000+00:00,0.0,1.2583399526374606,-1.2583399526374606,1.2583399526374606
2022-10-18 09:29:59.581000+00:00,0.0,1.2583563451420683,-1.2583563451420683,1.2583563451420683
2022-10-18 09:30:01.487000+00:00,0.0,1.2583731430527039,-1.2583731430527039,1.2583731430527039
2022-10-18 09:30:03.408000+00:00,0.0,1.2583900731609572,-1.2583900731609572,1.2583900731609572
2022-10-18 09:30:05.378000+00:00,0.57329,1.258407435114762,-0.6851174351147621,0.6851174351147621
2022-10-18 09:30:07.208000+00:00,2.52771,1.258423563224134,1.2692864367758658,1.2692864367758658
2022-10-18 09:30:09.057000+00:00,0.72965,1.258439858783822,-0.5287898587838219,0.5287898587838219
2022-10-18 09:30:10.972000+00:00,1.90229,1.2584567360130283,0.6438332639869717,0.6438332639869717
2022-10-18 09:30:12.840000+00:00,0.443,1.2584731990230322,-0.8154731990230322,0.8154731990230322
2022-10-18 09:30:14.707000+00:00,2.68406,1.2584896532198615,1.4255703467801386,1.4255703467801386
2022-10-18 09:30:16.628000+00:00,5.62871,1.2585065833281148,4.370203416671885,4.370203416671885
2022-10-18 09:30:18.604000+00:00,0.31271,1.2585239981609668,-0.9458139981609668,0.9458139981609668
2022-10-18 09:30:20.425000+00:00,0.31271,1.2585400469517682,-0.9458300469517682,0.9458300469517682
2022-10-18 09:30:22.297000+00:00,0.46906,1.25855654521447,-0.78949654521447,0.78949654521447
2022-10-18 09:30:24.135000+00:00,0.05212,1.2585727438292382,-1.2064527438292383,1.2064527438292383
2022-10-18 09:30:26.019000+00:00,1.66777,1.2585893478500345,0.40918065214996546,0.40918065214996546
2022-10-18 09:30:27.847000+00:00,0.26059,1.2586054583330575,-0.9980154583330575,0.9980154583330575
2022-10-18 09:30:29.835000+00:00,19.88289,1.2586229789240038,18.624267021075998,18.624267021075998
2022-10-18 09:30:31.752000+00:00,2.24106,1.258639873779559,0.9824201262204411,0.9824201262204411
2022-10-18 09:30:33.630000+00:00,6.72318,1.2586564249213081,5.464523575078692,5.464523575078692
2022-10-18 09:30:35.569000+00:00,0.28665,1.2586735136667029,-0.9720235136667028,0.9720235136667028
2022-10-18 09:30:37.378000+00:00,0.0,1.2586894566994098,-1.2586894566994098,1.2586894566994098
2022-10-18 09:30:39.205000+00:00,0.0,1.2587055583692583,-1.2587055583692583,1.2587055583692583
2022-10-18 09:30:41.038000+00:00,0.0,1.258721712918154,-1.258721712918154,1.258721712918154
2022-10-18 09:30:42.903000+00:00,0.0,1.2587381494886345,-1.2587381494886345,1.2587381494886345
2022-10-18 09:30:44.754000+00:00,0.0,1.2587544626746712,-1.2587544626746712,1.2587544626746712
2022-10-18 09:30:46.580000+00:00,0.0,1.2587705555313453,-1.2587705555313453,1.2587705555313453
2022-10-18 09:30:48.431000+00:00,0.0,1.2587868687173822,-1.2587868687173822,1.2587868687173822
2022-10-18 09:30:54.644000+00:00,0.36482,1.2588416249706764,-0.8940216249706765,0.8940216249706765
2022-10-18 09:30:56.597000+00:00,8.49518,1.2588588371005147,7.236321162899484,7.236321162899484
2022-10-18 09:30:58.566000+00:00,0.23453,1.258876190241145,-1.024346190241145,1.024346190241145
2022-10-18 09:31:00.444000+00:00,0.39088,1.258892741382894,-0.8680127413828941,0.8680127413828941
2022-10-18 09:31:02.369000+00:00,6.85347,1.2589097067438455,5.594560293256154,5.594560293256154
2022-10-18 09:31:04.277000+00:00,0.70359,1.2589265222808301,-0.5553365222808301,0.5553365222808301
2022-10-18 09:31:06.194000+00:00,1.98047,1.2589434171363854,0.7215265828636146,0.7215265828636146
2022-10-18 09:31:08.019000+00:00,0.70359,1.2589595011798849,-0.5553695011798848,0.5553695011798848
2022-10-18 09:31:09.967000+00:00,4.19547,1.2589766692438502,2.93649333075615,2.93649333075615
2022-10-18 09:31:11.824000+00:00,0.443,1.2589930353089345,-0.8159930353089344,0.8159930353089344
2022-10-18 09:31:13.815000+00:00,4.1173,1.2590105823394042,2.858289417660596,2.858289417660596
2022-10-18 09:31:15.674000+00:00,0.33876,1.2590269660308373,-0.9202669660308374,0.9202669660308374
2022-10-18 09:31:17.597000+00:00,3.70035,1.25904391376544,2.44130608623456,2.44130608623456
2022-10-18 09:31:19.554000+00:00,5.10753,1.2590611611479758,3.848468838852024,3.848468838852024
2022-10-18 09:31:21.461000+00:00,1.45929,1.2590779678717863,0.2002120321282137,0.2002120321282137
2022-10-18 09:31:23.470000+00:00,2.658,1.2590956735393972,1.3989043264606027,1.3989043264606027
2022-10-18 09:31:25.409000+00:00,3.83065,1.259112762284792,2.5715372377152077,2.5715372377152077
2022-10-18 09:31:27.269000+00:00,0.28665,1.2591291547893997,-0.9724791547893996,0.9724791547893996
2022-10-18 09:31:29.159000+00:00,0.0,1.2591458116892429,-1.2591458116892429,1.2591458116892429
2022-10-18 09:31:31.018000+00:00,0.0,1.259162195380676,-1.259162195380676,1.259162195380676
2022-10-18 09:31:32.879000+00:00,0.0,1.259178596698458,-1.259178596698458,1.259178596698458
2022-10-18 09:31:34.815000+00:00,0.0,1.2591956590043294,-1.2591956590043294,1.2591956590043294
2022-10-18 09:31:36.675000+00:00,0.0,1.2592120515089371,-1.2592120515089371,1.2592120515089371
2022-10-18 09:31:38.591000+00:00,0.0,1.2592289375513177,-1.2592289375513177,1.2592289375513177
2022-10-18 09:31:40.410000+00:00,0.0,1.25924496871577,-1.25924496871577,1.25924496871577
2022-10-18 09:31:42.222000+00:00,0.0,1.2592609381880009,-1.2592609381880009,1.2592609381880009
2022-10-18 09:31:44.101000+00:00,0.23453,1.2592774981429247,-1.0247474981429248,1.0247474981429248
2022-10-18 09:31:45.997000+00:00,6.98377,1.2592942079218148,5.724475792078185,5.724475792078185
2022-10-18 09:31:48.036000+00:00,1.14659,1.2593121779846617,-0.11272217798466166,0.11272217798466166
2022-10-18 09:31:49.915000+00:00,3.07494,1.2593287379395852,1.8156112620604146,1.8156112620604146
2022-10-18 09:31:51.761000+00:00,0.05212,1.2593450070597494,-1.2072250070597494,1.2072250070597494
2022-10-18 09:31:53.691000+00:00,1.95441,1.2593620164865738,0.6950479835134262,0.6950479835134262
2022-10-18 09:31:59.644000+00:00,1.66777,1.2594144813144927,0.40835551868550723,0.40835551868550723
2022-10-18 09:32:01.619000+00:00,0.33876,1.2594318873341703,-0.9206718873341704,0.9206718873341704
2022-10-18 09:32:03.557000+00:00,12.37794,1.2594489672663904,11.11849103273361,11.11849103273361
2022-10-18 09:32:05.474000+00:00,0.33876,1.2594658621219457,-0.9207058621219457,0.9207058621219457
2022-10-18 09:32:07.311000+00:00,0.0,1.2594820519235395,-1.2594820519235395,1.2594820519235395
2022-10-18 09:32:09.239000+00:00,3.17918,1.2594990437240146,1.9196809562759856,1.9196809562759856
2022-10-18 09:32:11.106000+00:00,0.93812,1.2595154979208436,-0.32139549792084365,0.32139549792084365
2022-10-18 09:32:13.004000+00:00,1.04235,1.2595322253260832,-0.2171822253260831,0.2171822253260831
2022-10-18 09:32:14.963000+00:00,0.886,1.2595494903349684,-0.3735494903349684,0.3735494903349684
2022-10-18 09:32:16.846000+00:00,0.20847,1.2595660855425899,-1.05109608554259,1.05109608554259
2022-10-18 09:32:18.769000+00:00,0.0,1.2595830332771922,-1.2595830332771922,1.2595830332771922
2022-10-18 09:32:20.695000+00:00,0.0,1.2596000074513185,-1.2596000074513185,1.2596000074513185
2022-10-18 09:32:22.583000+00:00,0.0,1.2596166467248127,-1.2596166467248127,1.2596166467248127
2022-10-18 09:32:24.451000+00:00,0.0,1.2596331097348163,-1.2596331097348163,1.2596331097348163
2022-10-18 09:32:26.387000+00:00,0.0,1.2596501720406876,-1.2596501720406876,1.2596501720406876
2022-10-18 09:32:28.299000+00:00,0.0,1.2596670228303704,-1.2596670228303704,1.2596670228303704
2022-10-18 09:32:30.121000+00:00,0.0,1.2596830804343462,-1.2596830804343462,1.2596830804343462
2022-10-18 09:32:31.987000+00:00,0.0,1.259699525818001,-1.259699525818001,1.259699525818001
2022-10-18 09:32:33.847000+00:00,0.0,1.2597159183226088,-1.2597159183226088,1.2597159183226088
2022-10-18 09:32:35.707000+00:00,0.0,1.2597323108272165,-1.2597323108272165,1.2597323108272165
2022-10-18 09:32:37.556000+00:00,0.0,1.2597486063869043,-1.2597486063869043,1.2597486063869043
2022-10-18 09:32:39.425000+00:00,0.0,1.2597650782100827,-1.2597650782100827,1.2597650782100827
2022-10-18 09:32:41.300000+00:00,0.0,1.2597816029123081,-1.2597816029123081,1.2597816029123081
2022-10-18 09:32:43.249000+00:00,0.0,1.259798779789448,-1.259798779789448,1.259798779789448
2022-10-18 09:32:45.160000+00:00,2.94465,1.2598156217659562,1.684834378234044,1.684834378234044
2022-10-18 09:32:47.175000+00:00,3.83065,1.2598333803126145,2.5708166196873856,2.5708166196873856
2022-10-18 09:32:49.127000+00:00,2.24106,1.2598505836292782,0.9812094163707219,0.9812094163707219
2022-10-18 09:32:51.050000+00:00,0.05212,1.2598675313638805,-1.2077475313638806,1.2077475313638806
2022-10-18 09:32:52.959000+00:00,1.53747,1.2598843557140396,0.27758564428596033,0.27758564428596033
2022-10-18 09:32:54.922000+00:00,3.07494,1.2599016559756229,1.815038344024377,1.815038344024377
2022-10-18 09:32:56.876000+00:00,3.02282,1.2599188769186354,1.7629011230813645,1.7629011230813645
2022-10-18 09:32:58.763000+00:00,0.41694,1.2599355073789553,-0.8429955073789553,0.8429955073789553
2022-10-18 09:33:04.367000+00:00,5.52447,1.2599848964089666,4.264485103591033,4.264485103591033
2022-10-18 09:33:06.299000+00:00,1.51141,1.2600019234621396,0.25140807653786035,0.25140807653786035
2022-10-18 09:33:08.206000+00:00,0.96418,1.26001873018595,-0.29583873018594997,0.29583873018594997
2022-10-18 09:33:10.082000+00:00,0.78176,1.2600352637013499,-0.4782752637013499,0.4782752637013499
2022-10-18 09:33:12.050000+00:00,0.13029,1.2600526080288057,-1.1297626080288057,1.1297626080288057
2022-10-18 09:33:14.005000+00:00,0.10424,1.2600698377849928,-1.1558298377849927,1.1558298377849927
2022-10-18 09:33:15.944000+00:00,0.26059,1.2600869265303876,-0.9994969265303876,0.9994969265303876
2022-10-18 09:33:17.783000+00:00,0.0,1.2601031339583302,-1.2601031339583302,1.2601031339583302
2022-10-18 09:33:19.606000+00:00,0.0,1.2601192003754806,-1.2601192003754806,1.2601192003754806
2022-10-18 09:33:21.465000+00:00,0.0,1.2601355840669137,-1.2601355840669137,1.2601355840669137
2022-10-18 09:33:23.393000+00:00,0.0,1.2601525758673888,-1.2601525758673888,1.2601525758673888
2022-10-18 09:33:25.285000+00:00,0.0,1.2601692503935813,-1.2601692503935813,1.2601692503935813
2022-10-18 09:33:27.159000+00:00,0.0,1.2601857662826321,-1.2601857662826321,1.2601857662826321
2022-10-18 09:33:29.065000+00:00,0.0,1.2602025641932677,-1.2602025641932677,1.2602025641932677
2022-10-18 09:33:30.882000+00:00,0.0,1.2602185777313708,-1.2602185777313708,1.2602185777313708
2022-10-18 09:33:32.799000+00:00,0.0,1.2602354725869263,-1.2602354725869263,1.2602354725869263
2022-10-18 09:33:34.776000+00:00,0.39088,1.2602528962329527,-0.8693728962329527,0.8693728962329527
2022-10-18 09:33:36.738000+00:00,10.03265,1.2602701876813616,8.772379812318638,8.772379812318638
2022-10-18 09:33:38.565000+00:00,0.93812,1.26028628935121,-0.32216628935120994,0.32216628935120994
2022-10-18 09:33:40.458000+00:00,0.31271,1.2603029726905768,-0.9475929726905767,0.9475929726905767
2022-10-18 09:33:42.334000+00:00,0.49512,1.2603195062059769,-0.7651995062059769,0.7651995062059769
2022-10-18 09:33:44.237000+00:00,3.544,1.260336277677089,2.283663722322911,2.283663722322911
2022-10-18 09:33:46.181000+00:00,0.26059,1.2603534104883563,-0.9997634104883563,0.9997634104883563
2022-10-18 09:33:48.099000+00:00,0.02606,1.2603703141570861,-1.2343103141570861,1.2343103141570861
2022-10-18 09:33:50.028000+00:00,0.443,1.2603873147707358,-0.8173873147707358,0.8173873147707358
2022-10-18 09:33:51.965000+00:00,4.58635,1.2604043858897813,3.325945614110219,3.325945614110219
2022-10-18 09:33:53.893000+00:00,1.04235,1.2604213776902564,-0.2180713776902563,0.2180713776902563
2022-10-18 09:33:55.780000+00:00,0.23453,1.260438008150576,-1.025908008150576,1.025908008150576
2022-10-18 09:33:57.648000+00:00,0.36482,1.26045447116058,-0.8956344711605801,0.8956344711605801
2022-10-18 09:33:59.586000+00:00,0.99024,1.2604715510928002,-0.27023155109280017,0.27023155109280017
2022-10-18 09:34:01.432000+00:00,6.98377,1.2604878202129646,5.723282179787035,5.723282179787035
2022-10-18 09:34:03.331000+00:00,5.42024,1.2605045564313784,4.159735443568621,4.159735443568621
2022-10-18 09:34:08.846000+00:00,0.0,1.2605531610888576,-1.2605531610888576,1.2605531610888576
2022-10-18 09:34:10.728000+00:00,0.0,1.2605697474833049,-1.2605697474833049,1.2605697474833049
2022-10-18 09:34:12.596000+00:00,0.0,1.2605862104933085,-1.2605862104933085,1.2605862104933085
2022-10-18 09:34:14.502000+00:00,0.0,1.2606030084039443,-1.2606030084039443,1.2606030084039443
2022-10-18 09:34:16.393000+00:00,0.0,1.260619674116962,-1.260619674116962,1.260619674116962
2022-10-18 09:34:18.236000+00:00,0.0,1.260635916797603,-1.260635916797603,1.260635916797603
2022-10-18 09:34:20.143000+00:00,0.0,1.2606527235214129,-1.2606527235214129,1.2606527235214129
2022-10-18 09:34:22.002000+00:00,0.0,1.2606691072128462,-1.2606691072128462,1.2606691072128462
2022-10-18 09:34:23.909000+00:00,0.0,1.2606859139366562,-1.2606859139366562,1.2606859139366562
2022-10-18 09:34:25.864000+00:00,0.39088,1.2607031436928433,-0.8698231436928433,0.8698231436928433
2022-10-18 09:34:27.674000+00:00,9.79812,1.2607190955387249,8.537400904461276,8.537400904461276
2022-10-18 09:34:29.612000+00:00,0.18241,1.2607361754709452,-1.0783261754709452,1.0783261754709452
2022-10-18 09:34:31.455000+00:00,8.31277,1.260752418151586,7.052017581848414,7.052017581848414
2022-10-18 09:34:33.409000+00:00,0.49512,1.2607696390945984,-0.7656496390945984,0.7656496390945984
2022-10-18 09:34:35.378000+00:00,2.84041,1.2607869922352288,1.579623007764771,1.579623007764771
2022-10-18 09:34:37.347000+00:00,4.35182,1.2608043453758593,3.0910156546241407,3.0910156546241407
2022-10-18 09:34:39.268000+00:00,0.31271,1.2608212754841126,-0.9481112754841126,0.9481112754841126
2022-10-18 09:34:41.190000+00:00,0.39088,1.2608382144055406,-0.8699582144055406,0.8699582144055406
2022-10-18 09:34:43.115000+00:00,0.18241,1.2608551797664922,-1.0784451797664922,1.0784451797664922
2022-10-18 09:34:44.992000+00:00,0.23453,1.2608717220950665,-1.0263417220950666,1.0263417220950666
2022-10-18 09:34:46.960000+00:00,3.51794,1.2608890664225223,2.2570509335774775,2.2570509335774775
2022-10-18 09:34:48.957000+00:00,1.17265,1.2609066663320394,-0.08825666633203944,0.08825666633203944
2022-10-18 09:34:50.866000+00:00,11.36165,1.2609234906821984,10.1007265093178,10.1007265093178
2022-10-18 09:34:52.764000+00:00,0.02606,1.260940218087438,-1.234880218087438,1.234880218087438
2022-10-18 09:34:54.672000+00:00,0.28665,1.2609570336244227,-0.9743070336244226,0.9743070336244226
2022-10-18 09:34:56.599000+00:00,0.28665,1.2609740166117231,-0.9743240166117231,0.9743240166117231
2022-10-18 09:34:58.467000+00:00,0.0,1.2609904796217268,-1.2609904796217268,1.2609904796217268
2022-10-18 09:35:00.346000+00:00,0.0,1.2610070395766504,-1.2610070395766504,1.2610070395766504
2022-10-18 09:35:02.237000+00:00,0.0,1.2610237052896682,-1.2610237052896682,1.2610237052896682
2022-10-18 09:35:04.050000+00:00,0.0,1.2610396835750735,-1.2610396835750735,1.2610396835750735
2022-10-18 09:35:05.895000+00:00,0.0,1.2610559438820634,-1.2610559438820634,1.2610559438820634
2022-10-18 09:35:07.753000+00:00,0.0,1.2610723187603219,-1.2610723187603219,1.2610723187603219
2022-10-18 09:35:13.267000+00:00,0.0,1.2611209146046267,-1.2611209146046267,1.2611209146046267
2022-10-18 09:35:15.143000+00:00,0.0,1.2611374481200266,-1.2611374481200266,1.2611374481200266
2022-10-18 09:35:17.080000+00:00,0.0,1.2611545192390723,-1.2611545192390723,1.2611545192390723
2022-10-18 09:35:18.936000+00:00,0.0,1.261170876490982,-1.261170876490982,1.261170876490982
2022-10-18 09:35:20.854000+00:00,0.0,1.2611877801597116,-1.2611877801597116,1.2611877801597116
2022-10-18 09:35:22.724000+00:00,0.0,1.2612042607960645,-1.2612042607960645,1.2612042607960645
2022-10-18 09:35:24.668000+00:00,0.0,1.261221393607332,-1.261221393607332,1.261221393607332
2022-10-18 09:35:26.537000+00:00,0.0,1.2612378654305103,-1.2612378654305103,1.2612378654305103
2022-10-18 09:35:28.463000+00:00,0.0,1.2612548396046361,-1.2612548396046361,1.2612548396046361
2022-10-18 09:35:30.332000+00:00,0.0,1.2612713114278147,-1.2612713114278147,1.2612713114278147
2022-10-18 09:35:32.208000+00:00,0.0,1.2612878449432146,-1.2612878449432146,1.2612878449432146
2022-10-18 09:35:34.037000+00:00,0.0,1.2613039642394122,-1.2613039642394122,1.2613039642394122
2022-10-18 09:35:35.920000+00:00,0.0,1.2613205594470336,-1.2613205594470336,1.2613205594470336
2022-10-18 09:35:37.786000+00:00,0.0,1.2613370048306884,-1.2613370048306884,1.2613370048306884
2022-10-18 09:35:39.602000+00:00,0.0,1.2613530095556174,-1.2613530095556174,1.2613530095556174
2022-10-18 09:35:41.457000+00:00,0.0,1.2613693579943523,-1.2613693579943523,1.2613693579943523
2022-10-18 09:35:43.348000+00:00,0.0,1.2613860237073702,-1.2613860237073702,1.2613860237073702
2022-10-18 09:35:45.379000+00:00,0.0,1.2614039232648206,-1.2614039232648206,1.2614039232648206
2022-10-18 09:35:47.302000+00:00,0.0,1.2614208709994232,-1.2614208709994232,1.2614208709994232
2022-10-18 09:35:49.145000+00:00,0.0,1.261437113680064,-1.261437113680064,1.261437113680064
2022-10-18 09:35:51.004000+00:00,0.0,1.2614534973714973,-1.2614534973714973,1.2614534973714973
2022-10-18 09:35:52.931000+00:00,0.0,1.2614704803587977,-1.2614704803587977,1.2614704803587977
2022-10-18 09:35:54.801000+00:00,0.0,1.2614869609951507,-1.2614869609951507,1.2614869609951507
2022-10-18 09:35:56.645000+00:00,0.0,1.2615032124889658,-1.2615032124889658,1.2615032124889658
2022-10-18 09:35:58.566000+00:00,0.0,1.2615201425972193,-1.2615201425972193,1.2615201425972193
2022-10-18 09:36:00.436000+00:00,0.0,1.261536623233572,-1.261536623233572,1.261536623233572
2022-10-18 09:36:02.348000+00:00,0.0,1.2615534740232548,-1.2615534740232548,1.2615534740232548
2022-10-18 09:36:04.242000+00:00,0.0,1.261570166175796,-1.261570166175796,1.261570166175796
2022-10-18 09:36:06.063000+00:00,0.0,1.2615862149665977,-1.2615862149665977,1.2615862149665977
2022-10-18 09:36:07.904000+00:00,0.0,1.2616024400208894,-1.2616024400208894,1.2616024400208894
2022-10-18 09:36:09.816000+00:00,0.0,1.2616192908105721,-1.2616192908105721,1.2616192908105721
2022-10-18 09:36:11.677000+00:00,0.0,1.2616356921283542,-1.2616356921283542,1.2616356921283542
2022-10-18 09:36:18.018000+00:00,0.0,1.261691576467987,-1.261691576467987,1.261691576467987
2022-10-18 09:36:19.846000+00:00,0.0,1.2617076869510102,-1.2617076869510102,1.2617076869510102
2022-10-18 09:36:21.674000+00:00,0.0,1.261723797434033,-1.261723797434033,1.261723797434033
2022-10-18 09:36:23.549000+00:00,0.0,1.2617403221362586,-1.2617403221362586,1.2617403221362586
2022-10-18 09:36:25.409000+00:00,0.0,1.2617567146408661,-1.2617567146408661,1.2617567146408661
2022-10-18 09:36:27.316000+00:00,0.0,1.2617735213646764,-1.2617735213646764,1.2617735213646764
2022-10-18 09:36:29.270000+00:00,0.0,1.261790742307689,-1.261790742307689,1.261790742307689
2022-10-18 09:36:31.144000+00:00,0.0,1.26180725819674,-1.26180725819674,1.26180725819674
2022-10-18 09:36:33.066000+00:00,0.0,1.2618241971181678,-1.2618241971181678,1.2618241971181678
2022-10-18 09:36:34.877000+00:00,0.0,1.261840157777224,-1.261840157777224,1.261840157777224
2022-10-18 09:36:36.799000+00:00,0.0,1.2618570966986518,-1.2618570966986518,1.2618570966986518
2022-10-18 09:36:38.675000+00:00,0.0,1.2618736302140519,-1.2618736302140519,1.2618736302140519
2022-10-18 09:36:40.613000+00:00,0.0,1.2618907101462722,-1.2618907101462722,1.2618907101462722
2022-10-18 09:36:42.486000+00:00,0.0,1.2619072172221486,-1.2619072172221486,1.2619072172221486
2022-10-18 09:36:44.398000+00:00,0.0,1.2619240680118313,-1.2619240680118313,1.2619240680118313
2022-10-18 09:36:46.269000+00:00,0.0,1.2619405574613585,-1.2619405574613585,1.2619405574613585
2022-10-18 09:36:48.190000+00:00,0.0,1.261957487569612,-1.261957487569612,1.261957487569612
2022-10-18 09:36:50.112000+00:00,0.0,1.26197442649104,-1.26197442649104,1.26197442649104
2022-10-18 09:36:52.002000+00:00,0.0,1.2619910833908832,-1.2619910833908832,1.2619910833908832
2022-10-18 09:36:53.877000+00:00,0.0,1.2620076080931089,-1.2620076080931089,1.2620076080931089
2022-10-18 09:36:55.660000+00:00,0.0,1.2620233219832784,-1.2620233219832784,1.2620233219832784
2022-10-18 09:36:57.537000+00:00,0.0,1.2620398643118527,-1.2620398643118527,1.2620398643118527
2022-10-18 09:36:59.454000+00:00,0.0,1.262056759167408,-1.262056759167408,1.262056759167408
2022-10-18 09:37:01.347000+00:00,0.0,1.262073442506775,-1.262073442506775,1.262073442506775
2022-10-18 09:37:03.221000+00:00,0.0,1.2620899583958258,-1.2620899583958258,1.2620899583958258
2022-10-18 09:37:05.143000+00:00,0.0,1.2621068973172536,-1.2621068973172536,1.2621068973172536
2022-10-18 09:37:07.019000+00:00,0.0,1.2621234308326539,-1.2621234308326539,1.2621234308326539
2022-10-18 09:37:08.858000+00:00,0.0,1.2621396382605965,-1.2621396382605965,1.2621396382605965
2022-10-18 09:37:10.743000+00:00,0.0,1.262156251094567,-1.262156251094567,1.262156251094567
2022-10-18 09:37:12.627000+00:00,0.0,1.2621728551153635,-1.2621728551153635,1.2621728551153635
2022-10-18 09:37:14.518000+00:00,0.0,1.262189520828381,-1.262189520828381,1.262189520828381
2022-10-18 09:37:16.382000+00:00,0.0,1.2622059485856867,-1.2622059485856867,1.2622059485856867
2022-10-18 09:37:22.336000+00:00,0.0,1.2622584222267803,-1.2622584222267803,1.2622584222267803
2022-10-18 09:37:24.222000+00:00,0.0,1.2622750438739256,-1.2622750438739256,1.2622750438739256
2022-10-18 09:37:26.112000+00:00,0.0,1.2622917007737688,-1.2622917007737688,1.2622917007737688
2022-10-18 09:37:28.050000+00:00,0.0,1.2623087807059892,-1.2623087807059892,1.2623087807059892
2022-10-18 09:37:29.925000+00:00,0.0,1.2623253054082144,-1.2623253054082144,1.2623253054082144
2022-10-18 09:37:31.784000+00:00,0.0,1.2623416890996477,-1.2623416890996477,1.2623416890996477
2022-10-18 09:37:33.675000+00:00,0.0,1.2623583548126653,-1.2623583548126653,1.2623583548126653
2022-10-18 09:37:35.564000+00:00,0.0,1.2623750028993341,-1.2623750028993341,1.2623750028993341
2022-10-18 09:37:37.377000+00:00,0.0,1.2623909811847396,-1.2623909811847396,1.2623909811847396
2022-10-18 09:37:39.237000+00:00,0.0,1.262407373689347,-1.262407373689347,1.262407373689347
2022-10-18 09:37:41.159000+00:00,0.0,1.2624243126107748,-1.2624243126107748,1.2624243126107748
2022-10-18 09:37:43.033000+00:00,0.0,1.2624408284998259,-1.2624408284998259,1.2624408284998259
2022-10-18 09:37:44.923000+00:00,0.0,1.2624574853996693,-1.2624574853996693,1.2624574853996693
2022-10-18 09:37:46.841000+00:00,0.0,1.262474389068399,-1.262474389068399,1.262474389068399
2022-10-18 09:37:48.783000+00:00,0.0,1.2624915042533176,-1.2624915042533176,1.2624915042533176
2022-10-18 09:37:50.659000+00:00,0.0,1.2625080377687175,-1.2625080377687175,1.2625080377687175
2022-10-18 09:37:52.464000+00:00,0.0,1.2625239455487263,-1.2625239455487263,1.2625239455487263
2022-10-18 09:37:54.253000+00:00,0.0,1.2625397123179432,-1.2625397123179432,1.2625397123179432
2022-10-18 09:37:56.159000+00:00,0.0,1.2625565102285787,-1.2625565102285787,1.2625565102285787
2022-10-18 09:37:57.987000+00:00,0.0,1.2625726207116017,-1.2625726207116017,1.2625726207116017
2022-10-18 09:37:59.861000+00:00,0.0,1.2625891366006528,-1.2625891366006528,1.2625891366006528
2022-10-18 09:38:01.768000+00:00,0.0,1.2626059433244627,-1.2626059433244627,1.2626059433244627
2022-10-18 09:38:03.694000+00:00,0.0,1.2626229174985888,-1.2626229174985888,1.2626229174985888
2022-10-18 09:38:05.628000+00:00,0.0,1.262639962178111,-1.262639962178111,1.262639962178111
2022-10-18 09:38:07.529000+00:00,0.0,1.262656716022874,-1.262656716022874,1.262656716022874
2022-10-18 09:38:09.424000+00:00,0.0,1.2626734169885898,-1.2626734169885898,1.2626734169885898
2022-10-18 09:38:11.300000+00:00,0.0,1.2626899505039897,-1.2626899505039897,1.2626899505039897
2022-10-18 09:38:13.175000+00:00,0.0,1.2627064752062154,-1.2627064752062154,1.2627064752062154
2022-10-18 09:38:15.065000+00:00,0.0,1.2627231321060584,-1.2627231321060584,1.2627231321060584
2022-10-18 09:38:16.925000+00:00,0.0,1.2627395246106663,-1.2627395246106663,1.2627395246106663
2022-10-18 09:38:18.815000+00:00,0.0,1.2627561815105093,-1.2627561815105093,1.2627561815105093
2022-10-18 09:38:20.690000+00:00,0.0,1.262772706212735,-1.262772706212735,1.262772706212735
2022-10-18 09:38:26.908000+00:00,0.0,1.262827506531902,-1.262827506531902,1.262827506531902
2022-10-18 09:38:28.816000+00:00,0.0,1.2628443220688865,-1.2628443220688865,1.2628443220688865
2022-10-18 09:38:30.730000+00:00,0.0,1.2628611904849183,-1.2628611904849183,1.2628611904849183
2022-10-18 09:38:32.595000+00:00,0.0,1.2628776270553983,-1.2628776270553983,1.2628776270553983
2022-10-18 09:38:34.518000+00:00,0.0,1.2628945747900007,-1.2628945747900007,1.2628945747900007
2022-10-18 09:38:36.342000+00:00,0.0,1.2629106500203258,-1.2629106500203258,1.2629106500203258
2022-10-18 09:38:38.221000+00:00,0.0,1.2629272099752495,-1.2629272099752495,1.2629272099752495
2022-10-18 09:38:40.095000+00:00,0.0,1.2629437258643001,-1.2629437258643001,1.2629437258643001
2022-10-18 09:38:41.962000+00:00,0.0,1.2629601800611296,-1.2629601800611296,1.2629601800611296
2022-10-18 09:38:43.894000+00:00,0.0,1.2629772071143028,-1.2629772071143028,1.2629772071143028
2022-10-18 09:38:45.788000+00:00,0.0,1.262993899266844,-1.262993899266844,1.262993899266844
2022-10-18 09:38:47.627000+00:00,0.0,1.2630101066947867,-1.2630101066947867,1.2630101066947867
2022-10-18 09:38:49.510000+00:00,0.0,1.2630267019024086,-1.2630267019024086,1.2630267019024086
2022-10-18 09:38:51.439000+00:00,0.0,1.263043702516058,-1.263043702516058,1.263043702516058
2022-10-18 09:38:53.361000+00:00,0.0,1.2630606414374859,-1.2630606414374859,1.2630606414374859
2022-10-18 09:38:55.237000+00:00,0.0,1.263077174952886,-1.263077174952886,1.263077174952886
2022-10-18 09:38:57.112000+00:00,0.0,1.2630936996551114,-1.2630936996551114,1.2630936996551114
2022-10-18 09:38:58.986000+00:00,0.0,1.2631102155441623,-1.2631102155441623,1.2631102155441623
2022-10-18 09:39:00.853000+00:00,0.0,1.2631266697409917,-1.2631266697409917,1.2631266697409917
2022-10-18 09:39:02.784000+00:00,0.0,1.2631436879809903,-1.2631436879809903,1.2631436879809903
2022-10-18 09:39:04.642000+00:00,0.0,1.263160062859249,-1.263160062859249,1.263160062859249
2022-10-18 09:39:06.565000+00:00,0.0,1.2631770105938513,-1.2631770105938513,1.2631770105938513
2022-10-18 09:39:08.487000+00:00,0.0,1.263193949515279,-1.263193949515279,1.263193949515279
2022-10-18 09:39:10.394000+00:00,0.0,1.2632107562390893,-1.2632107562390893,1.2632107562390893
2022-10-18 09:39:12.221000+00:00,0.0,1.2632268579089376,-1.2632268579089376,1.2632268579089376
2022-10-18 09:39:14.097000+00:00,0.0,1.263243391424338,-1.263243391424338,1.263243391424338
2022-10-18 09:39:15.932000+00:00,0.0,1.2632595635995822,-1.2632595635995822,1.2632595635995822
2022-10-18 09:39:17.814000+00:00,0.0,1.2632761499940295,-1.2632761499940295,1.2632761499940295
2022-10-18 09:39:19.754000+00:00,0.0,1.2632932475525989,-1.2632932475525989,1.2632932475525989
2022-10-18 09:39:21.625000+00:00,0.0,1.263309737002126,-1.263309737002126,1.263309737002126
2022-10-18 09:39:23.408000+00:00,0.0,1.263325450892296,-1.263325450892296,1.263325450892296
2022-10-18 09:39:25.328000+00:00,0.0,1.2633423721873747,-1.2633423721873747,1.2633423721873747
2022-10-18 09:39:31.423000+00:00,0.0,1.2633960884860755,-1.2633960884860755,1.2633960884860755
2022-10-18 09:39:33.312000+00:00,0.0,1.2634127365727443,-1.2634127365727443,1.2634127365727443
2022-10-18 09:39:35.203000+00:00,0.0,1.2634294022857622,-1.2634294022857622,1.2634294022857622
2022-10-18 09:39:37.065000+00:00,0.0,1.2634458124167187,-1.2634458124167187,1.2634458124167187
2022-10-18 09:39:38.891000+00:00,0.0,1.2634619052733926,-1.2634619052733926,1.2634619052733926
2022-10-18 09:39:40.817000+00:00,0.0,1.263478879447519,-1.263478879447519,1.263478879447519
2022-10-18 09:39:42.719000+00:00,0.0,1.2634956421054562,-1.2634956421054562,1.2634956421054562
2022-10-18 09:39:44.594000+00:00,0.0,1.2635121668076819,-1.2635121668076819,1.2635121668076819
2022-10-18 09:39:46.480000+00:00,0.0,1.263528788454827,-1.263528788454827,1.263528788454827
2022-10-18 09:39:48.396000+00:00,0.0,1.2635456744972078,-1.2635456744972078,1.2635456744972078
2022-10-18 09:39:50.266000+00:00,0.0,1.2635621551335605,-1.2635621551335605,1.2635621551335605
2022-10-18 09:39:52.100000+00:00,0.0,1.2635783184956306,-1.2635783184956306,1.2635783184956306
2022-10-18 09:39:54.046000+00:00,0.0,1.2635954689332471,-1.2635954689332471,1.2635954689332471
2022-10-18 09:39:55.957000+00:00,0.0,1.2636123109097555,-1.2636123109097555,1.2636123109097555
2022-10-18 09:39:57.782000+00:00,0.0,1.2636283949532547,-1.2636283949532547,1.2636283949532547
2022-10-18 09:39:59.640000+00:00,0.0,1.2636447698315134,-1.2636447698315134,1.2636447698315134
2022-10-18 09:40:01.499000+00:00,0.0,1.2636611535229467,-1.2636611535229467,1.2636611535229467
2022-10-18 09:40:03.354000+00:00,0.0,1.2636775019616815,-1.2636775019616815,1.2636775019616815
2022-10-18 09:40:05.285000+00:00,0.15635,1.26369452020168,-1.10734452020168,1.10734452020168
2022-10-18 09:40:07.160000+00:00,1.06841,1.2637110449039057,-0.19530104490390565,0.19530104490390565
2022-10-18 09:40:09.087000+00:00,0.886,1.2637280278912062,-0.3777280278912062,0.3777280278912062
2022-10-18 09:40:11.016000+00:00,0.13029,1.2637450285048557,-1.1334550285048557,1.1334550285048557
2022-10-18 09:40:12.963000+00:00,0.54724,1.2637621877556466,-0.7165221877556467,0.7165221877556467
2022-10-18 09:40:14.840000+00:00,7.40071,1.2637787300842211,6.136931269915779,6.136931269915779
2022-10-18 09:40:16.813000+00:00,11.17924,1.2637961184775497,9.91544388152245,9.91544388152245
2022-10-18 09:40:18.784000+00:00,0.28665,1.263813489244529,-0.9771634892445289,0.9771634892445289
2022-10-18 09:40:20.716000+00:00,0.10424,1.2638305162977022,-1.159590516297702,1.159590516297702
2022-10-18 09:40:22.604000+00:00,0.28665,1.2638471555711965,-0.9771971555711965,0.9771971555711965
2022-10-18 09:40:24.503000+00:00,0.443,1.2638638917896103,-0.8208638917896103,0.8208638917896103
2022-10-18 09:40:26.436000+00:00,2.47559,1.263880927655958,1.211709072344042,1.211709072344042
2022-10-18 09:40:28.348000+00:00,1.69382,1.2638977784456407,0.42992222155435944,0.42992222155435944
2022-10-18 09:40:30.233000+00:00,3.04888,1.2639143912796114,1.7849656087203887,1.7849656087203887
2022-10-18 09:40:35.918000+00:00,0.23453,1.263964494176759,-1.029434494176759,1.029434494176759
2022-10-18 09:40:37.745000+00:00,0.0,1.2639805958466075,-1.2639805958466075,1.2639805958466075
2022-10-18 09:40:39.597000+00:00,0.0,1.263996917845819,-1.263996917845819,1.263996917845819
2022-10-18 09:40:41.459000+00:00,0.0,1.2640133279767756,-1.2640133279767756,1.2640133279767756
2022-10-18 09:40:43.285000+00:00,0.0,1.2640294208334497,-1.2640294208334497,1.2640294208334497
2022-10-18 09:40:45.221000+00:00,0.0,1.2640464831393208,-1.2640464831393208,1.2640464831393208
2022-10-18 09:40:47.190000+00:00,0.0,1.2640638362799512,-1.2640638362799512,1.2640638362799512
2022-10-18 09:40:49.018000+00:00,0.0,1.264079946762974,-1.264079946762974,1.264079946762974
2022-10-18 09:40:50.836000+00:00,0.0,1.2640959691142521,-1.2640959691142521,1.2640959691142521
2022-10-18 09:40:52.690000+00:00,0.0,1.2641123087398125,-1.2641123087398125,1.2641123087398125
2022-10-18 09:40:54.538000+00:00,0.443,1.264128595486326,-0.8211285954863259,0.8211285954863259
2022-10-18 09:40:56.435000+00:00,4.53424,1.264145314078391,3.2700946859216087,3.2700946859216087
2022-10-18 09:40:58.394000+00:00,3.75247,1.2641625790872761,2.488307420912724,2.488307420912724
2022-10-18 09:41:00.333000+00:00,0.26059,1.2641796678326709,-1.0035896678326708,1.0035896678326708
2022-10-18 09:41:02.299000+00:00,5.81112,1.2641969945337777,4.546923005466223,4.546923005466223
2022-10-18 09:41:04.240000+00:00,5.15965,1.2642141009055214,3.895435899094479,3.895435899094479
2022-10-18 09:41:06.159000+00:00,0.65147,1.2642310133874257,-0.6127610133874257,0.6127610133874257
2022-10-18 09:41:07.976000+00:00,0.75571,1.264247026925529,-0.508537026925529,0.508537026925529
2022-10-18 09:41:09.903000+00:00,0.62541,1.2642640099128295,-0.6388540099128295,0.6388540099128295
2022-10-18 09:41:11.791000+00:00,0.28665,1.2642806491863237,-0.9776306491863236,0.9776306491863236
2022-10-18 09:41:13.659000+00:00,2.03259,1.2642971121963276,0.7682928878036723,0.7682928878036723
2022-10-18 09:41:15.646000+00:00,0.26059,1.2643146239740992,-1.0037246239740991,1.0037246239740991
2022-10-18 09:41:17.581000+00:00,0.75571,1.2643316774667959,-0.5086216774667959,0.5086216774667959
2022-10-18 09:41:19.439000+00:00,1.43324,1.2643480523450545,0.16889194765494553,0.16889194765494553
2022-10-18 09:41:21.397000+00:00,2.60588,1.2643653085407651,1.3415146914592349,1.3415146914592349
2022-10-18 09:41:23.293000+00:00,0.13029,1.2643820183196557,-1.1340920183196557,1.1340920183196557
2022-10-18 09:41:25.303000+00:00,0.83388,1.2643997328004413,-0.4305197328004413,0.4305197328004413
2022-10-18 09:41:27.193000+00:00,0.0,1.2644163897002847,-1.2644163897002847,1.2644163897002847
2022-10-18 09:41:28.975000+00:00,0.0,1.2644320947772796,-1.2644320947772796,1.2644320947772796
2022-10-18 09:41:30.902000+00:00,0.0,1.2644490777645803,-1.2644490777645803,1.2644490777645803
2022-10-18 09:41:32.834000+00:00,0.0,1.2644661048177532,-1.2644661048177532,1.2644661048177532
2022-10-18 09:41:34.757000+00:00,0.0,1.2644830525523556,-1.2644830525523556,1.2644830525523556
2022-10-18 09:41:40.351000+00:00,0.0,1.264532353450622,-1.264532353450622,1.264532353450622
2022-10-18 09:41:42.194000+00:00,0.0,1.264548596131263,-1.264548596131263,1.264548596131263
2022-10-18 09:41:44.021000+00:00,0.0,1.2645646978011114,-1.2645646978011114,1.2645646978011114
2022-10-18 09:41:45.870000+00:00,0.0,1.2645809933607994,-1.2645809933607994,1.2645809933607994
2022-10-18 09:41:47.678000+00:00,0.0,1.2645969275803317,-1.2645969275803317,1.2645969275803317
2022-10-18 09:41:49.585000+00:00,0.0,1.2646137343041421,-1.2646137343041421,1.2646137343041421
2022-10-18 09:41:51.663000+00:00,0.0,1.264632048080795,-1.264632048080795,1.264632048080795
2022-10-18 09:41:53.522000+00:00,0.0,1.2646484317722282,-1.2646484317722282,1.2646484317722282
2022-10-18 09:41:55.498000+00:00,0.31271,1.2646658466050802,-0.9519558466050801,0.9519558466050801
2022-10-18 09:41:57.416000+00:00,7.29647,1.26468275027381,6.03178724972619,6.03178724972619
2022-10-18 09:41:59.334000+00:00,0.33876,1.26469965394254,-0.92593965394254,0.92593965394254
2022-10-18 09:42:01.256000+00:00,0.10424,1.2647165928639679,-1.1604765928639678,1.1604765928639678
2022-10-18 09:42:03.163000+00:00,5.05541,1.2647333995877779,3.7906766004122225,3.7906766004122225
2022-10-18 09:42:05.069000+00:00,0.49512,1.2647501974984134,-0.7696301974984134,0.7696301974984134
2022-10-18 09:42:06.976000+00:00,2.86647,1.2647670042222237,1.6017029957777764,1.6017029957777764
2022-10-18 09:42:08.882000+00:00,0.52118,1.2647838021328592,-0.7436038021328593,0.7436038021328593
2022-10-18 09:42:10.777000+00:00,0.96418,1.264800503098575,-0.3006205030985749,0.3006205030985749
2022-10-18 09:42:12.647000+00:00,0.52118,1.264816983734928,-0.7436369837349279,0.7436369837349279
2022-10-18 09:42:14.634000+00:00,4.16941,1.2648344955126998,2.9045755044873003,2.9045755044873003
2022-10-18 09:42:16.632000+00:00,0.36482,1.264852104235391,-0.9000321042353912,0.9000321042353912
2022-10-18 09:42:18.605000+00:00,0.07818,1.2648694926287196,-1.1866894926287197,1.1866894926287197
2022-10-18 09:42:20.566000+00:00,1.43324,1.2648867752639539,0.1683532247360462,0.1683532247360462
2022-10-18 09:42:22.480000+00:00,4.48212,1.2649036436799856,3.2172163563200145,3.2172163563200145
2022-10-18 09:42:24.399000+00:00,0.20847,1.26492055616189,-1.05645055616189,1.05645055616189
2022-10-18 09:42:26.347000+00:00,0.18241,1.2649377242258555,-1.0825277242258555,1.0825277242258555
2022-10-18 09:42:28.238000+00:00,0.20847,1.264954389938873,-1.0564843899388732,1.0564843899388732
2022-10-18 09:42:30.096000+00:00,0.0,1.2649707648171318,-1.2649707648171318,1.2649707648171318
2022-10-18 09:42:32.018000+00:00,0.0,1.2649877037385595,-1.2649877037385595,1.2649877037385595
2022-10-18 09:42:33.936000+00:00,0.0,1.2650046074072896,-1.2650046074072896,1.2650046074072896
2022-10-18 09:42:35.852000+00:00,0.0,1.2650214934496704,-1.2650214934496704,1.2650214934496704
2022-10-18 09:42:37.722000+00:00,0.0,1.2650379740860234,-1.2650379740860234,1.2650379740860234
2022-10-18 09:42:39.628000+00:00,0.0,1.2650547719966587,-1.2650547719966587,1.2650547719966587
2022-10-18 09:42:45.019000+00:00,0.0,1.2651022838204975,-1.2651022838204975,1.2651022838204975
2022-10-18 09:42:46.909000+00:00,0.0,1.2651189407203407,-1.2651189407203407,1.2651189407203407
2022-10-18 09:42:48.721000+00:00,0.0,1.2651349101925713,-1.2651349101925713,1.2651349101925713
2022-10-18 09:42:50.627000+00:00,0.0,1.265151708103207,-1.265151708103207,1.265151708103207
2022-10-18 09:42:52.612000+00:00,0.26059,1.2651692022546297,-1.0045792022546296,1.0045792022546296
2022-10-18 09:42:54.566000+00:00,13.13365,1.2651864231976422,11.868463576802357,11.868463576802357
2022-10-18 09:42:56.393000+00:00,1.58959,1.2652025248674907,0.3243874751325093,0.3243874751325093
2022-10-18 09:42:58.290000+00:00,0.31271,1.2652192434595557,-0.9525092434595557,0.9525092434595557
2022-10-18 09:43:00.177000+00:00,0.52118,1.2652358739198752,-0.7440558739198753,0.7440558739198753
2022-10-18 09:43:02.127000+00:00,0.23453,1.2652530596101899,-1.03072305961019,1.03072305961019
2022-10-18 09:43:04.063000+00:00,0.20847,1.265270121916061,-1.056800121916061,1.056800121916061
2022-10-18 09:43:05.961000+00:00,0.41694,1.2652868493213005,-0.8483468493213006,0.8483468493213006
2022-10-18 09:43:07.909000+00:00,0.33876,1.2653040173852659,-0.9265440173852659,0.9265440173852659
2022-10-18 09:43:09.896000+00:00,2.55377,1.2653215291630375,1.2884484708369626,1.2884484708369626
2022-10-18 09:43:11.753000+00:00,0.54724,1.2653378952281216,-0.7180978952281216,0.7180978952281216
2022-10-18 09:43:13.644000+00:00,0.13029,1.2653545609411396,-1.1350645609411396,1.1350645609411396
2022-10-18 09:43:15.502000+00:00,0.26059,1.2653709358193983,-1.0047809358193982,1.0047809358193982
2022-10-18 09:43:17.343000+00:00,3.88277,1.26538716087369,2.61738283912631,2.61738283912631
2022-10-18 09:43:19.240000+00:00,1.329,1.265403879465755,0.06359612053424502,0.06359612053424502
2022-10-18 09:43:21.192000+00:00,4.09124,1.2654210827824184,2.825818917217582,2.825818917217582
2022-10-18 09:43:23.072000+00:00,0.31271,1.2654376515505164,-0.9527276515505163,0.9527276515505163
2022-10-18 09:43:24.989000+00:00,0.0,1.2654545464060716,-1.2654545464060716,1.2654545464060716
2022-10-18 09:43:26.864000+00:00,0.0,1.2654710711082973,-1.2654710711082973,1.2654710711082973
2022-10-18 09:43:28.786000+00:00,0.0,1.265488010029725,-1.265488010029725,1.265488010029725
2022-10-18 09:43:30.711000+00:00,0.0,1.2655049753906766,-1.2655049753906766,1.2655049753906766
2022-10-18 09:43:32.629000+00:00,0.0,1.2655218790594063,-1.2655218790594063,1.2655218790594063
2022-10-18 09:43:34.443000+00:00,0.0,1.2655378661579861,-1.2655378661579861,1.2655378661579861
2022-10-18 09:43:36.270000+00:00,0.0,1.2655539678278345,-1.2655539678278345,1.2655539678278345
2022-10-18 09:43:38.136000+00:00,0.0,1.2655704132114893,-1.2655704132114893,1.2655704132114893
2022-10-18 09:43:40.020000+00:00,0.0,1.2655870172322854,-1.2655870172322854,1.2655870172322854
2022-10-18 09:43:41.893000+00:00,0.0,1.2656035243081618,-1.2656035243081618,1.2656035243081618
2022-10-18 09:43:43.761000+00:00,6.38441,1.2656199873181657,5.118790012681834,5.118790012681834
2022-10-18 09:43:49.681000+00:00,0.13029,1.2656721613113255,-1.1353821613113255,1.1353821613113255
2022-10-18 09:43:51.641000+00:00,19.85683,1.2656894351333854,18.591140564866613,18.591140564866613
2022-10-18 09:43:53.476000+00:00,2.18894,1.2657056073086301,0.92323439269137,0.92323439269137
2022-10-18 09:43:55.313000+00:00,0.23453,1.2657217971102237,-1.0311917971102238,1.0311917971102238
2022-10-18 09:43:57.254000+00:00,3.28341,1.2657389034819675,2.0176710965180327,2.0176710965180327
2022-10-18 09:43:59.131000+00:00,0.33876,1.265755445810542,-0.926995445810542,0.926995445810542
2022-10-18 09:44:01.005000+00:00,0.65147,1.2657719616995928,-0.6143019616995928,0.6143019616995928
2022-10-18 09:44:02.991000+00:00,0.65147,1.26578946466419,-0.6143194646641901,0.6143194646641901
2022-10-18 09:44:04.879000+00:00,1.329,1.2658061039376842,0.06319389606231574,0.06319389606231574
2022-10-18 09:44:06.867000+00:00,0.36482,1.2658236245286307,-0.9010036245286308,0.9010036245286308
2022-10-18 09:44:08.805000+00:00,5.26388,1.2658407044608508,3.9980392955391495,3.9980392955391495
2022-10-18 09:44:10.702000+00:00,0.10424,1.2658574230529158,-1.161617423052916,1.161617423052916
2022-10-18 09:44:12.569000+00:00,8.39094,1.265873877249745,7.125066122750256,7.125066122750256
2022-10-18 09:44:14.427000+00:00,0.26059,1.2658902521280038,-1.005300252128004,1.005300252128004
2022-10-18 09:44:16.349000+00:00,0.0,1.2659071910494317,-1.2659071910494317,1.2659071910494317
2022-10-18 09:44:18.223000+00:00,0.0,1.2659237069384826,-1.2659237069384826,1.2659237069384826
2022-10-18 09:44:20.143000+00:00,0.0,1.2659406282335612,-1.2659406282335612,1.2659406282335612
2022-10-18 09:44:21.986000+00:00,0.0,1.2659568709142022,-1.2659568709142022,1.2659568709142022
2022-10-18 09:44:23.917000+00:00,0.0,1.2659738891542007,-1.2659738891542007,1.2659738891542007
2022-10-18 09:44:25.691000+00:00,0.0,1.2659895237257999,-1.2659895237257999,1.2659895237257999
2022-10-18 09:44:27.569000+00:00,0.0,1.2660060748675488,-1.2660060748675488,1.2660060748675488
2022-10-18 09:44:29.408000+00:00,0.0,1.2660222822954916,-1.2660222822954916,1.2660222822954916
2022-10-18 09:44:31.314000+00:00,0.0,1.2660390802061272,-1.2660390802061272,1.2660390802061272
2022-10-18 09:44:33.205000+00:00,0.31271,1.2660557459191448,-0.9533457459191448,0.9533457459191448
2022-10-18 09:44:35.117000+00:00,12.27371,1.2660725967088275,11.007637403291172,11.007637403291172
2022-10-18 09:44:37.035000+00:00,0.83388,1.2660895003775574,-0.43220950037755745,0.43220950037755745
2022-10-18 09:44:38.994000+00:00,0.443,1.2661067653864426,-0.8231067653864426,0.8231067653864426
2022-10-18 09:44:40.962000+00:00,0.49512,1.2661241097138984,-0.7710041097138984,0.7710041097138984
2022-10-18 09:44:42.870000+00:00,0.05212,1.266140925250883,-1.2140209252508831,1.2140209252508831
2022-10-18 09:44:44.878000+00:00,0.02606,1.2661586221053196,-1.2400986221053196,1.2400986221053196
2022-10-18 09:44:46.756000+00:00,0.39088,1.2661751732470687,-0.8752951732470687,0.8752951732470687
2022-10-18 09:44:48.683000+00:00,0.31271,1.2661921562343692,-0.9534821562343692,0.9534821562343692
2022-10-18 09:44:54.441000+00:00,1.40718,1.2662429024932569,0.14093709750674321,0.14093709750674321
2022-10-18 09:44:56.320000+00:00,0.26059,1.2662594624481804,-1.0056694624481803,1.0056694624481803
2022-10-18 09:44:58.246000+00:00,21.3943,1.2662764366223063,20.128023563377695,20.128023563377695
2022-10-18 09:45:00.174000+00:00,2.11077,1.2662934284227814,0.8444765715772187,0.8444765715772187
2022-10-18 09:45:02.070000+00:00,1.79806,1.266310138201672,0.5317498617983281,0.5317498617983281
2022-10-18 09:45:03.967000+00:00,0.28665,1.2663268567937367,-0.9796768567937366,0.9796768567937366
2022-10-18 09:45:05.773000+00:00,0.0,1.2663427733869204,-1.2663427733869204,1.2663427733869204
2022-10-18 09:45:07.628000+00:00,0.0,1.2663591218256554,-1.2663591218256554,1.2663591218256554
2022-10-18 09:45:09.519000+00:00,0.0,1.2663757875386732,-1.2663757875386732,1.2663757875386732
2022-10-18 09:45:11.394000+00:00,0.0,1.2663923122408987,-1.2663923122408987,1.2663923122408987
2022-10-18 09:45:13.267000+00:00,0.0,1.266408819316775,-1.266408819316775,1.266408819316775
2022-10-18 09:45:15.128000+00:00,0.0,1.2664252206345572,-1.2664252206345572,1.2664252206345572
2022-10-18 09:45:17.065000+00:00,0.0,1.2664422917536031,-1.2664422917536031,1.2664422917536031
2022-10-18 09:45:18.931000+00:00,0.0,1.2664587371372575,-1.2664587371372575,1.2664587371372575
2022-10-18 09:45:20.753000+00:00,0.0,1.2664747947412336,-1.2664747947412336,1.2664747947412336
2022-10-18 09:45:22.679000+00:00,0.0,1.2664917689153596,-1.2664917689153596,1.2664917689153596
2022-10-18 09:45:24.567000+00:00,0.0,1.2665084081888538,-1.2665084081888538,1.2665084081888538
2022-10-18 09:45:26.484000+00:00,0.0,1.2665253030444092,-1.2665253030444092,1.2665253030444092
2022-10-18 09:45:28.422000+00:00,0.0,1.2665423829766294,-1.2665423829766294,1.2665423829766294
2022-10-18 09:45:30.296000+00:00,0.0,1.2665588988656804,-1.2665588988656804,1.2665588988656804
2022-10-18 09:45:32.170000+00:00,0.0,1.2665754147547312,-1.2665754147547312,1.2665754147547312
2022-10-18 09:45:34.030000+00:00,0.0,1.266591807259339,-1.266591807259339,1.266591807259339
2022-10-18 09:45:35.950000+00:00,0.0,1.2666087285544179,-1.2666087285544179,1.2666087285544179
2022-10-18 09:45:37.750000+00:00,0.0,1.2666245922685544,-1.2666245922685544,1.2666245922685544
2022-10-18 09:45:39.687000+00:00,0.0,1.2666416633875999,-1.2666416633875999,1.2666416633875999
2022-10-18 09:45:41.576000+00:00,0.0,1.2666583114742687,-1.2666583114742687,1.2666583114742687
2022-10-18 09:45:43.498000+00:00,0.0,1.2666752503956968,-1.2666752503956968,1.2666752503956968
2022-10-18 09:45:45.366000+00:00,0.0,1.2666917134057005,-1.2666917134057005,1.2666917134057005
2022-10-18 09:45:47.170000+00:00,0.0,1.266707612372535,-1.266707612372535,1.266707612372535
2022-10-18 09:45:49.092000+00:00,0.0,1.2667245512939629,-1.2667245512939629,1.2667245512939629
2022-10-18 09:45:51.031000+00:00,0.0,1.2667416400393576,-1.2667416400393576,1.2667416400393576
2022-10-18 09:45:52.859000+00:00,0.0,1.2667577505223806,-1.2667577505223806,1.2667577505223806
2022-10-18 09:45:58.871000+00:00,0.0,1.2668107353275964,-1.2668107353275964,1.2668107353275964
2022-10-18 09:46:00.800000+00:00,0.0,1.2668277359412459,-1.2668277359412459,1.2668277359412459
2022-10-18 09:46:02.702000+00:00,0.0,1.2668444985991836,-1.2668444985991836,1.2668444985991836
2022-10-18 09:46:04.608000+00:00,0.0,1.2668612965098192,-1.2668612965098192,1.2668612965098192
2022-10-18 09:46:06.483000+00:00,0.0,1.2668778212120446,-1.2668778212120446,1.2668778212120446
2022-10-18 09:46:08.326000+00:00,0.0,1.2668940638926853,-1.2668940638926853,1.2668940638926853
2022-10-18 09:46:10.218000+00:00,0.0,1.2669107384188778,-1.2669107384188778,1.2669107384188778
2022-10-18 09:46:12.092000+00:00,0.0,1.2669272543079286,-1.2669272543079286,1.2669272543079286
2022-10-18 09:46:14.015000+00:00,0.0,1.266944202042531,-1.266944202042531,1.266944202042531
2022-10-18 09:46:15.983000+00:00,0.31271,1.2669615463699868,-0.9542515463699868,0.9542515463699868
2022-10-18 09:46:17.800000+00:00,1.64171,1.2669775599080904,0.37473244009190965,0.37473244009190965
2022-10-18 09:46:19.769000+00:00,0.59935,1.2669949130487206,-0.6676449130487205,0.6676449130487205
2022-10-18 09:46:21.599000+00:00,0.05212,1.2670110411580926,-1.2148910411580927,1.2148910411580927
2022-10-18 09:46:23.486000+00:00,0.33876,1.2670276716184123,-0.9282676716184124,0.9282676716184124
2022-10-18 09:46:25.423000+00:00,1.66777,1.267044742737458,0.40072525726254193,0.40072525726254193
2022-10-18 09:46:27.370000+00:00,4.69059,1.267061901988249,3.4235280980117513,3.4235280980117513
2022-10-18 09:46:29.221000+00:00,0.20847,1.267078215174286,-1.0586082151742862,1.0586082151742862
2022-10-18 09:46:31.189000+00:00,1.38112,1.2670955595017417,0.11402444049825822,0.11402444049825822
2022-10-18 09:46:33.082000+00:00,0.23453,1.2671122428411086,-1.0325822428411087,1.0325822428411087
2022-10-18 09:46:35.020000+00:00,0.31271,1.267129322773329,-0.9544193227733289,0.9544193227733289
2022-10-18 09:46:36.908000+00:00,1.71988,1.2671459620468233,0.4527340379531768,0.4527340379531768
2022-10-18 09:46:38.845000+00:00,0.83388,1.2671630331658688,-0.4332830331658688,0.4332830331658688
2022-10-18 09:46:40.732000+00:00,10.94471,1.2671796636261885,9.677530336373811,9.677530336373811
2022-10-18 09:46:42.590000+00:00,0.18241,1.267196038504447,-1.084786038504447,1.084786038504447
2022-10-18 09:46:44.507000+00:00,0.20847,1.2672129333600024,-1.0587429333600025,1.0587429333600025
2022-10-18 09:46:46.413000+00:00,0.28665,1.267229731270638,-0.9805797312706379,0.9805797312706379
2022-10-18 09:46:48.253000+00:00,0.0,1.2672459475117552,-1.2672459475117552,1.2672459475117552
2022-10-18 09:46:50.126000+00:00,0.0,1.2672624545876316,-1.2672624545876316,1.2672624545876316
2022-10-18 09:46:52.064000+00:00,0.0,1.2672795345198518,-1.2672795345198518,1.2672795345198518
2022-10-18 09:46:53.961000+00:00,0.0,1.267296253111917,-1.267296253111917,1.267296253111917
2022-10-18 09:46:55.834000+00:00,0.0,1.2673127601877932,-1.2673127601877932,1.2673127601877932
2022-10-18 09:46:57.767000+00:00,0.0,1.267329796054141,-1.267329796054141,1.267329796054141
2022-10-18 09:47:03.197000+00:00,0.0,1.2673776515917858,-1.2673776515917858,1.2673776515917858
2022-10-18 09:47:05.096000+00:00,0.0,1.2673943878101999,-1.2673943878101999,1.2673943878101999
2022-10-18 09:47:07.019000+00:00,0.0,1.2674113355448022,-1.2674113355448022,1.2674113355448022
2022-10-18 09:47:08.925000+00:00,0.0,1.2674281334554378,-1.2674281334554378,1.2674281334554378
2022-10-18 09:47:10.788000+00:00,0.0,1.267444552399569,-1.267444552399569,1.267444552399569
2022-10-18 09:47:12.612000+00:00,0.0,1.267460627629894,-1.267460627629894,1.267460627629894
2022-10-18 09:47:14.425000+00:00,0.0,1.267476605915299,-1.267476605915299,1.267476605915299
2022-10-18 09:47:16.315000+00:00,0.0,1.2674932628151425,-1.2674932628151425,1.2674932628151425
2022-10-18 09:47:18.221000+00:00,0.0,1.267510060725778,-1.267510060725778,1.267510060725778
2022-10-18 09:47:20.126000+00:00,0.0,1.267526849823239,-1.267526849823239,1.267526849823239
2022-10-18 09:47:22.098000+00:00,0.20847,1.2675442294033932,-1.0590742294033932,1.0590742294033932
2022-10-18 09:47:24.018000+00:00,3.101,1.2675611506984719,1.8334388493015281,1.8334388493015281
2022-10-18 09:47:25.986000+00:00,0.57329,1.2675784950259277,-0.6942884950259277,0.6942884950259277
2022-10-18 09:47:27.864000+00:00,7.974,1.2675950461676768,6.706404953832323,6.706404953832323
2022-10-18 09:47:29.753000+00:00,0.41694,1.2676116942543456,-0.8506716942543456,0.8506716942543456
2022-10-18 09:47:31.705000+00:00,1.43324,1.267628897571009,0.16561110242899102,0.16561110242899102
2022-10-18 09:47:33.567000+00:00,7.14012,1.2676453077019658,5.8724746922980335,5.8724746922980335
2022-10-18 09:47:35.465000+00:00,0.28665,1.2676620351072052,-0.9810120351072051,0.9810120351072051
2022-10-18 09:47:37.282000+00:00,0.28665,1.2676780486453085,-0.9810280486453085,0.9810280486453085
2022-10-18 09:47:39.188000+00:00,1.38112,1.267694846555944,0.11342515344405579,0.11342515344405579
2022-10-18 09:47:41.137000+00:00,0.57329,1.267712023433084,-0.6944220234330841,0.6944220234330841
2022-10-18 09:47:43.127000+00:00,1.329,1.2677295616503794,0.06127043834962054,0.06127043834962054
2022-10-18 09:47:45.094000+00:00,0.28665,1.2677468971646606,-0.9810968971646605,0.9810968971646605
2022-10-18 09:47:47.022000+00:00,6.95771,1.2677638889651357,5.689946111034864,5.689946111034864
2022-10-18 09:47:48.900000+00:00,0.52118,1.2677804401068848,-0.7466004401068849,0.7466004401068849
2022-10-18 09:47:50.850000+00:00,2.215,1.2677976257971992,0.9472023742028006,0.9472023742028006
2022-10-18 09:47:52.798000+00:00,0.28665,1.2678147938611648,-0.9811647938611647,0.9811647938611647
2022-10-18 09:47:54.641000+00:00,0.0,1.2678310365418055,-1.2678310365418055,1.2678310365418055
2022-10-18 09:47:56.447000+00:00,0.0,1.2678469531349892,-1.2678469531349892,1.2678469531349892
2022-10-18 09:47:58.314000+00:00,0.0,1.2678634073318182,-1.2678634073318182,1.2678634073318182
2022-10-18 09:48:00.142000+00:00,0.0,1.2678795178148414,-1.2678795178148414,1.2678795178148414
2022-10-18 09:48:02.017000+00:00,0.0,1.267896042517067,-1.267896042517067,1.267896042517067
2022-10-18 09:48:07.751000+00:00,0.0,1.267946577259766,-1.267946577259766,1.267946577259766
2022-10-18 09:48:09.626000+00:00,0.0,1.2679631019619912,-1.2679631019619912,1.2679631019619912
2022-10-18 09:48:11.579000+00:00,0.0,1.2679803140918295,-1.2679803140918295,1.2679803140918295
2022-10-18 09:48:13.507000+00:00,2.50165,1.2679973058923044,1.2336526941076957,1.2336526941076957
2022-10-18 09:48:15.505000+00:00,0.28665,1.268014914614996,-0.9813649146149959,0.9813649146149959
2022-10-18 09:48:17.453000+00:00,1.04235,1.2680320826789613,-0.22568208267896117,0.22568208267896117
2022-10-18 09:48:19.319000+00:00,0.07818,1.2680485280626161,-1.1898685280626162,1.1898685280626162
2022-10-18 09:48:21.237000+00:00,3.59612,1.268065431731346,2.328054568268654,2.328054568268654
2022-10-18 09:48:23.145000+00:00,3.38765,1.2680822472683306,2.119567752731669,2.119567752731669
2022-10-18 09:48:25.128000+00:00,1.56353,1.2680997237934042,0.2954302762065959,0.2954302762065959
2022-10-18 09:48:26.980000+00:00,6.7753,1.268116045792616,5.507183954207384,5.507183954207384
2022-10-18 09:48:28.857000+00:00,0.65147,1.2681325881211905,-0.6166625881211905,0.6166625881211905
2022-10-18 09:48:30.787000+00:00,0.78176,1.2681495975480144,-0.48638959754801436,0.48638959754801436
2022-10-18 09:48:32.767000+00:00,0.52118,1.2681670476335645,-0.7469870476335645,0.7469870476335645
2022-10-18 09:48:34.741000+00:00,3.15312,1.2681844448400674,1.8849355551599325,1.8849355551599325
2022-10-18 09:48:36.659000+00:00,2.60588,1.2682013485087973,1.3376786514912027,1.3376786514912027
2022-10-18 09:48:38.558000+00:00,2.13682,1.268218084727211,0.8686019152727891,0.8686019152727891
2022-10-18 09:48:40.425000+00:00,0.02606,1.2682345389240406,-1.2421745389240406,1.2421745389240406
2022-10-18 09:48:42.268000+00:00,5.62871,1.2682507816046813,4.360459218395318,4.360459218395318
2022-10-18 09:48:44.190000+00:00,0.20847,1.2682677205261093,-1.0597977205261093,1.0597977205261093
2022-10-18 09:48:46.080000+00:00,0.0,1.2682843774259525,-1.2682843774259525,1.2682843774259525
2022-10-18 09:48:47.924000+00:00,0.0,1.2683006289197678,-1.2683006289197678,1.2683006289197678
2022-10-18 09:48:49.783000+00:00,0.0,1.2683170126112011,-1.2683170126112011,1.2683170126112011
2022-10-18 09:48:51.642000+00:00,0.0,1.2683333963026342,-1.2683333963026342,1.2683333963026342
2022-10-18 09:48:53.518000+00:00,0.0,1.268349929818034,-1.268349929818034,1.268349929818034
2022-10-18 09:48:55.353000+00:00,0.0,1.2683661019932786,-1.2683661019932786,1.2683661019932786
2022-10-18 09:48:57.190000+00:00,0.0,1.2683822917948726,-1.2683822917948726,1.2683822917948726
2022-10-18 09:48:59.111000+00:00,0.0,1.2683992219031257,-1.2683992219031257,1.2683992219031257
2022-10-18 09:49:01.065000+00:00,0.0,1.2684164428461384,-1.2684164428461384,1.2684164428461384
2022-10-18 09:49:02.923000+00:00,0.0,1.268432817724397,-1.268432817724397,1.268432817724397
2022-10-18 09:49:04.810000+00:00,0.443,1.2684494481847168,-0.8254494481847168,0.8254494481847168
2022-10-18 09:49:06.706000+00:00,6.09777,1.2684661579636072,4.829303842036392,4.829303842036392
2022-10-18 09:49:12.425000+00:00,0.46906,1.2685165605086883,-0.7994565605086883,0.7994565605086883
2022-10-18 09:49:14.299000+00:00,1.14659,1.2685330763977394,-0.12194307639773938,0.12194307639773938
2022-10-18 09:49:16.148000+00:00,10.60594,1.2685493719574272,9.337390628042574,9.337390628042574
2022-10-18 09:49:18.106000+00:00,0.443,1.2685666281531378,-0.8255666281531377,0.8255666281531377
2022-10-18 09:49:20.075000+00:00,0.26059,1.2685839812937683,-1.0079939812937684,1.0079939812937684
2022-10-18 09:49:21.974000+00:00,0.13029,1.2686007175121823,-1.1383107175121823,1.1383107175121823
2022-10-18 09:49:23.881000+00:00,0.10424,1.2686175242359923,-1.1643775242359924,1.1643775242359924
2022-10-18 09:49:25.852000+00:00,0.15635,1.2686348950029718,-1.1122848950029718,1.1122848950029718
2022-10-18 09:49:27.747000+00:00,0.28665,1.2686515959686877,-0.9820015959686876,0.9820015959686876
2022-10-18 09:49:29.583000+00:00,8.62547,1.2686677769571069,7.356802223042893,7.356802223042893
2022-10-18 09:49:31.534000+00:00,0.67753,1.268684971460596,-0.5911549714605959,0.5911549714605959
2022-10-18 09:49:33.488000+00:00,2.84041,1.2687021924036084,1.5717078075963915,1.5717078075963915
2022-10-18 09:49:35.367000+00:00,0.31271,1.268718752358532,-0.9560087523585319,0.9560087523585319
2022-10-18 09:49:37.300000+00:00,0.0,1.2687357882248795,-1.2687357882248795,1.2687357882248795
2022-10-18 09:49:39.223000+00:00,0.0,1.268752735959482,-1.268752735959482,1.268752735959482
2022-10-18 09:49:41.112000+00:00,0.0,1.2687693840461507,-1.2687693840461507,1.2687693840461507
2022-10-18 09:49:42.988000+00:00,0.0,1.2687859175615506,-1.2687859175615506,1.2687859175615506
2022-10-18 09:49:44.784000+00:00,0.0,1.268801746022989,-1.268801746022989,1.268801746022989
2022-10-18 09:49:46.658000+00:00,0.0,1.26881826191204,-1.26881826191204,1.26881826191204
2022-10-18 09:49:48.519000+00:00,0.0,1.2688346632298222,-1.2688346632298222,1.2688346632298222
2022-10-18 09:49:50.379000+00:00,0.0,1.26885105573443,-1.26885105573443,1.26885105573443
2022-10-18 09:49:52.268000+00:00,0.0,1.2688677038210985,-1.2688677038210985,1.2688677038210985
2022-10-18 09:49:54.144000+00:00,0.0,1.2688842373364986,-1.2688842373364986,1.2688842373364986
2022-10-18 09:49:56.050000+00:00,0.0,1.2689010352471342,-1.2689010352471342,1.2689010352471342
2022-10-18 09:49:57.909000+00:00,0.0,1.2689174189385675,-1.2689174189385675,1.2689174189385675
2022-10-18 09:49:59.816000+00:00,0.0,1.2689342256623775,-1.2689342256623775,1.2689342256623775
2022-10-18 09:50:01.707000+00:00,0.0,1.2689508913753953,-1.2689508913753953,1.2689508913753953
2022-10-18 09:50:03.621000+00:00,0.0,1.268967759791427,-1.268967759791427,1.268967759791427
2022-10-18 09:50:05.503000+00:00,0.0,1.268984346185874,-1.268984346185874,1.268984346185874
2022-10-18 09:50:07.346000+00:00,0.0,1.269000588866515,-1.269000588866515,1.269000588866515
2022-10-18 09:50:09.268000+00:00,0.0,1.2690175277879427,-1.2690175277879427,1.2690175277879427
2022-10-18 09:50:11.112000+00:00,0.0,1.269033779281758,-1.269033779281758,1.269033779281758
2022-10-18 09:50:16.965000+00:00,4.27365,1.2690853627922252,3.004564637207775,3.004564637207775
2022-10-18 09:50:18.847000+00:00,1.17265,1.2691019491866724,-0.09645194918667244,0.09645194918667244
2022-10-18 09:50:20.801000+00:00,0.443,1.269119170129685,-0.8261191701296848,0.8261191701296848
2022-10-18 09:50:22.687000+00:00,0.05212,1.2691357917768302,-1.2170157917768303,1.2170157917768303
2022-10-18 09:50:24.575000+00:00,0.65147,1.2691524310503244,-0.6176824310503244,0.6176824310503244
2022-10-18 09:50:26.581000+00:00,0.07818,1.269170110278412,-1.1909901102784122,1.1909901102784122
2022-10-18 09:50:28.461000+00:00,0.02606,1.26918667904651,-1.24312667904651,1.24312667904651
2022-10-18 09:50:30.332000+00:00,0.28665,1.2692031684960374,-0.9825531684960374,0.9825531684960374
2022-10-18 09:50:32.216000+00:00,0.23453,1.2692197725168335,-1.0346897725168336,1.0346897725168336
2022-10-18 09:50:34.021000+00:00,3.80459,1.2692356802968425,2.5353543197031576,2.5353543197031576
2022-10-18 09:50:35.950000+00:00,0.46906,1.269252680910492,-0.800192680910492,0.800192680910492
2022-10-18 09:50:37.866000+00:00,0.85994,1.269269566952873,-0.40932956695287304,0.40932956695287304
2022-10-18 09:50:39.683000+00:00,1.22477,1.2692855804909762,-0.04451558049097626,0.04451558049097626
2022-10-18 09:50:41.581000+00:00,1.45929,1.2693023078962158,0.1899876921037842,0.1899876921037842
2022-10-18 09:50:43.517000+00:00,1.01629,1.2693193702020868,-0.25302937020208693,0.25302937020208693
2022-10-18 09:50:45.425000+00:00,4.53424,1.2693361857390715,3.2649038142609283,3.2649038142609283
2022-10-18 09:50:47.284000+00:00,0.23453,1.2693525694305046,-1.0348225694305047,1.0348225694305047
2022-10-18 09:50:49.237000+00:00,0.0,1.2693697815603426,-1.2693697815603426,1.2693697815603426
2022-10-18 09:50:51.065000+00:00,0.0,1.2693858920433656,-1.2693858920433656,1.2693858920433656
2022-10-18 09:50:52.944000+00:00,0.0,1.2694024519982892,-1.2694024519982892,1.2694024519982892
2022-10-18 09:50:54.830000+00:00,0.0,1.2694190736454343,-1.2694190736454343,1.2694190736454343
2022-10-18 09:50:56.690000+00:00,0.0,1.269435466150042,-1.269435466150042,1.269435466150042
2022-10-18 09:50:58.549000+00:00,0.0,1.269451849841475,-1.269451849841475,1.269451849841475
2022-10-18 09:51:00.425000+00:00,0.0,1.2694683833568752,-1.2694683833568752,1.2694683833568752
2022-10-18 09:51:02.330000+00:00,0.0,1.2694851724543361,-1.2694851724543361,1.2694851724543361
2022-10-18 09:51:04.175000+00:00,0.0,1.269501432761326,-1.269501432761326,1.269501432761326
2022-10-18 09:51:06.144000+00:00,0.49512,1.2695187859019565,-0.7743987859019565,0.7743987859019565
2022-10-18 09:51:08.021000+00:00,3.544,1.269535328230531,2.274464671769469,2.274464671769469
2022-10-18 09:51:09.869000+00:00,5.4463,1.2695516149770443,4.176748385022956,4.176748385022956
2022-10-18 09:51:11.775000+00:00,0.91206,1.26956841288768,-0.3575084128876801,0.3575084128876801
2022-10-18 09:51:13.723000+00:00,9.303,1.2695855809516454,8.033414419048356,8.033414419048356
2022-10-18 09:51:15.644000+00:00,15.948,1.2696025110598987,14.678397488940101,14.678397488940101
2022-10-18 09:51:21.659000+00:00,0.39088,1.269655522304638,-0.878775522304638,0.878775522304638
2022-10-18 09:51:23.557000+00:00,4.71665,1.2696722497098776,3.446977750290122,3.446977750290122
2022-10-18 09:51:25.425000+00:00,0.443,1.2696887127198813,-0.8266887127198812,0.8266887127198812
2022-10-18 09:51:27.330000+00:00,0.26059,1.2697055018173424,-1.0091155018173423,1.0091155018173423
2022-10-18 09:51:29.216000+00:00,0.70359,1.2697221234644875,-0.5661321234644875,0.5661321234644875
2022-10-18 09:51:31.134000+00:00,1.45929,1.2697390271332174,0.18955097286678257,0.18955097286678257
2022-10-18 09:51:32.934000+00:00,0.13029,1.269754890847354,-1.139464890847354,1.139464890847354
2022-10-18 09:51:34.861000+00:00,0.36482,1.2697718738346544,-0.9049518738346545,0.9049518738346545
2022-10-18 09:51:36.851000+00:00,0.07818,1.2697894120519497,-1.1916094120519498,1.1916094120519498
2022-10-18 09:51:38.720000+00:00,0.0,1.269805883875128,-1.269805883875128,1.269805883875128
2022-10-18 09:51:40.643000+00:00,0.0,1.2698228316097304,-1.2698228316097304,1.2698228316097304
2022-10-18 09:51:42.580000+00:00,0.0,1.2698399027287763,-1.2698399027287763,1.2698399027287763
2022-10-18 09:51:44.487000+00:00,0.0,1.2698567094525863,-1.2698567094525863,1.2698567094525863
2022-10-18 09:51:46.333000+00:00,0.0,1.2698729785727507,-1.2698729785727507,1.2698729785727507
2022-10-18 09:51:48.236000+00:00,0.0,1.2698897500438626,-1.2698897500438626,1.2698897500438626
2022-10-18 09:51:50.112000+00:00,0.0,1.2699062835592627,-1.2699062835592627,1.2699062835592627
2022-10-18 09:51:52.018000+00:00,0.0,1.2699230814698983,-1.2699230814698983,1.2699230814698983
2022-10-18 09:51:53.925000+00:00,0.0,1.2699398881937083,-1.2699398881937083,1.2699398881937083
2022-10-18 09:51:55.834000+00:00,0.0,1.2699567125438675,-1.2699567125438675,1.2699567125438675
2022-10-18 09:51:57.783000+00:00,0.85994,1.2699738894210075,-0.4100338894210075,0.4100338894210075
2022-10-18 09:51:59.667000+00:00,3.62218,1.2699904934418038,2.3521895065581964,2.3521895065581964
2022-10-18 09:52:01.645000+00:00,0.78176,1.2700079259010049,-0.48824792590100485,0.48824792590100485
2022-10-18 09:52:03.580000+00:00,0.02606,1.2700249793937015,-1.2439649793937015,1.2439649793937015
2022-10-18 09:52:05.491000+00:00,0.05212,1.2700418213702096,-1.2179218213702097,1.2179218213702097
2022-10-18 09:52:07.408000+00:00,2.60588,1.270058716225765,1.335821283774235,1.335821283774235
2022-10-18 09:52:09.397000+00:00,2.60588,1.2700762456298857,1.3358037543701142,1.3358037543701142
2022-10-18 09:52:11.299000+00:00,0.13029,1.270093008287823,-1.139803008287823,1.139803008287823
2022-10-18 09:52:13.283000+00:00,0.62541,1.2701104936260714,-0.6447004936260714,0.6447004936260714
2022-10-18 09:52:15.174000+00:00,0.886,1.270127159339089,-0.38412715933908903,0.38412715933908903
2022-10-18 09:52:17.179000+00:00,0.52118,1.2701448297540021,-0.7489648297540021,0.7489648297540021
2022-10-18 09:52:19.126000+00:00,2.68406,1.270161989004793,1.413898010995207,1.413898010995207
2022-10-18 09:52:21.035000+00:00,0.13029,1.2701788133549523,-1.1398888133549523,1.1398888133549523
2022-10-18 09:52:26.580000+00:00,0.13029,1.270227682407667,-1.139937682407667,1.139937682407667
2022-10-18 09:52:28.534000+00:00,0.23453,1.2702449033506795,-1.0357149033506796,1.0357149033506796
2022-10-18 09:52:30.377000+00:00,0.0,1.2702611460313205,-1.2702611460313205,1.2702611460313205
2022-10-18 09:52:32.316000+00:00,0.0,1.2702782347767152,-1.2702782347767152,1.2702782347767152
2022-10-18 09:52:34.159000+00:00,0.0,1.2702944774573561,-1.2702944774573561,1.2702944774573561
2022-10-18 09:52:36.066000+00:00,0.0,1.2703112841811661,-1.2703112841811661,1.2703112841811661
2022-10-18 09:52:37.815000+00:00,0.0,1.270326698423402,-1.270326698423402,1.270326698423402
2022-10-18 09:52:39.627000+00:00,0.0,1.2703426678956329,-1.2703426678956329,1.2703426678956329
2022-10-18 09:52:41.534000+00:00,0.0,1.2703594746194429,-1.2703594746194429,1.2703594746194429
2022-10-18 09:52:43.378000+00:00,0.0,1.270375726113258,-1.270375726113258,1.270375726113258
2022-10-18 09:52:45.284000+00:00,0.0,1.2703925240238938,-1.2703925240238938,1.2703925240238938
2022-10-18 09:52:47.144000+00:00,0.0,1.2704089165285013,-1.2704089165285013,1.2704089165285013
2022-10-18 09:52:49.019000+00:00,0.0,1.270425441230727,-1.270425441230727,1.270425441230727
2022-10-18 09:52:50.835000+00:00,0.0,1.2704414459556557,-1.2704414459556557,1.2704414459556557
2022-10-18 09:52:52.852000+00:00,0.443,1.270459222128663,-0.827459222128663,0.827459222128663
2022-10-18 09:52:54.754000+00:00,9.82418,1.2704759847866005,8.5537040152134,8.5537040152134
2022-10-18 09:52:56.667000+00:00,0.41694,1.2704928443894579,-0.8535528443894579,0.8535528443894579
2022-10-18 09:52:58.525000+00:00,5.68083,1.2705092192677165,4.410320780732284,4.410320780732284
2022-10-18 09:53:00.472000+00:00,0.46906,1.2705263785185075,-0.8014663785185074,0.8014663785185074
2022-10-18 09:53:02.434000+00:00,2.658,1.2705436699669161,1.3874563300330838,1.3874563300330838
2022-10-18 09:53:04.356000+00:00,4.84694,1.2705606088883439,3.576379391111656,3.576379391111656
2022-10-18 09:53:06.304000+00:00,0.28665,1.2705777769523094,-0.9839277769523094,0.9839277769523094
2022-10-18 09:53:08.283000+00:00,0.46906,1.2705952182246851,-0.8015352182246851,0.8015352182246851
2022-10-18 09:53:10.128000+00:00,0.31271,1.2706114785316749,-0.9579014785316748,0.9579014785316748
2022-10-18 09:53:12.129000+00:00,0.26059,1.2706291136938899,-1.0100391136938898,1.0100391136938898
2022-10-18 09:53:14.045000+00:00,1.95441,1.2706459997362707,0.6837640002637293,0.6837640002637293
2022-10-18 09:53:15.860000+00:00,0.70359,1.270661995648025,-0.5670719956480249,0.5670719956480249
2022-10-18 09:53:17.815000+00:00,5.28994,1.270679225404212,4.019260774595788,4.019260774595788
2022-10-18 09:53:19.739000+00:00,0.10424,1.270696181951989,-1.1664561819519892,1.1664561819519892
2022-10-18 09:53:21.696000+00:00,0.20847,1.270713429334525,-1.062243429334525,1.062243429334525
2022-10-18 09:53:23.588000+00:00,0.28665,1.2707301038607173,-0.9840801038607172,0.9840801038607172
2022-10-18 09:53:25.415000+00:00,0.0,1.2707462055305658,-1.2707462055305658,1.2707462055305658
2022-10-18 09:53:30.994000+00:00,0.0,1.2707953742312144,-1.2707953742312144,1.2707953742312144
2022-10-18 09:53:32.916000+00:00,0.0,1.2708123131526423,-1.2708123131526423,1.2708123131526423
2022-10-18 09:53:34.796000+00:00,0.0,1.2708288819207403,-1.2708288819207403,1.2708288819207403
2022-10-18 09:53:36.588000+00:00,0.0,1.2708446751294806,-1.2708446751294806,1.2708446751294806
2022-10-18 09:53:38.478000+00:00,0.0,1.2708613320293238,-1.2708613320293238,1.2708613320293238
2022-10-18 09:53:40.316000+00:00,0.0,1.270877530644092,-1.270877530644092,1.270877530644092
2022-10-18 09:53:42.314000+00:00,0.46906,1.2708951393667833,-0.8018351393667833,0.8018351393667833
2022-10-18 09:53:44.253000+00:00,3.28341,1.270912228112178,2.012497771887822,2.012497771887822
2022-10-18 09:53:46.140000+00:00,1.25082,1.270928858572498,-0.020108858572498,0.020108858572498
2022-10-18 09:53:47.976000+00:00,0.886,1.2709450395609172,-0.3849450395609172,0.3849450395609172
2022-10-18 09:53:49.837000+00:00,6.07171,1.2709614408786993,4.800748559121301,4.800748559121301
2022-10-18 09:53:51.822000+00:00,4.79482,1.2709789350301222,3.5238410649698775,3.5238410649698775
2022-10-18 09:53:53.712000+00:00,4.01306,1.2709955919299651,2.742064408070035,2.742064408070035
2022-10-18 09:53:55.566000+00:00,0.28665,1.2710119315555257,-0.9843619315555256,0.9843619315555256
2022-10-18 09:53:57.541000+00:00,2.44953,1.2710293375752033,1.178500662424797,1.178500662424797
2022-10-18 09:53:59.452000+00:00,0.39088,1.2710461795517114,-0.8801661795517114,0.8801661795517114
2022-10-18 09:54:01.440000+00:00,8.9903,1.271063700142658,7.719236299857341,7.719236299857341
2022-10-18 09:54:03.292000+00:00,0.28665,1.2710800221418692,-0.9844300221418691,0.9844300221418691
2022-10-18 09:54:05.103000+00:00,1.61565,1.2710959828009254,0.34455401719907464,0.34455401719907464
2022-10-18 09:54:06.999000+00:00,4.76877,1.2711126925798157,3.497657307420184,3.497657307420184
2022-10-18 09:54:08.979000+00:00,0.46906,1.271130142665366,-0.802070142665366,0.802070142665366
2022-10-18 09:54:10.907000+00:00,2.03259,1.271147134465841,0.761442865534159,0.761442865534159
2022-10-18 09:54:12.814000+00:00,1.53747,1.2711639411896511,0.26630605881034874,0.26630605881034874
2022-10-18 09:54:14.723000+00:00,0.26059,1.2711807655398102,-1.0105907655398103,1.0105907655398103
2022-10-18 09:54:16.571000+00:00,0.0,1.2711970522863236,-1.2711970522863236,1.2711970522863236
2022-10-18 09:54:18.415000+00:00,0.0,1.271213303780139,-1.271213303780139,1.271213303780139
2022-10-18 09:54:20.284000+00:00,0.0,1.2712297756033173,-1.2712297756033173,1.2712297756033173
2022-10-18 09:54:22.207000+00:00,0.0,1.2712467233379199,-1.2712467233379199,1.2712467233379199
2022-10-18 09:54:24.097000+00:00,0.0,1.271263380237763,-1.271263380237763,1.271263380237763
2022-10-18 09:54:25.972000+00:00,0.0,1.2712799049399885,-1.2712799049399885,1.2712799049399885
2022-10-18 09:54:27.830000+00:00,0.0,1.2712962798182472,-1.2712962798182472,1.2712962798182472
2022-10-18 09:54:29.721000+00:00,0.0,1.2713129455312648,-1.2713129455312648,1.2713129455312648
2022-10-18 09:54:35.479000+00:00,0.96418,1.2713636917901525,-0.3071836917901525,0.3071836917901525
2022-10-18 09:54:37.380000+00:00,1.25082,1.2713804456349154,-0.020560445634915325,0.020560445634915325
2022-10-18 09:54:39.330000+00:00,0.41694,1.27139763132523,-0.85445763132523,0.85445763132523
2022-10-18 09:54:41.253000+00:00,6.61894,1.2714145790598324,5.347525420940168,5.347525420940168
2022-10-18 09:54:43.183000+00:00,2.00653,1.2714315884866565,0.7350984115133437,0.7350984115133437
2022-10-18 09:54:45.081000+00:00,0.57329,1.2714483158918959,-0.6981583158918959,0.6981583158918959
2022-10-18 09:54:46.979000+00:00,0.39088,1.2714650432971353,-0.8805850432971353,0.8805850432971353
2022-10-18 09:54:48.878000+00:00,0.46906,1.271481779515549,-0.802421779515549,0.802421779515549
2022-10-18 09:54:50.866000+00:00,0.39088,1.2714993001064956,-0.8806193001064956,0.8806193001064956
2022-10-18 09:54:52.800000+00:00,3.17918,1.2715163447860176,1.9076636552139825,1.9076636552139825
2022-10-18 09:54:54.752000+00:00,0.23453,1.2715335481026813,-1.0370035481026814,1.0370035481026814
2022-10-18 09:54:56.665000+00:00,0.33876,1.2715504077055386,-0.9327904077055387,0.9327904077055387
2022-10-18 09:54:58.659000+00:00,0.886,1.2715679811755318,-0.3855679811755318,0.3855679811755318
2022-10-18 09:55:00.582000+00:00,1.58959,1.2715849289101344,0.31800507108986564,0.31800507108986564
2022-10-18 09:55:02.534000+00:00,4.06518,1.2716021322267976,2.793577867773202,2.793577867773202
2022-10-18 09:55:04.458000+00:00,0.28665,1.2716190887745746,-0.9849690887745746,0.9849690887745746
2022-10-18 09:55:06.379000+00:00,0.0,1.2716360188828282,-1.2716360188828282,1.2716360188828282
2022-10-18 09:55:08.237000+00:00,0.0,1.2716523937610869,-1.2716523937610869,1.2716523937610869
2022-10-18 09:55:10.096000+00:00,0.0,1.27166877745252,-1.27166877745252,1.27166877745252
2022-10-18 09:55:11.924000+00:00,0.0,1.271684887935543,-1.271684887935543,1.271684887935543
2022-10-18 09:55:13.830000+00:00,0.0,1.2717016858461785,-1.2717016858461785,1.2717016858461785
2022-10-18 09:55:15.742000+00:00,0.0,1.2717185366358612,-1.2717185366358612,1.2717185366358612
2022-10-18 09:55:17.611000+00:00,0.0,1.2717350084590395,-1.2717350084590395,1.2717350084590395
2022-10-18 09:55:19.431000+00:00,0.0,1.2717510484366663,-1.2717510484366663,1.2717510484366663
2022-10-18 09:55:21.299000+00:00,0.0,1.2717675114466702,-1.2717675114466702,1.2717675114466702
2022-10-18 09:55:23.153000+00:00,0.0,1.2717838510722308,-1.2717838510722308,1.2717838510722308
2022-10-18 09:55:25.072000+00:00,0.0,1.271800763554135,-1.271800763554135,1.271800763554135
2022-10-18 09:55:26.979000+00:00,0.0,1.2718175702779453,-1.2718175702779453,1.2718175702779453
2022-10-18 09:55:28.901000+00:00,0.0,1.271834509199373,-1.271834509199373,1.271834509199373
2022-10-18 09:55:30.750000+00:00,0.0,1.271850804759061,-1.271850804759061,1.271850804759061
2022-10-18 09:55:32.579000+00:00,0.0,1.2718669240552587,-1.2718669240552587,1.2718669240552587
2022-10-18 09:55:34.416000+00:00,0.0,1.2718831138568523,-1.2718831138568523,1.2718831138568523
2022-10-18 09:55:40.010000+00:00,0.49512,1.2719324147551188,-0.7768124147551188,0.7768124147551188
2022-10-18 09:55:41.927000+00:00,4.89906,1.271949309610674,3.627110690389326,3.627110690389326
2022-10-18 09:55:43.854000+00:00,0.36482,1.2719662925979744,-0.9071462925979745,0.9071462925979745
2022-10-18 09:55:45.796000+00:00,0.46906,1.2719834077828929,-0.8029234077828928,0.8029234077828928
2022-10-18 09:55:47.714000+00:00,0.443,1.2720003114516225,-0.8290003114516225,0.8290003114516225
2022-10-18 09:55:49.622000+00:00,0.13029,1.2720171269886071,-1.1417271269886071,1.1417271269886071
2022-10-18 09:55:51.590000+00:00,0.31271,1.272034471316063,-0.9593244713160629,0.9593244713160629
2022-10-18 09:55:53.497000+00:00,0.49512,1.2720512780398732,-0.7769312780398732,0.7769312780398732
2022-10-18 09:55:55.474000+00:00,0.33876,1.2720687016858996,-0.9333087016858996,0.9333087016858996
2022-10-18 09:55:57.385000+00:00,2.57982,1.272085543662408,1.3077344563375919,1.3077344563375919
2022-10-18 09:55:59.300000+00:00,1.09447,1.2721024208916143,-0.17763242089161424,0.17763242089161424
2022-10-18 09:56:01.119000+00:00,0.59935,1.2721184520560667,-0.6727684520560666,0.6727684520560666
2022-10-18 09:56:02.994000+00:00,0.36482,1.272134976758292,-0.907314976758292,0.907314976758292
2022-10-18 09:56:04.942000+00:00,8.83394,1.2721521448222575,7.561787855177743,7.561787855177743
2022-10-18 09:56:06.819000+00:00,4.40394,1.272168687150832,3.1317713128491684,3.1317713128491684
2022-10-18 09:56:08.791000+00:00,3.15312,1.2721860667309857,1.8809339332690143,1.8809339332690143
2022-10-18 09:56:10.725000+00:00,0.28665,1.2722031114105081,-0.985553111410508,0.985553111410508
2022-10-18 09:56:12.562000+00:00,0.0,1.2722193012121017,-1.2722193012121017,1.2722193012121017
2022-10-18 09:56:14.429000+00:00,0.0,1.272235755408931,-1.272235755408931,1.272235755408931
2022-10-18 09:56:16.308000+00:00,0.0,1.2722523153638545,-1.2722523153638545,1.2722523153638545
2022-10-18 09:56:18.229000+00:00,0.0,1.272269245472108,-1.272269245472108,1.272269245472108
2022-10-18 09:56:20.128000+00:00,0.0,1.2722859816905219,-1.2722859816905219,1.2722859816905219
2022-10-18 09:56:22.050000+00:00,0.0,1.2723029206119498,-1.2723029206119498,1.2723029206119498
2022-10-18 09:56:23.917000+00:00,0.0,1.272319374808779,-1.272319374808779,1.272319374808779
2022-10-18 09:56:25.773000+00:00,0.0,1.2723357320606885,-1.2723357320606885,1.2723357320606885
2022-10-18 09:56:27.643000+00:00,0.0,1.2723522126970415,-1.2723522126970415,1.2723522126970415
2022-10-18 09:56:29.446000+00:00,0.0,1.2723681028507015,-1.2723681028507015,1.2723681028507015
2022-10-18 09:56:31.362000+00:00,0.46906,1.2723849888930823,-0.8033249888930822,0.8033249888930822
2022-10-18 09:56:33.331000+00:00,4.32577,1.2724023420337127,3.0533676579662874,3.0533676579662874
2022-10-18 09:56:35.280000+00:00,0.62541,1.2724195189108527,-0.6470095189108527,0.6470095189108527
2022-10-18 09:56:37.177000+00:00,0.26059,1.2724362375029177,-1.0118462375029176,1.0118462375029176
2022-10-18 09:56:39.129000+00:00,5.70688,1.2724534408195811,4.434426559180419,4.434426559180419
2022-10-18 09:56:44.883000+00:00,0.41694,1.2725041518257707,-0.8555641518257707,0.8555641518257707
2022-10-18 09:56:46.856000+00:00,0.67753,1.272521540219099,-0.5949915402190991,0.5949915402190991
2022-10-18 09:56:48.855000+00:00,1.40718,1.2725391577549652,0.13464084224503492,0.13464084224503492
2022-10-18 09:56:50.733000+00:00,0.91206,1.272555708896714,-0.3604957088967141,0.3604957088967141
2022-10-18 09:56:52.651000+00:00,0.26059,1.272572612565444,-1.0119826125654439,1.0119826125654439
2022-10-18 09:56:54.549000+00:00,0.52118,1.2725893399706831,-0.7514093399706832,0.7514093399706832
2022-10-18 09:56:56.376000+00:00,0.886,1.2726054416405317,-0.3866054416405317,0.3866054416405317
2022-10-18 09:56:58.293000+00:00,2.05865,1.2726223364960871,0.786027663503913,0.786027663503913
2022-10-18 09:57:00.205000+00:00,3.49188,1.2726391872857699,2.2192408127142302,2.2192408127142302
2022-10-18 09:57:02.148000+00:00,0.23453,1.2726563112838627,-1.0381263112838628,1.0381263112838628
2022-10-18 09:57:03.987000+00:00,0.0,1.2726725187118055,-1.2726725187118055,1.2726725187118055
2022-10-18 09:57:05.866000+00:00,0.0,1.2726890786667289,-1.2726890786667289,1.2726890786667289
2022-10-18 09:57:07.759000+00:00,0.0,1.2727057620060958,-1.2727057620060958,1.2727057620060958
2022-10-18 09:57:09.586000+00:00,0.0,1.2727218636759443,-1.2727218636759443,1.2727218636759443
2022-10-18 09:57:11.444000+00:00,0.0,1.272738238554203,-1.272738238554203,1.272738238554203
2022-10-18 09:57:13.269000+00:00,0.0,1.2727543225977023,-1.2727543225977023,1.2727543225977023
2022-10-18 09:57:15.144000+00:00,0.0,1.2727708472999277,-1.2727708472999277,1.2727708472999277
2022-10-18 09:57:17.112000+00:00,0.0,1.2727881916273835,-1.2727881916273835,1.2727881916273835
2022-10-18 09:57:19.034000+00:00,0.0,1.2728051305488115,-1.2728051305488115,1.2728051305488115
2022-10-18 09:57:20.949000+00:00,0.0,1.272822007778018,-1.272822007778018,1.272822007778018
2022-10-18 09:57:22.879000+00:00,0.0,1.2728390172048418,-1.2728390172048418,1.2728390172048418
2022-10-18 09:57:24.692000+00:00,0.0,1.2728549954902473,-1.2728549954902473,1.2728549954902473
2022-10-18 09:57:26.619000+00:00,0.0,1.2728719784775477,-1.2728719784775477,1.2728719784775477
2022-10-18 09:57:28.467000+00:00,0.0,1.272888265224061,-1.272888265224061,1.272888265224061
2022-10-18 09:57:30.348000+00:00,0.0,1.2729048428053336,-1.2729048428053336,1.2729048428053336
2022-10-18 09:57:32.269000+00:00,0.0,1.272921772913587,-1.272921772913587,1.272921772913587
2022-10-18 09:57:34.190000+00:00,0.0,1.2729387030218404,-1.2729387030218404,1.2729387030218404
2022-10-18 09:57:36.065000+00:00,0.0,1.2729552277240659,-1.2729552277240659,1.2729552277240659
2022-10-18 09:57:37.893000+00:00,0.0,1.2729713382070889,-1.2729713382070889,1.2729713382070889
2022-10-18 09:57:39.816000+00:00,0.0,1.2729882859416914,-1.2729882859416914,1.2729882859416914
2022-10-18 09:57:41.691000+00:00,0.0,1.2730048106439167,-1.2730048106439167,1.2730048106439167
2022-10-18 09:57:43.566000+00:00,0.0,1.2730213353461424,-1.2730213353461424,1.2730213353461424
2022-10-18 09:57:49.377000+00:00,0.0,1.2730725487032795,-1.2730725487032795,1.2730725487032795
2022-10-18 09:57:51.253000+00:00,0.0,1.2730890822186793,-1.2730890822186793,1.2730890822186793
2022-10-18 09:57:53.127000+00:00,0.0,1.2731055981077304,-1.2731055981077304,1.2731055981077304
2022-10-18 09:57:55.034000+00:00,0.0,1.2731224048315406,-1.2731224048315406,1.2731224048315406
2022-10-18 09:57:56.846000+00:00,0.0,1.2731383743037712,-1.2731383743037712,1.2731383743037712
2022-10-18 09:57:58.752000+00:00,0.0,1.2731551722144068,-1.2731551722144068,1.2731551722144068
2022-10-18 09:58:00.690000+00:00,0.0,1.2731722521466269,-1.2731722521466269,1.2731722521466269
2022-10-18 09:58:02.487000+00:00,0.0,1.27318808942124,-1.27318808942124,1.27318808942124
2022-10-18 09:58:04.394000+00:00,0.0,1.27320489614505,-1.27320489614505,1.27320489614505
2022-10-18 09:58:06.301000+00:00,0.0,1.2732217028688602,-1.2732217028688602,1.2732217028688602
2022-10-18 09:58:08.175000+00:00,0.0,1.273238218757911,-1.273238218757911,1.273238218757911
2022-10-18 09:58:10.082000+00:00,0.0,1.2732550254817212,-1.2732550254817212,1.2732550254817212
2022-10-18 09:58:11.933000+00:00,0.0,1.273271338667758,-1.273271338667758,1.273271338667758
2022-10-18 09:58:13.831000+00:00,0.0,1.2732880660729977,-1.2732880660729977,1.2732880660729977
2022-10-18 09:58:15.706000+00:00,0.0,1.273304590775223,-1.273304590775223,1.273304590775223
2022-10-18 09:58:17.612000+00:00,0.0,1.2733213886858588,-1.2733213886858588,1.2733213886858588
2022-10-18 09:58:19.565000+00:00,1.01629,1.2733386008156966,-0.2570486008156967,0.2570486008156967
2022-10-18 09:58:21.442000+00:00,12.11736,1.2733551431442711,10.84400485685573,10.84400485685573
2022-10-18 09:58:23.268000+00:00,1.51141,1.273371236000945,0.23803876399905488,0.23803876399905488
2022-10-18 09:58:25.190000+00:00,0.52118,1.2733881749223732,-0.7522081749223732,0.7522081749223732
2022-10-18 09:58:27.097000+00:00,0.28665,1.2734049816461832,-0.9867549816461831,0.9867549816461831
2022-10-18 09:58:29.081000+00:00,0.10424,1.2734224669844314,-1.1691824669844313,1.1691824669844313
2022-10-18 09:58:30.988000+00:00,0.31271,1.2734392737082414,-0.9607292737082413,0.9607292737082413
2022-10-18 09:58:32.887000+00:00,0.54724,1.2734560099266554,-0.7262160099266555,0.7262160099266555
2022-10-18 09:58:34.846000+00:00,0.33876,1.2734732749355406,-0.9347132749355407,0.9347132749355407
2022-10-18 09:58:36.754000+00:00,3.57006,1.2734900904725253,2.2965699095274745,2.2965699095274745
2022-10-18 09:58:38.620000+00:00,1.38112,1.2735065358561801,0.10761346414381978,0.10761346414381978
2022-10-18 09:58:40.535000+00:00,0.26059,1.2735234130853863,-1.0129334130853862,1.0129334130853862
2022-10-18 09:58:42.518000+00:00,0.31271,1.2735408896104599,-0.9608308896104598,0.9608308896104598
2022-10-18 09:58:44.518000+00:00,21.57671,1.2735585159595004,20.303151484040498,20.303151484040498
2022-10-18 09:58:46.482000+00:00,0.886,1.2735758250342581,-0.38757582503425814,0.38757582503425814
2022-10-18 09:58:48.371000+00:00,2.52771,1.2735924731209267,1.2541175268790732,1.2541175268790732
2022-10-18 09:58:54.050000+00:00,0.0,1.2736425231390274,-1.2736425231390274,1.2736425231390274
2022-10-18 09:58:55.886000+00:00,0.0,1.2736587041274465,-1.2736587041274465,1.2736587041274465
2022-10-18 09:58:57.804000+00:00,0.0,1.2736756077961764,-1.2736756077961764,1.2736756077961764
2022-10-18 09:58:59.643000+00:00,0.0,1.2736918152241192,-1.2736918152241192,1.2736918152241192
2022-10-18 09:59:01.550000+00:00,0.0,1.2737086219479292,-1.2737086219479292,1.2737086219479292
2022-10-18 09:59:03.424000+00:00,0.0,1.2737251378369803,-1.2737251378369803,1.2737251378369803
2022-10-18 09:59:05.299000+00:00,0.0,1.2737416625392055,-1.2737416625392055,1.2737416625392055
2022-10-18 09:59:07.207000+00:00,0.0,1.2737584780761904,-1.2737584780761904,1.2737584780761904
2022-10-18 09:59:09.081000+00:00,0.0,1.2737749939652412,-1.2737749939652412,1.2737749939652412
2022-10-18 09:59:10.963000+00:00,0.31271,1.2737915803596884,-0.9610815803596884,0.9610815803596884
2022-10-18 09:59:12.841000+00:00,4.48212,1.2738081315014373,3.208311868498563,3.208311868498563
2022-10-18 09:59:14.797000+00:00,0.99024,1.2738253700707989,-0.28358537007079887,0.28358537007079887
2022-10-18 09:59:16.679000+00:00,10.99683,1.2738419564652461,9.722988043534754,9.722988043534754
2022-10-18 09:59:18.591000+00:00,0.0,1.2738588072549288,-1.2738588072549288,1.2738588072549288
2022-10-18 09:59:20.539000+00:00,1.22477,1.2738759753188944,-0.04910597531889449,0.04910597531889449
2022-10-18 09:59:22.477000+00:00,2.81435,1.2738930552511145,1.5404569447488856,1.5404569447488856
2022-10-18 09:59:24.446000+00:00,0.78176,1.2739104083917447,-0.49215040839174473,0.49215040839174473
2022-10-18 09:59:26.334000+00:00,6.95771,1.2739270476652391,5.68378295233476,5.68378295233476
2022-10-18 09:59:28.251000+00:00,0.41694,1.2739439425207943,-0.8570039425207944,0.8570039425207944
2022-10-18 09:59:30.190000+00:00,0.83388,1.273961031266189,-0.44008103126618914,0.44008103126618914
2022-10-18 09:59:32.137000+00:00,0.36482,1.27397819051698,-0.9091581905169801,0.9091581905169801
2022-10-18 09:59:33.994000+00:00,3.07494,1.273994556582064,1.8009454434179357,1.8009454434179357
2022-10-18 09:59:35.924000+00:00,3.02282,1.2740115660088882,1.7488084339911116,1.7488084339911116
2022-10-18 09:59:37.845000+00:00,4.01306,1.2740284961171415,2.7390315038828588,2.7390315038828588
2022-10-18 09:59:39.861000+00:00,1.14659,1.2740462634769745,-0.12745626347697447,0.12745626347697447
2022-10-18 09:59:41.836000+00:00,4.79482,1.274063669496652,3.520756330503348,3.520756330503348
2022-10-18 09:59:43.721000+00:00,0.23453,1.2740802823306225,-1.0395502823306226,1.0395502823306226
2022-10-18 09:59:45.534000+00:00,0.0,1.2740962606160278,-1.2740962606160278,1.2740962606160278
2022-10-18 09:59:47.331000+00:00,0.0,1.2741120978906406,-1.2741120978906406,1.2741120978906406
2022-10-18 09:59:49.268000+00:00,0.0,1.2741291690096865,-1.2741291690096865,1.2741291690096865
2022-10-18 09:59:51.127000+00:00,0.0,1.2741455527011196,-1.2741455527011196,1.2741455527011196
2022-10-18 09:59:53.002000+00:00,0.0,1.274162077403345,-1.274162077403345,1.274162077403345
2022-10-18 09:59:58.382000+00:00,0.0,1.2742094922822638,-1.2742094922822638,1.2742094922822638
2022-10-18 10:00:00.252000+00:00,0.0,1.2742259729186167,-1.2742259729186167,1.2742259729186167
2022-10-18 10:00:02.081000+00:00,0.0,1.2742420922148145,-1.2742420922148145,1.2742420922148145
2022-10-18 10:00:03.933000+00:00,0.0,1.2742584142140259,-1.2742584142140259,1.2742584142140259
2022-10-18 10:00:05.872000+00:00,0.0,1.2742755029594206,-1.2742755029594206,1.2742755029594206
2022-10-18 10:00:07.729000+00:00,0.0,1.2742918690245046,-1.2742918690245046,1.2742918690245046
2022-10-18 10:00:09.678000+00:00,1.27688,1.2743090459016446,0.0025709540983553936,0.0025709540983553936
2022-10-18 10:00:11.647000+00:00,0.75571,1.274326399042275,-0.5186163990422751,0.5186163990422751
2022-10-18 10:00:13.543000+00:00,0.02606,1.2743431088211654,-1.2482831088211654,1.2482831088211654
2022-10-18 10:00:15.534000+00:00,0.33876,1.2743606558516354,-0.9356006558516354,0.9356006558516354
2022-10-18 10:00:17.470000+00:00,7.45283,1.2743777181575064,6.178452281842493,6.178452281842493
2022-10-18 10:00:19.326000+00:00,8.75577,1.274394075409416,7.4813759245905835,7.4813759245905835
2022-10-18 10:00:21.173000+00:00,0.26059,1.274410353342755,-1.013820353342755,1.013820353342755
2022-10-18 10:00:23.082000+00:00,1.95441,1.2744271776929141,0.6799828223070858,0.6799828223070858
2022-10-18 10:00:25.065000+00:00,0.26059,1.2744446542179877,-1.0138546542179876,1.0138546542179876
2022-10-18 10:00:27.003000+00:00,0.49512,1.2744617341502078,-0.7793417341502078,0.7793417341502078
2022-10-18 10:00:28.967000+00:00,4.84694,1.2744790432249657,3.5724609567750343,3.5724609567750343
2022-10-18 10:00:30.843000+00:00,0.886,1.2744955767403656,-0.3884955767403656,0.3884955767403656
2022-10-18 10:00:32.732000+00:00,3.25735,1.2745122248270344,1.9828377751729658,1.9828377751729658
2022-10-18 10:00:34.612000+00:00,0.23453,1.2745287935951326,-1.0399987935951327,1.0399987935951327
2022-10-18 10:00:36.519000+00:00,0.18241,1.2745456003189426,-1.0921356003189426,1.0921356003189426
2022-10-18 10:00:38.443000+00:00,0.26059,1.2745625568667196,-1.0139725568667197,1.0139725568667197
2022-10-18 10:00:40.288000+00:00,0.0,1.2745788171737096,-1.2745788171737096,1.2745788171737096
2022-10-18 10:00:42.113000+00:00,0.0,1.2745949012172089,-1.2745949012172089,1.2745949012172089
2022-10-18 10:00:44.044000+00:00,0.0,1.2746119194572074,-1.2746119194572074,1.2746119194572074
2022-10-18 10:00:45.987000+00:00,0.0,1.2746290434553003,-1.2746290434553003,1.2746290434553003
2022-10-18 10:00:47.893000+00:00,0.0,1.2746458413659358,-1.2746458413659358,1.2746458413659358
2022-10-18 10:00:49.815000+00:00,0.0,1.2746627802873638,-1.2746627802873638,1.2746627802873638
2022-10-18 10:00:51.722000+00:00,0.0,1.274679587011174,-1.274679587011174,1.274679587011174
2022-10-18 10:00:53.627000+00:00,0.0,1.274696376108635,-1.274696376108635,1.274696376108635
2022-10-18 10:00:55.504000+00:00,0.0,1.2747129184372095,-1.2747129184372095,1.2747129184372095
2022-10-18 10:00:57.363000+00:00,0.0,1.2747293021286428,-1.2747293021286428,1.2747293021286428
2022-10-18 10:01:02.959000+00:00,0.0,1.274778620653258,-1.274778620653258,1.274778620653258
2022-10-18 10:01:04.743000+00:00,0.0,1.2747943433566022,-1.2747943433566022,1.2747943433566022
2022-10-18 10:01:06.590000+00:00,0.23453,1.2748106212899408,-1.040280621289941,1.040280621289941
2022-10-18 10:01:08.537000+00:00,1.64171,1.2748277805407318,0.36688221945926824,0.36688221945926824
2022-10-18 10:01:10.454000+00:00,0.80782,1.2748446753962872,-0.4670246753962872,0.4670246753962872
2022-10-18 10:01:12.269000+00:00,0.33876,1.2748606713080415,-0.9361006713080415,0.9361006713080415
2022-10-18 10:01:14.288000+00:00,1.56353,1.2748784651073979,0.2886515348926022,0.2886515348926022
2022-10-18 10:01:16.238000+00:00,6.48865,1.2748956507977123,5.213754349202287,5.213754349202287
2022-10-18 10:01:18.153000+00:00,5.99353,1.2749125280269187,4.718617471973081,4.718617471973081
2022-10-18 10:01:20.112000+00:00,0.07818,1.274929793035804,-1.196749793035804,1.196749793035804
2022-10-18 10:01:22.127000+00:00,0.0,1.274947551582462,-1.274947551582462,1.274947551582462
2022-10-18 10:01:24.026000+00:00,0.07818,1.274964287800876,-1.196784287800876,1.196784287800876
2022-10-18 10:01:25.986000+00:00,5.34206,1.2749815616229356,4.067078438377065,4.067078438377065
2022-10-18 10:01:27.893000+00:00,6.61894,1.2749983683467456,5.343941631653255,5.343941631653255
2022-10-18 10:01:29.845000+00:00,1.38112,1.2750155716634093,0.10610442833659062,0.10610442833659062
2022-10-18 10:01:31.798000+00:00,0.70359,1.2750327837932476,-0.5714427837932475,0.5714427837932475
2022-10-18 10:01:33.705000+00:00,0.10424,1.2750495905170576,-1.1708095905170577,1.1708095905170577
2022-10-18 10:01:35.613000+00:00,0.10424,1.2750664060540422,-1.1708264060540423,1.1708264060540423
2022-10-18 10:01:37.533000+00:00,0.18241,1.275083327349121,-1.0926733273491211,1.0926733273491211
2022-10-18 10:01:39.448000+00:00,0.0,1.2751002045783273,-1.2751002045783273,1.2751002045783273
2022-10-18 10:01:41.381000+00:00,0.0,1.2751172404446751,-1.2751172404446751,1.2751172404446751
2022-10-18 10:01:43.284000+00:00,0.0,1.275134011915787,-1.275134011915787,1.275134011915787
2022-10-18 10:01:45.160000+00:00,0.0,1.2751505454311869,-1.2751505454311869,1.2751505454311869
2022-10-18 10:01:46.959000+00:00,0.0,1.2751664003321488,-1.2751664003321488,1.2751664003321488
2022-10-18 10:01:48.784000+00:00,0.0,1.2751824843756483,-1.2751824843756483,1.2751824843756483
2022-10-18 10:01:50.643000+00:00,0.0,1.2751988680670814,-1.2751988680670814,1.2751988680670814
2022-10-18 10:01:52.549000+00:00,0.0,1.2752156659777172,-1.2752156659777172,1.2752156659777172
2022-10-18 10:01:54.444000+00:00,0.0,1.275232366943433,-1.275232366943433,1.275232366943433
2022-10-18 10:01:56.517000+00:00,0.46906,1.2752506366542136,-0.8061906366542135,0.8061906366542135
2022-10-18 10:01:58.393000+00:00,8.83394,1.2752671701696134,7.558672829830387,7.558672829830387
2022-10-18 10:02:00.318000+00:00,2.84041,1.2752841355305649,1.565125864469435,1.565125864469435
2022-10-18 10:02:02.330000+00:00,0.96418,1.2753018676376997,-0.31112186763769967,0.31112186763769967
2022-10-18 10:02:08.095000+00:00,8.78183,1.2753526755888087,7.506477324411191,7.506477324411191
2022-10-18 10:02:10.035000+00:00,0.26059,1.275369773147378,-1.014779773147378,1.014779773147378
2022-10-18 10:02:12.017000+00:00,0.31271,1.2753872408592772,-0.9626772408592772,0.9626772408592772
2022-10-18 10:02:13.953000+00:00,0.28665,1.2754043031651485,-0.9887543031651485,0.9887543031651485
2022-10-18 10:02:15.836000+00:00,0.15635,1.2754208983727702,-1.1190708983727702,1.1190708983727702
2022-10-18 10:02:17.831000+00:00,3.46582,1.275438480655938,2.190381519344062,2.190381519344062
2022-10-18 10:02:19.737000+00:00,0.83388,1.2754552785665736,-0.44157527856657364,0.44157527856657364
2022-10-18 10:02:21.691000+00:00,10.34536,1.2754724995095863,9.069887500490413,9.069887500490413
2022-10-18 10:02:23.591000+00:00,0.02606,1.2754892445411745,-1.2494292445411745,1.2494292445411745
2022-10-18 10:02:25.446000+00:00,0.07818,1.2755055929799095,-1.1973255929799096,1.1973255929799096
2022-10-18 10:02:27.346000+00:00,0.33876,1.2755223380114982,-0.9367623380114982,0.9367623380114982
2022-10-18 10:02:29.207000+00:00,0.0,1.2755387393292803,-1.2755387393292803,1.2755387393292803
2022-10-18 10:02:31.081000+00:00,0.0,1.2755552552183311,-1.2755552552183311,1.2755552552183311
2022-10-18 10:02:32.934000+00:00,0.0,1.2755715860307173,-1.2755715860307173,1.2755715860307173
2022-10-18 10:02:34.847000+00:00,0.0,1.2755884456335744,-1.2755884456335744,1.2755884456335744
2022-10-18 10:02:36.754000+00:00,0.0,1.2756052523573844,-1.2756052523573844,1.2756052523573844
2022-10-18 10:02:38.659000+00:00,0.0,1.2756220414548456,-1.2756220414548456,1.2756220414548456
2022-10-18 10:02:40.566000+00:00,0.49512,1.2756388481786558,-0.7805188481786558,0.7805188481786558
2022-10-18 10:02:42.504000+00:00,0.31271,1.2756559281108761,-0.9629459281108761,0.9629459281108761
2022-10-18 10:02:44.378000+00:00,0.0,1.275672443999927,-1.275672443999927,1.275672443999927
2022-10-18 10:02:46.299000+00:00,0.0,1.2756893741081803,-1.2756893741081803,1.2756893741081803
2022-10-18 10:02:48.122000+00:00,0.0,1.2757054405253307,-1.2757054405253307,1.2757054405253307
2022-10-18 10:02:50.051000+00:00,0.0,1.2757224411389805,-1.2757224411389805,1.2757224411389805
2022-10-18 10:02:51.938000+00:00,0.0,1.2757390715993,-1.2757390715993,1.2757390715993
2022-10-18 10:02:53.794000+00:00,0.0,1.2757554288512096,-1.2757554288512096,1.2757554288512096
2022-10-18 10:02:55.660000+00:00,0.0,1.2757718742348643,-1.2757718742348643,1.2757718742348643
2022-10-18 10:02:57.534000+00:00,0.0,1.2757883901239153,-1.2757883901239153,1.2757883901239153
2022-10-18 10:02:59.410000+00:00,0.0,1.2758049236393152,-1.2758049236393152,1.2758049236393152
2022-10-18 10:03:01.364000+00:00,0.0,1.275822144582328,-1.275822144582328,1.275822144582328
2022-10-18 10:03:03.190000+00:00,0.0,1.2758382374390018,-1.2758382374390018,1.2758382374390018
2022-10-18 10:03:05.112000+00:00,0.0,1.2758551763604298,-1.2758551763604298,1.2758551763604298
2022-10-18 10:03:07.033000+00:00,0.0,1.2758721064686833,-1.2758721064686833,1.2758721064686833
2022-10-18 10:03:12.425000+00:00,0.0,1.2759196271056963,-1.2759196271056963,1.2759196271056963
2022-10-18 10:03:14.331000+00:00,0.0,1.275936425016332,-1.275936425016332,1.275936425016332
2022-10-18 10:03:16.236000+00:00,0.0,1.275953214113793,-1.275953214113793,1.275953214113793
2022-10-18 10:03:18.098000+00:00,0.0,1.2759696242447496,-1.2759696242447496,1.2759696242447496
2022-10-18 10:03:20.004000+00:00,0.0,1.2759864221553854,-1.2759864221553854,1.2759864221553854
2022-10-18 10:03:21.862000+00:00,0.0,1.276002797033644,-1.276002797033644,1.276002797033644
2022-10-18 10:03:23.675000+00:00,0.0,1.276018775319049,-1.276018775319049,1.276018775319049
2022-10-18 10:03:25.584000+00:00,0.36482,1.2760355996692083,-0.9112155996692084,0.9112155996692084
2022-10-18 10:03:27.459000+00:00,3.88277,1.2760521243714338,2.606717875628566,2.606717875628566
2022-10-18 10:03:29.369000+00:00,0.0,1.2760689575347675,-1.2760689575347675,1.2760689575347675
2022-10-18 10:03:31.379000+00:00,0.07818,1.2760866720155533,-1.1979066720155533,1.1979066720155533
2022-10-18 10:03:33.269000+00:00,7.00983,1.2761033289153962,5.733726671084604,5.733726671084604
2022-10-18 10:03:35.192000+00:00,0.59935,1.276120276649999,-0.676770276649999,0.676770276649999
2022-10-18 10:03:37.068000+00:00,3.57006,1.276136810165399,2.293923189834601,2.293923189834601
2022-10-18 10:03:39.035000+00:00,0.70359,1.27615414567968,-0.5725641456796801,0.5725641456796801
2022-10-18 10:03:40.866000+00:00,2.31924,1.2761702826022268,1.0430697173977734,1.0430697173977734
2022-10-18 10:03:42.760000+00:00,0.46906,1.276186974754768,-0.807126974754768,0.807126974754768
2022-10-18 10:03:44.609000+00:00,4.5603,1.276203270314456,3.284096729685544,3.284096729685544
2022-10-18 10:03:46.496000+00:00,1.25082,1.2762199007747757,-0.025399900774775608,0.025399900774775608
2022-10-18 10:03:48.453000+00:00,2.52771,1.2762371481573118,1.251472851842688,1.251472851842688
2022-10-18 10:03:50.381000+00:00,3.544,1.276254139957787,2.267745860042213,2.267745860042213
2022-10-18 10:03:52.330000+00:00,0.41694,1.2762713168349267,-0.8593313168349267,0.8593313168349267
2022-10-18 10:03:54.314000+00:00,1.53747,1.276288802173175,0.2611811978268248,0.2611811978268248
2022-10-18 10:03:56.289000+00:00,4.43,1.2763062081928525,3.1536937918071475,3.1536937918071475
2022-10-18 10:03:58.128000+00:00,0.23453,1.276322415620795,-1.0417924156207952,1.0417924156207952
2022-10-18 10:04:00.004000+00:00,0.0,1.2763389491361952,-1.2763389491361952,1.2763389491361952
2022-10-18 10:04:01.939000+00:00,0.0,1.2763560026288918,-1.2763560026288918,1.2763560026288918
2022-10-18 10:04:03.831000+00:00,0.0,1.2763726771550843,-1.2763726771550843,1.2763726771550843
2022-10-18 10:04:05.757000+00:00,0.0,1.2763896513292101,-1.2763896513292101,1.2763896513292101
2022-10-18 10:04:07.632000+00:00,0.0,1.2764061760314356,-1.2764061760314356,1.2764061760314356
2022-10-18 10:04:09.417000+00:00,0.0,1.2764219075479541,-1.2764219075479541,1.2764219075479541
2022-10-18 10:04:11.269000+00:00,0.0,1.276438229547166,-1.276438229547166,1.276438229547166
2022-10-18 10:04:17.159000+00:00,12.16947,1.27649013914509,10.892979860854911,10.892979860854911
2022-10-18 10:04:19.150000+00:00,2.31924,1.27650768617556,1.0427323138244402,1.0427323138244402
2022-10-18 10:04:20.972000+00:00,9.82418,1.2765237437795358,8.547656256220463,8.547656256220463
2022-10-18 10:04:22.920000+00:00,0.07818,1.2765409118435012,-1.1983609118435012,1.1983609118435012
2022-10-18 10:04:24.788000+00:00,0.18241,1.276557374853505,-1.094147374853505,1.094147374853505
2022-10-18 10:04:26.780000+00:00,2.57982,1.2765749306971492,1.3032450693028506,1.3032450693028506
2022-10-18 10:04:28.724000+00:00,2.86647,1.2765920635084167,1.5898779364915834,1.5898779364915834
2022-10-18 10:04:30.680000+00:00,0.05212,1.2766093020777785,-1.2244893020777785,1.2244893020777785
2022-10-18 10:04:32.547000+00:00,0.39088,1.2766257562746075,-0.8857457562746075,0.8857457562746075
2022-10-18 10:04:34.561000+00:00,0.75571,1.2766435060080914,-0.5209335060080914,0.5209335060080914
2022-10-18 10:04:36.474000+00:00,1.25082,1.2766603656109488,-0.025840365610948712,0.025840365610948712
2022-10-18 10:04:38.405000+00:00,2.18894,1.2766773838509473,0.9122626161490528,0.9122626161490528
2022-10-18 10:04:40.373000+00:00,0.18241,1.2766947281784031,-1.0942847281784032,1.0942847281784032
2022-10-18 10:04:42.338000+00:00,4.40394,1.2767120460663355,3.127227953933665,3.127227953933665
2022-10-18 10:04:44.304000+00:00,0.05212,1.2767293727674422,-1.2246093727674423,1.2246093727674423
2022-10-18 10:04:46.212000+00:00,5.57659,1.2767461883044269,4.299843811695574,4.299843811695574
2022-10-18 10:04:48.061000+00:00,0.26059,1.2767624838641147,-1.0161724838641146,1.0161724838641146
2022-10-18 10:04:49.889000+00:00,0.0,1.276778594347138,-1.276778594347138,1.276778594347138
2022-10-18 10:04:51.765000+00:00,0.0,1.2767951278625378,-1.2767951278625378,1.2767951278625378
2022-10-18 10:04:53.601000+00:00,0.0,1.276811308850957,-1.276811308850957,1.276811308850957
2022-10-18 10:04:55.483000+00:00,0.0,1.276827895245404,-1.276827895245404,1.276827895245404
2022-10-18 10:04:57.367000+00:00,0.0,1.2768444992662,-1.2768444992662,1.2768444992662
2022-10-18 10:04:59.249000+00:00,0.0,1.2768610856606473,-1.2768610856606473,1.2768610856606473
2022-10-18 10:05:01.162000+00:00,0.0,1.2768779452635046,-1.2768779452635046,1.2768779452635046
2022-10-18 10:05:03.030000+00:00,0.0,1.2768944082735083,-1.2768944082735083,1.2768944082735083
2022-10-18 10:05:04.905000+00:00,0.0,1.2769109329757338,-1.2769109329757338,1.2769109329757338
2022-10-18 10:05:06.764000+00:00,0.0,1.2769273166671669,-1.2769273166671669,1.2769273166671669
2022-10-18 10:05:08.670000+00:00,0.0,1.2769441145778024,-1.2769441145778024,1.2769441145778024
2022-10-18 10:05:10.514000+00:00,0.0,1.2769603660716178,-1.2769603660716178,1.2769603660716178
2022-10-18 10:05:12.384000+00:00,0.0,1.2769768467079707,-1.2769768467079707,1.2769768467079707
2022-10-18 10:05:14.425000+00:00,7.45283,1.2769948343971667,6.175835165602833,6.175835165602833
2022-10-18 10:05:16.343000+00:00,1.35506,1.2770117380658963,0.07804826193410364,0.07804826193410364
2022-10-18 10:05:22.350000+00:00,13.75906,1.2770646788052396,12.481995321194761,12.481995321194761
2022-10-18 10:05:24.258000+00:00,5.34206,1.2770814943422242,4.064978505657776,4.064978505657776
2022-10-18 10:05:26.146000+00:00,1.17265,1.2770981336157186,-0.10444813361571859,0.10444813361571859
2022-10-18 10:05:28.073000+00:00,2.63194,1.277115116603019,1.3548248833969811,1.3548248833969811
2022-10-18 10:05:30.086000+00:00,0.41694,1.2771328575233283,-0.8601928575233283,0.8601928575233283
2022-10-18 10:05:31.969000+00:00,5.759,1.2771494527309497,4.481850547269051,4.481850547269051
2022-10-18 10:05:33.858000+00:00,0.33876,1.2771661008176185,-0.9384061008176185,0.9384061008176185
2022-10-18 10:05:35.747000+00:00,0.05212,1.2771827489042873,-1.2250627489042873,1.2250627489042873
2022-10-18 10:05:37.694000+00:00,1.95441,1.2771999081550782,0.6772100918449218,0.6772100918449218
2022-10-18 10:05:39.598000+00:00,3.23129,1.2772166884393648,1.9540733115606352,1.9540733115606352
2022-10-18 10:05:41.506000+00:00,0.70359,1.2772335039763494,-0.5736435039763493,0.5736435039763493
2022-10-18 10:05:43.342000+00:00,4.58635,1.2772496849647685,3.3091003150352316,3.3091003150352316
2022-10-18 10:05:45.210000+00:00,0.20847,1.2772661479747724,-1.0687961479747725,1.0687961479747725
2022-10-18 10:05:47.132000+00:00,0.0,1.2772830868962002,-1.2772830868962002,1.2772830868962002
2022-10-18 10:05:49.008000+00:00,0.0,1.2772996204116003,-1.2772996204116003,1.2772996204116003
2022-10-18 10:05:50.888000+00:00,0.0,1.2773161891796985,-1.2773161891796985,1.2773161891796985
2022-10-18 10:05:52.820000+00:00,0.0,1.2773332162328717,-1.2773332162328717,1.2773332162328717
2022-10-18 10:05:54.602000+00:00,0.0,1.2773489213098665,-1.2773489213098665,1.2773489213098665
2022-10-18 10:05:56.452000+00:00,0.0,1.277365225682729,-1.277365225682729,1.277365225682729
2022-10-18 10:05:58.319000+00:00,0.0,1.2773816798795583,-1.2773816798795583,1.2773816798795583
2022-10-18 10:06:00.101000+00:00,0.0,1.2773973849565534,-1.2773973849565534,1.2773973849565534
2022-10-18 10:06:02.023000+00:00,0.0,1.2774143238779812,-1.2774143238779812,1.2774143238779812
2022-10-18 10:06:03.906000+00:00,0.33876,1.277430919085603,-0.9386709190856031,0.9386709190856031
2022-10-18 10:06:05.865000+00:00,7.088,1.2774481840944882,5.810551815905512,5.810551815905512
2022-10-18 10:06:07.742000+00:00,0.36482,1.2774647264230625,-0.9126447264230626,0.9126447264230626
2022-10-18 10:06:09.695000+00:00,7.11406,1.2774819385529006,5.836578061447099,5.836578061447099
2022-10-18 10:06:11.547000+00:00,0.46906,1.2774982605521121,-0.8084382605521121,0.8084382605521121
2022-10-18 10:06:13.539000+00:00,3.23129,1.2775158163957565,1.9537741836042435,1.9537741836042435
2022-10-18 10:06:15.526000+00:00,4.69059,1.2775333281735282,3.413056671826472,3.413056671826472
2022-10-18 10:06:17.516000+00:00,0.28665,1.2775508663908235,-0.9909008663908234,0.9909008663908234
2022-10-18 10:06:19.404000+00:00,1.45929,1.2775675056643179,0.1817224943356821,0.1817224943356821
2022-10-18 10:06:21.353000+00:00,0.31271,1.2775846825414576,-0.9648746825414576,0.9648746825414576
2022-10-18 10:06:27.003000+00:00,0.23453,1.277634476977497,-1.043104476977497,1.043104476977497
2022-10-18 10:06:28.909000+00:00,3.23129,1.2776512748881328,1.9536387251118672,1.9536387251118672
2022-10-18 10:06:30.796000+00:00,0.02606,1.2776679053484523,-1.2516079053484523,1.2516079053484523
2022-10-18 10:06:32.674000+00:00,0.07818,1.2776844564902015,-1.1995044564902015,1.1995044564902015
2022-10-18 10:06:34.601000+00:00,0.31271,1.277701439477502,-0.9649914394775019,0.9649914394775019
2022-10-18 10:06:36.469000+00:00,0.0,1.2777179024875056,-1.2777179024875056,1.2777179024875056
2022-10-18 10:06:38.314000+00:00,0.0,1.2777341627944956,-1.2777341627944956,1.2777341627944956
2022-10-18 10:06:40.207000+00:00,0.0,1.2777508461338625,-1.2777508461338625,1.2777508461338625
2022-10-18 10:06:42.039000+00:00,0.0,1.2777669918695835,-1.2777669918695835,1.2777669918695835
2022-10-18 10:06:43.959000+00:00,0.0,1.2777839131646624,-1.2777839131646624,1.2777839131646624
2022-10-18 10:06:45.897000+00:00,0.0,1.2778009930968826,-1.2778009930968826,1.2778009930968826
2022-10-18 10:06:47.752000+00:00,0.0,1.2778173415356178,-1.2778173415356178,1.2778173415356178
2022-10-18 10:06:49.613000+00:00,0.0,1.2778337428534,-1.2778337428534,1.2778337428534
2022-10-18 10:06:51.502000+00:00,0.0,1.2778503909400687,-1.2778503909400687,1.2778503909400687
2022-10-18 10:06:53.413000+00:00,0.0,1.2778672329165768,-1.2778672329165768,1.2778672329165768
2022-10-18 10:06:55.321000+00:00,0.46906,1.2778840484535614,-0.8088240484535614,0.8088240484535614
2022-10-18 10:06:57.197000+00:00,0.05212,1.2779005819689613,-1.2257805819689613,1.2257805819689613
2022-10-18 10:06:59.065000+00:00,0.75571,1.2779170449789654,-0.5222070449789654,0.5222070449789654
2022-10-18 10:07:00.992000+00:00,7.27041,1.2779340279662659,5.992475972033734,5.992475972033734
2022-10-18 10:07:02.846000+00:00,0.39088,1.2779503675918265,-0.8870703675918264,0.8870703675918264
2022-10-18 10:07:04.747000+00:00,0.02606,1.2779671214365893,-1.2519071214365893,1.2519071214365893
2022-10-18 10:07:06.736000+00:00,4.43,1.2779846508407102,3.1520153491592895,3.1520153491592895
2022-10-18 10:07:08.654000+00:00,0.26059,1.2780015545094399,-1.0174115545094398,1.0174115545094398
2022-10-18 10:07:10.549000+00:00,0.80782,1.2780182554751558,-0.4701982554751558,0.4701982554751558
2022-10-18 10:07:12.534000+00:00,0.28665,1.2780357496265784,-0.9913857496265783,0.9913857496265783
2022-10-18 10:07:14.417000+00:00,0.23453,1.2780523448342,-1.0435223448342001,1.0435223448342001
2022-10-18 10:07:16.267000+00:00,0.83388,1.2780686492070625,-0.4441886492070626,0.4441886492070626
2022-10-18 10:07:18.237000+00:00,1.27688,1.2780860111608674,-0.0012060111608673818,0.0012060111608673818
2022-10-18 10:07:20.069000+00:00,12.24765,1.2781021568965887,10.969547843103411,10.969547843103411
2022-10-18 10:07:21.951000+00:00,0.15635,1.2781187432910355,-1.1217687432910355,1.1217687432910355
2022-10-18 10:07:23.901000+00:00,0.05212,1.27813592898135,-1.2260159289813501,1.2260159289813501
2022-10-18 10:07:25.837000+00:00,0.28665,1.2781529912872212,-0.9915029912872211,0.9915029912872211
2022-10-18 10:07:31.565000+00:00,0.0,1.2782034731508733,-1.2782034731508733,1.2782034731508733
2022-10-18 10:07:33.444000+00:00,0.0,1.278220033105797,-1.278220033105797,1.278220033105797
2022-10-18 10:07:35.316000+00:00,0.0,1.2782365313684987,-1.2782365313684987,1.2782365313684987
2022-10-18 10:07:37.097000+00:00,0.0,1.2782522276323194,-1.2782522276323194,1.2782522276323194
2022-10-18 10:07:39.004000+00:00,0.0,1.2782690343561294,-1.2782690343561294,1.2782690343561294
2022-10-18 10:07:40.883000+00:00,0.0,1.278285594311053,-1.278285594311053,1.278285594311053
2022-10-18 10:07:42.806000+00:00,0.0,1.2783025420456553,-1.2783025420456553,1.2783025420456553
2022-10-18 10:07:44.766000+00:00,0.33876,1.2783198158677151,-0.9395598158677152,0.9395598158677152
2022-10-18 10:07:46.675000+00:00,8.5473,1.2783366402178742,7.268963359782125,7.268963359782125
2022-10-18 10:07:48.581000+00:00,0.02606,1.27835343812851,-1.25229343812851,1.25229343812851
2022-10-18 10:07:50.540000+00:00,1.61565,1.2783707031373952,0.3372792968626048,0.3372792968626048
2022-10-18 10:07:52.456000+00:00,4.97724,1.2783875891797758,3.6988524108202245,3.6988524108202245
2022-10-18 10:07:54.347000+00:00,5.28994,1.2784042548927936,4.0115357451072065,4.0115357451072065
2022-10-18 10:07:56.240000+00:00,2.81435,1.2784209382321605,1.5359290617678396,1.5359290617678396
2022-10-18 10:07:58.160000+00:00,0.75571,1.2784378595272394,-0.5227278595272394,0.5227278595272394
2022-10-18 10:08:00.138000+00:00,0.67753,1.2784552919864405,-0.6009252919864405,0.6009252919864405
2022-10-18 10:08:02.066000+00:00,0.41694,1.2784722837869154,-0.8615322837869154,0.8615322837869154
2022-10-18 10:08:03.953000+00:00,10.00659,1.278488914247235,8.728101085752764,8.728101085752764
2022-10-18 10:08:05.911000+00:00,0.31271,1.2785061704429457,-0.9657961704429456,0.9657961704429456
2022-10-18 10:08:07.850000+00:00,1.48535,1.2785232591883404,0.20682674081165953,0.20682674081165953
2022-10-18 10:08:09.737000+00:00,2.39741,1.2785398896486604,1.1188701103513394,1.1188701103513394
2022-10-18 10:08:11.636000+00:00,1.38112,1.2785566258670742,0.10256337413292571,0.10256337413292571
2022-10-18 10:08:13.597000+00:00,2.86647,1.2785739085023085,1.5878960914976916,1.5878960914976916
2022-10-18 10:08:15.554000+00:00,4.82088,1.2785911558848446,3.542288844115155,3.542288844115155
2022-10-18 10:08:17.443000+00:00,0.26059,1.2786078039715132,-1.0180178039715133,1.0180178039715133
2022-10-18 10:08:19.332000+00:00,0.0,1.278624452058182,-1.278624452058182,1.278624452058182
2022-10-18 10:08:21.254000+00:00,0.0,1.27864139097961,-1.27864139097961,1.27864139097961
2022-10-18 10:08:23.174000+00:00,0.0,1.2786583122746888,-1.2786583122746888,1.2786583122746888
2022-10-18 10:08:25.065000+00:00,0.0,1.2786749779877065,-1.2786749779877065,1.2786749779877065
2022-10-18 10:08:26.923000+00:00,0.0,1.2786913528659651,-1.2786913528659651,1.2786913528659651
2022-10-18 10:08:28.815000+00:00,0.0,1.2787080273921574,-1.2787080273921574,1.2787080273921574
2022-10-18 10:08:30.697000+00:00,0.0,1.2787246137866046,-1.2787246137866046,1.2787246137866046
2022-10-18 10:08:36.018000+00:00,0.0,1.2787715086882268,-1.2787715086882268,1.2787715086882268
2022-10-18 10:08:37.944000+00:00,0.0,1.2787884828623528,-1.2787884828623528,1.2787884828623528
2022-10-18 10:08:39.873000+00:00,1.01629,1.2788054834760025,-0.2625154834760026,0.2625154834760026
2022-10-18 10:08:41.729000+00:00,0.70359,1.278821840727912,-0.5752318407279119,0.5752318407279119
2022-10-18 10:08:43.574000+00:00,6.202,1.2788381010349017,4.923161898965098,4.923161898965098
2022-10-18 10:08:45.552000+00:00,0.02606,1.278855533494103,-1.252795533494103,1.252795533494103
2022-10-18 10:08:47.410000+00:00,1.01629,1.2788719083723614,-0.2625819083723615,0.2625819083723615
2022-10-18 10:08:49.330000+00:00,3.12706,1.2788888296674403,1.8481711703325598,1.8481711703325598
2022-10-18 10:08:51.254000+00:00,1.25082,1.2789057862152173,-0.02808578621521729,0.02808578621521729
2022-10-18 10:08:53.142000+00:00,3.72641,1.2789224254887115,2.4474875745112885,2.4474875745112885
2022-10-18 10:08:55.049000+00:00,0.57329,1.2789392322125215,-0.7056492322125215,0.7056492322125215
2022-10-18 10:08:57.025000+00:00,1.22477,1.2789566470453737,-0.05418664704537379,0.05418664704537379
2022-10-18 10:08:58.813000+00:00,1.04235,1.278972405001416,-0.23662240500141585,0.23662240500141585
2022-10-18 10:09:00.669000+00:00,6.80135,1.2789887622533254,5.522361237746675,5.522361237746675
2022-10-18 10:09:02.627000+00:00,2.84041,1.2790060184490362,1.5614039815509637,1.5614039815509637
2022-10-18 10:09:04.513000+00:00,0.13029,1.2790226400961813,-1.1487326400961813,1.1487326400961813
2022-10-18 10:09:06.487000+00:00,0.07818,1.2790400373026842,-1.2008600373026843,1.2008600373026843
2022-10-18 10:09:08.400000+00:00,0.13029,1.2790568969055416,-1.1487668969055416,1.1487668969055416
2022-10-18 10:09:10.367000+00:00,0.20847,1.2790742324198228,-1.0706042324198228,1.0706042324198228
2022-10-18 10:09:12.206000+00:00,0.0,1.2790904398477656,-1.2790904398477656,1.2790904398477656
2022-10-18 10:09:14.112000+00:00,0.0,1.2791072377584012,-1.2791072377584012,1.2791072377584012
2022-10-18 10:09:16.050000+00:00,0.0,1.2791243176906213,-1.2791243176906213,1.2791243176906213
2022-10-18 10:09:17.894000+00:00,0.0,1.2791405691844366,-1.2791405691844366,1.2791405691844366
2022-10-18 10:09:19.768000+00:00,0.0,1.2791570850734875,-1.2791570850734875,1.2791570850734875
2022-10-18 10:09:21.628000+00:00,0.0,1.2791734775780954,-1.2791734775780954,1.2791734775780954
2022-10-18 10:09:23.542000+00:00,0.0,1.279190345994127,-1.279190345994127,1.279190345994127
2022-10-18 10:09:25.446000+00:00,0.0,1.2792071262784135,-1.2792071262784135,1.2792071262784135
2022-10-18 10:09:27.360000+00:00,0.0,1.2792239946944455,-1.2792239946944455,1.2792239946944455
2022-10-18 10:09:29.135000+00:00,0.0,1.2792396380792188,-1.2792396380792188,1.2792396380792188
2022-10-18 10:09:30.994000+00:00,0.0,1.2792560217706521,-1.2792560217706521,1.2792560217706521
2022-10-18 10:09:32.899000+00:00,0.0,1.279272810868113,-1.279272810868113,1.279272810868113
2022-10-18 10:09:34.712000+00:00,0.0,1.2792887891535183,-1.2792887891535183,1.2792887891535183
2022-10-18 10:09:40.593000+00:00,0.33876,1.2793406194328718,-0.9405806194328719,0.9405806194328719
2022-10-18 10:09:42.509000+00:00,0.62541,1.2793575054752526,-0.6539475054752526,0.6539475054752526
2022-10-18 10:09:44.380000+00:00,0.13029,1.27937399492478,-1.14908399492478,1.14908399492478
2022-10-18 10:09:46.368000+00:00,0.20847,1.2793915155157263,-1.0709215155157263,1.0709215155157263
2022-10-18 10:09:48.305000+00:00,0.20847,1.279408586634772,-1.070938586634772,1.070938586634772
2022-10-18 10:09:50.214000+00:00,2.16288,1.2794254109849312,0.8834545890150687,0.8834545890150687
2022-10-18 10:09:52.166000+00:00,0.28665,1.2794426143015944,-0.9927926143015944,0.9927926143015944
2022-10-18 10:09:54.078000+00:00,0.78176,1.2794594650912774,-0.4976994650912774,0.4976994650912774
2022-10-18 10:09:56.057000+00:00,0.28665,1.2794769063636529,-0.9928269063636528,0.9928269063636528
2022-10-18 10:09:58.075000+00:00,0.28665,1.2794946913498348,-0.9928446913498348,0.9928446913498348
2022-10-18 10:10:00.024000+00:00,0.28665,1.2795118682269746,-0.9928618682269745,0.9928618682269745
2022-10-18 10:10:01.979000+00:00,18.16301,1.2795290979831617,16.88348090201684,16.88348090201684
2022-10-18 10:10:03.962000+00:00,0.75571,1.2795465745082355,-0.5238365745082355,0.5238365745082355
2022-10-18 10:10:05.798000+00:00,1.04235,1.2795627554966547,-0.23721275549665455,0.23721275549665455
2022-10-18 10:10:07.743000+00:00,0.31271,1.2795798971210965,-0.9668698971210965,0.9668698971210965
2022-10-18 10:10:09.665000+00:00,0.0,1.2795968360425245,-1.2795968360425245,1.2795968360425245
2022-10-18 10:10:11.587000+00:00,0.0,1.2796137749639525,-1.2796137749639525,1.2796137749639525
2022-10-18 10:10:13.383000+00:00,0.0,1.2796296034253907,-1.2796296034253907,1.2796296034253907
2022-10-18 10:10:15.259000+00:00,0.0,1.2796461369407908,-1.2796461369407908,1.2796461369407908
2022-10-18 10:10:17.182000+00:00,0.0,1.2796630846753931,-1.2796630846753931,1.2796630846753931
2022-10-18 10:10:19.019000+00:00,0.0,1.2796792744769867,-1.2796792744769867,1.2796792744769867
2022-10-18 10:10:20.857000+00:00,0.0,1.279695473091755,-1.279695473091755,1.279695473091755
2022-10-18 10:10:22.775000+00:00,0.0,1.279712376760485,-1.279712376760485,1.279712376760485
2022-10-18 10:10:24.633000+00:00,0.0,1.2797287516387434,-1.2797287516387434,1.2797287516387434
2022-10-18 10:10:26.539000+00:00,0.46906,1.279745549549379,-0.810685549549379,0.810685549549379
2022-10-18 10:10:28.462000+00:00,4.16941,1.2797624972839814,2.8896475027160187,2.8896475027160187
2022-10-18 10:10:30.360000+00:00,4.01306,1.279779224689221,2.7332807753107793,2.7332807753107793
2022-10-18 10:10:32.259000+00:00,0.78176,1.2797959609076348,-0.4980359609076348,0.4980359609076348
2022-10-18 10:10:34.236000+00:00,9.19877,1.2798133845536614,7.918956615446338,7.918956615446338
2022-10-18 10:10:36.150000+00:00,14.09783,1.2798302529696932,12.817999747030306,12.817999747030306
2022-10-18 10:10:38.091000+00:00,4.61241,1.279847359341437,3.332562640658563,3.332562640658563
2022-10-18 10:10:39.978000+00:00,2.42347,1.2798639898017568,1.1436060101982433,1.1436060101982433
2022-10-18 10:10:45.494000+00:00,0.46906,1.2799126032724104,-0.8108526032724104,0.8108526032724104
2022-10-18 10:10:47.424000+00:00,1.35506,1.2799296126992346,0.07513038730076538,0.07513038730076538
2022-10-18 10:10:49.362000+00:00,3.30947,1.2799466926314547,2.0295233073685455,2.0295233073685455
2022-10-18 10:10:51.300000+00:00,3.43977,1.279963772563675,2.1598062274363254,2.1598062274363254
2022-10-18 10:10:53.243000+00:00,1.56353,1.2799808965617678,0.28354910343823225,0.28354910343823225
2022-10-18 10:10:55.185000+00:00,2.03259,1.279998011746686,0.7525919882533139,0.7525919882533139
2022-10-18 10:10:57.086000+00:00,2.57982,1.280014765591449,1.2998052344085507,1.2998052344085507
2022-10-18 10:10:58.978000+00:00,0.26059,1.2800314401176414,-1.0194414401176415,1.0194414401176415
2022-10-18 10:11:00.888000+00:00,0.0,1.280048273280975,-1.280048273280975,1.280048273280975
2022-10-18 10:11:02.759000+00:00,0.0,1.2800647627305026,-1.2800647627305026,1.2800647627305026
2022-10-18 10:11:04.680000+00:00,0.0,1.280081692838756,-1.280081692838756,1.280081692838756
2022-10-18 10:11:06.602000+00:00,0.0,1.280098631760184,-1.280098631760184,1.280098631760184
2022-10-18 10:11:08.440000+00:00,0.0,1.280114830374952,-1.280114830374952,1.280114830374952
2022-10-18 10:11:10.321000+00:00,0.0,1.2801314079562245,-1.2801314079562245,1.2801314079562245
2022-10-18 10:11:12.133000+00:00,0.0,1.2801473774284553,-1.2801473774284553,1.2801473774284553
2022-10-18 10:11:14.008000+00:00,0.0,1.2801639021306808,-1.2801639021306808,1.2801639021306808
2022-10-18 10:11:15.860000+00:00,0.0,1.280180224129892,-1.280180224129892,1.280180224129892
2022-10-18 10:11:17.884000+00:00,0.0,1.2801980619951212,-1.2801980619951212,1.2801980619951212
2022-10-18 10:11:19.791000+00:00,0.0,1.2802148687189314,-1.2802148687189314,1.2802148687189314
2022-10-18 10:11:21.743000+00:00,0.65147,1.2802320720355949,-0.6287620720355949,0.6287620720355949
2022-10-18 10:11:23.612000+00:00,9.85024,1.2802485438587732,8.569991456141226,8.569991456141226
2022-10-18 10:11:25.565000+00:00,0.65147,1.2802657559886113,-0.6287957559886113,0.6287957559886113
2022-10-18 10:11:27.399000+00:00,2.81435,1.2802819193506814,1.5340680806493188,1.5340680806493188
2022-10-18 10:11:29.308000+00:00,0.41694,1.2802987437008406,-0.8633587437008406,0.8633587437008406
2022-10-18 10:11:31.238000+00:00,3.04888,1.2803157531276645,1.7685642468723355,1.7685642468723355
2022-10-18 10:11:33.128000+00:00,4.48212,1.280332410027508,3.201787589972492,3.201787589972492
2022-10-18 10:11:35.035000+00:00,0.36482,1.280349216751318,-0.915529216751318,0.915529216751318
2022-10-18 10:11:36.878000+00:00,0.26059,1.280365459431959,-1.0197754594319588,1.0197754594319588
2022-10-18 10:11:38.756000+00:00,0.39088,1.2803820105737078,-0.8895020105737078,0.8895020105737078
2022-10-18 10:11:40.690000+00:00,0.05212,1.28039905525323,-1.2282790552532301,1.2282790552532301
2022-10-18 10:11:42.565000+00:00,0.65147,1.2804155799554553,-0.6289455799554553,0.6289455799554553
2022-10-18 10:11:44.539000+00:00,0.23453,1.2804329771619583,-1.0459029771619583,1.0459029771619583
2022-10-18 10:11:50.175000+00:00,1.61565,1.2804826482135545,0.3351673517864455,0.3351673517864455
2022-10-18 10:11:52.163000+00:00,0.28665,1.2805001688045008,-0.9938501688045007,0.9938501688045007
2022-10-18 10:11:54.040000+00:00,0.0,1.2805167111330753,-1.2805167111330753,1.2805167111330753
2022-10-18 10:11:55.927000+00:00,0.0,1.280533341593395,-1.280533341593395,1.280533341593395
2022-10-18 10:11:57.783000+00:00,0.0,1.2805496988453047,-1.2805496988453047,1.2805496988453047
2022-10-18 10:11:59.706000+00:00,0.0,1.280566646579907,-1.280566646579907,1.280566646579907
2022-10-18 10:12:01.533000+00:00,0.0,1.2805827482497556,-1.2805827482497556,1.2805827482497556
2022-10-18 10:12:03.449000+00:00,0.0,1.2805996342921362,-1.2805996342921362,1.2805996342921362
2022-10-18 10:12:05.377000+00:00,0.0,1.2806166260926113,-1.2806166260926113,1.2806166260926113
2022-10-18 10:12:07.206000+00:00,0.0,1.280632745388809,-1.280632745388809,1.280632745388809
2022-10-18 10:12:09.112000+00:00,0.0,1.2806495432994445,-1.2806495432994445,1.2806495432994445
2022-10-18 10:12:10.987000+00:00,0.0,1.28066606800167,-1.28066606800167,1.28066606800167
2022-10-18 10:12:12.925000+00:00,0.0,1.2806831479338903,-1.2806831479338903,1.2806831479338903
2022-10-18 10:12:14.799000+00:00,0.0,1.280699663822941,-1.280699663822941,1.280699663822941
2022-10-18 10:12:16.708000+00:00,0.0,1.2807164881731001,-1.2807164881731001,1.2807164881731001
2022-10-18 10:12:18.612000+00:00,0.0,1.2807332684573869,-1.2807332684573869,1.2807332684573869
2022-10-18 10:12:20.534000+00:00,0.0,1.2807502073788148,-1.2807502073788148,1.2807502073788148
2022-10-18 10:12:22.472000+00:00,0.0,1.280767287311035,-1.280767287311035,1.280767287311035
2022-10-18 10:12:24.393000+00:00,0.0,1.2807842174192883,-1.2807842174192883,1.2807842174192883
2022-10-18 10:12:26.206000+00:00,0.0,1.2808001957046935,-1.2808001957046935,1.2808001957046935
2022-10-18 10:12:28.081000+00:00,0.0,1.2808167204069192,-1.2808167204069192,1.2808167204069192
2022-10-18 10:12:30.004000+00:00,0.0,1.2808336681415216,-1.2808336681415216,1.2808336681415216
2022-10-18 10:12:31.887000+00:00,0.0,1.280850263349143,-1.280850263349143,1.280850263349143
2022-10-18 10:12:33.784000+00:00,0.0,1.280866981941208,-1.280866981941208,1.280866981941208
2022-10-18 10:12:35.659000+00:00,0.0,1.2808835066434334,-1.2808835066434334,1.2808835066434334
2022-10-18 10:12:37.580000+00:00,0.0,1.2809004367516867,-1.2809004367516867,1.2809004367516867
2022-10-18 10:12:39.504000+00:00,0.0,1.2809173932994637,-1.2809173932994637,1.2809173932994637
2022-10-18 10:12:41.363000+00:00,0.0,1.280933776990897,-1.280933776990897,1.280933776990897
2022-10-18 10:12:43.190000+00:00,0.0,1.2809498786607454,-1.2809498786607454,1.2809498786607454
2022-10-18 10:12:45.127000+00:00,0.0,1.280966949779791,-1.280966949779791,1.280966949779791
2022-10-18 10:12:47.065000+00:00,0.0,1.2809840297120114,-1.2809840297120114,1.2809840297120114
2022-10-18 10:12:48.972000+00:00,0.0,1.2810008364358216,-1.2810008364358216,1.2810008364358216
2022-10-18 10:12:54.534000+00:00,0.0,1.2810498553125031,-1.2810498553125031,1.2810498553125031
2022-10-18 10:12:56.378000+00:00,0.0,1.2810661068063185,-1.2810661068063185,1.2810661068063185
2022-10-18 10:12:58.299000+00:00,0.0,1.2810830369145718,-1.2810830369145718,1.2810830369145718
2022-10-18 10:13:00.221000+00:00,0.0,1.2810999758359998,-1.2810999758359998,1.2810999758359998
2022-10-18 10:13:02.082000+00:00,0.0,1.281116377153782,-1.281116377153782,1.281116377153782
2022-10-18 10:13:03.960000+00:00,0.0,1.281132928295531,-1.281132928295531,1.281132928295531
2022-10-18 10:13:05.835000+00:00,0.0,1.2811494529977565,-1.2811494529977565,1.2811494529977565
2022-10-18 10:13:07.706000+00:00,0.0,1.2811659424472839,-1.2811659424472839,1.2811659424472839
2022-10-18 10:13:09.628000+00:00,0.0,1.2811828813687116,-1.2811828813687116,1.2811828813687116
2022-10-18 10:13:11.503000+00:00,0.0,1.2811994060709373,-1.2811994060709373,1.2811994060709373
2022-10-18 10:13:13.299000+00:00,0.0,1.2812152345323755,-1.2812152345323755,1.2812152345323755
2022-10-18 10:13:15.160000+00:00,0.0,1.2812316358501579,-1.2812316358501579,1.2812316358501579
2022-10-18 10:13:17.050000+00:00,0.0,1.281248292750001,-1.281248292750001,1.281248292750001
2022-10-18 10:13:18.987000+00:00,0.31271,1.2812653638690468,-0.9685553638690467,0.9685553638690467
2022-10-18 10:13:20.893000+00:00,0.99024,1.2812821617796821,-0.2910421617796821,0.2910421617796821
2022-10-18 10:13:22.833000+00:00,0.20847,1.2812992593382515,-1.0728292593382516,1.0728292593382516
2022-10-18 10:13:24.700000+00:00,7.974,1.281315713535081,6.692684286464919,6.692684286464919
2022-10-18 10:13:26.620000+00:00,0.54724,1.28133263483016,-0.73409263483016,0.73409263483016
2022-10-18 10:13:28.620000+00:00,3.17918,1.2813502611792003,1.8978297388207999,1.8978297388207999
2022-10-18 10:13:30.526000+00:00,4.82088,1.2813670590898358,3.539512940910164,3.539512940910164
2022-10-18 10:13:32.441000+00:00,0.26059,1.2813839363190422,-1.0207939363190421,1.0207939363190421
2022-10-18 10:13:34.370000+00:00,0.26059,1.2814009369326917,-1.0208109369326919,1.0208109369326919
2022-10-18 10:13:36.359000+00:00,0.23453,1.2814184663368124,-1.0468884663368125,1.0468884663368125
2022-10-18 10:13:38.326000+00:00,0.13029,1.2814358018510938,-1.1511458018510938,1.1511458018510938
2022-10-18 10:13:40.253000+00:00,1.92835,1.2814527848383943,0.6468972151616057,0.6468972151616057
2022-10-18 10:13:42.182000+00:00,0.20847,1.2814697854520438,-1.0729997854520439,1.0729997854520439
2022-10-18 10:13:44.161000+00:00,8.83394,1.2814872267244195,7.552452773275581,7.552452773275581
2022-10-18 10:13:46.097000+00:00,0.15635,1.2815042890302908,-1.1251542890302908,1.1251542890302908
2022-10-18 10:13:47.995000+00:00,0.15635,1.2815210164355302,-1.1251710164355302,1.1251710164355302
2022-10-18 10:13:49.933000+00:00,0.26059,1.2815380963677503,-1.0209480963677504,1.0209480963677504
2022-10-18 10:13:51.823000+00:00,0.0,1.2815547532675935,-1.2815547532675935,1.2815547532675935
2022-10-18 10:13:53.760000+00:00,0.0,1.2815718243866394,-1.2815718243866394,1.2815718243866394
2022-10-18 10:13:59.427000+00:00,0.0,1.2816217686466458,-1.2816217686466458,1.2816217686466458
2022-10-18 10:14:01.260000+00:00,0.0,1.2816379231955413,-1.2816379231955413,1.2816379231955413
2022-10-18 10:14:03.166000+00:00,0.0,1.2816547211061766,-1.2816547211061766,1.2816547211061766
2022-10-18 10:14:05.073000+00:00,0.0,1.2816715278299868,-1.2816715278299868,1.2816715278299868
2022-10-18 10:14:06.894000+00:00,0.0,1.2816875766207882,-1.2816875766207882,1.2816875766207882
2022-10-18 10:14:08.776000+00:00,0.443,1.2817041630152353,-0.8387041630152352,0.8387041630152352
2022-10-18 10:14:10.781000+00:00,3.80459,1.2817218334301486,2.5228681665698516,2.5228681665698516
2022-10-18 10:14:12.730000+00:00,1.35506,1.2817390103072883,0.07332098969271161,0.07332098969271161
2022-10-18 10:14:14.575000+00:00,0.36482,1.281755270614278,-0.9169352706142782,0.9169352706142782
2022-10-18 10:14:16.502000+00:00,4.09124,1.281772253601579,2.809467746398421,2.809467746398421
2022-10-18 10:14:18.459000+00:00,0.54724,1.281789500984115,-0.734549500984115,0.734549500984115
2022-10-18 10:14:20.367000+00:00,0.0,1.2818063165210996,-1.2818063165210996,1.2818063165210996
2022-10-18 10:14:22.245000+00:00,0.13029,1.2818228676628487,-1.1515328676628487,1.1515328676628487
2022-10-18 10:14:24.179000+00:00,0.18241,1.2818399123423707,-1.0994299123423708,1.0994299123423708
2022-10-18 10:14:26.143000+00:00,0.15635,1.2818572214171284,-1.1255072214171284,1.1255072214171284
2022-10-18 10:14:28.067000+00:00,0.54724,1.2818741779649057,-0.7346341779649057,0.7346341779649057
2022-10-18 10:14:29.987000+00:00,0.26059,1.2818910992599843,-1.0213010992599845,1.0213010992599845
2022-10-18 10:14:31.882000+00:00,0.57329,1.2819078002257003,-0.7086178002257003,0.7086178002257003
2022-10-18 10:14:33.881000+00:00,1.01629,1.2819254177615662,-0.2656354177615663,0.2656354177615663
2022-10-18 10:14:35.804000+00:00,6.67106,1.2819423654961686,5.389117634503831,5.389117634503831
2022-10-18 10:14:37.728000+00:00,2.08471,1.2819593220439456,0.8027506779560543,0.8027506779560543
2022-10-18 10:14:39.676000+00:00,0.31271,1.281976490107911,-0.9692664901079109,0.9692664901079109
2022-10-18 10:14:41.535000+00:00,0.0,1.2819928737993442,-1.2819928737993442,1.2819928737993442
2022-10-18 10:14:43.452000+00:00,0.0,1.2820097686548995,-1.2820097686548995,1.2820097686548995
2022-10-18 10:14:45.331000+00:00,0.0,1.282026328609823,-1.282026328609823,1.282026328609823
2022-10-18 10:14:47.237000+00:00,0.0,1.2820431265204586,-1.2820431265204586,1.2820431265204586
2022-10-18 10:14:49.049000+00:00,0.0,1.2820590959926892,-1.2820590959926892,1.2820590959926892
2022-10-18 10:14:50.879000+00:00,0.0,1.2820752241020612,-1.2820752241020612,1.2820752241020612
2022-10-18 10:14:52.800000+00:00,0.0,1.2820921542103147,-1.2820921542103147,1.2820921542103147
2022-10-18 10:14:54.706000+00:00,0.0,1.2821089521209503,-1.2821089521209503,1.2821089521209503
2022-10-18 10:14:56.565000+00:00,0.0,1.2821253358123834,-1.2821253358123834,1.2821253358123834
2022-10-18 10:14:58.428000+00:00,0.0,1.2821417547565146,-1.2821417547565146,1.2821417547565146
2022-10-18 10:15:03.819000+00:00,0.0,1.2821892665803534,-1.2821892665803534,1.2821892665803534
2022-10-18 10:15:05.742000+00:00,0.0,1.2822062143149557,-1.2822062143149557,1.2822062143149557
2022-10-18 10:15:07.755000+00:00,0.26059,1.282223955235265,-1.0216339552352651,1.0216339552352651
2022-10-18 10:15:09.721000+00:00,1.82412,1.282241281936372,0.541878718063628,0.541878718063628
2022-10-18 10:15:11.736000+00:00,0.80782,1.28225904048303,-0.4744390404830301,0.4744390404830301
2022-10-18 10:15:13.590000+00:00,0.15635,1.2822753801085907,-1.1259253801085907,1.1259253801085907
2022-10-18 10:15:15.448000+00:00,0.28665,1.2822917549868493,-0.9956417549868493,0.9956417549868493
2022-10-18 10:15:17.361000+00:00,1.69382,1.2823086145897067,0.4115113854102934,0.4115113854102934
2022-10-18 10:15:19.233000+00:00,1.40718,1.2823251128524085,0.12485488714759163,0.12485488714759163
2022-10-18 10:15:21.099000+00:00,0.31271,1.2823415582360633,-0.9696315582360633,0.9696315582360633
2022-10-18 10:15:23.024000+00:00,0.41694,1.2823585235970147,-0.8654185235970148,0.8654185235970148
2022-10-18 10:15:24.946000+00:00,0.28665,1.2823754625184427,-0.9957254625184426,0.9957254625184426
2022-10-18 10:15:26.937000+00:00,0.15635,1.2823930095489124,-1.1260430095489125,1.1260430095489125
2022-10-18 10:15:28.814000+00:00,3.17918,1.2824095518774867,1.8967704481225134,1.8967704481225134
2022-10-18 10:15:30.763000+00:00,1.64171,1.282426728754627,0.35928327124537307,0.35928327124537307
2022-10-18 10:15:32.668000+00:00,1.61565,1.282443517852088,0.33320648214791193,0.33320648214791193
2022-10-18 10:15:34.604000+00:00,0.23453,1.2824605801579592,-1.0479305801579593,1.0479305801579593
2022-10-18 10:15:36.495000+00:00,0.15635,1.282477245870977,-1.126127245870977,1.126127245870977
2022-10-18 10:15:38.425000+00:00,0.28665,1.282494255297801,-0.9958442552978009,0.9958442552978009
2022-10-18 10:15:40.291000+00:00,0.0,1.2825107006814558,-1.2825107006814558,1.2825107006814558
2022-10-18 10:15:42.181000+00:00,0.0,1.282527357581299,-1.282527357581299,1.282527357581299
2022-10-18 10:15:44.086000+00:00,0.0,1.2825441466787602,-1.2825441466787602,1.2825441466787602
2022-10-18 10:15:45.978000+00:00,0.0,1.2825608212049524,-1.2825608212049524,1.2825608212049524
2022-10-18 10:15:47.852000+00:00,0.0,1.2825773370940032,-1.2825773370940032,1.2825773370940032
2022-10-18 10:15:49.750000+00:00,0.0,1.2825940644992428,-1.2825940644992428,1.2825940644992428
2022-10-18 10:15:51.607000+00:00,0.0,1.2826104305643269,-1.2826104305643269,1.2826104305643269
2022-10-18 10:15:53.524000+00:00,0.0,1.2826273254198823,-1.2826273254198823,1.2826273254198823
2022-10-18 10:15:55.421000+00:00,0.0,1.282644044011947,-1.282644044011947,1.282644044011947
2022-10-18 10:15:57.306000+00:00,0.0,1.2826606568459178,-1.2826606568459178,1.2826606568459178
2022-10-18 10:15:59.165000+00:00,0.0,1.2826770405373509,-1.2826770405373509,1.2826770405373509
2022-10-18 10:16:00.970000+00:00,0.0,1.2826929483173601,-1.2826929483173601,1.2826929483173601
2022-10-18 10:16:02.908000+00:00,0.65147,1.2827100282495802,-0.6312400282495803,0.6312400282495803
2022-10-18 10:16:08.524000+00:00,4.66453,1.282759523037686,3.381770476962314,3.381770476962314
2022-10-18 10:16:10.406000+00:00,0.443,1.282776109432133,-0.839776109432133,0.839776109432133
2022-10-18 10:16:12.283000+00:00,0.10424,1.2827926517607078,-1.178552651760708,1.178552651760708
2022-10-18 10:16:14.201000+00:00,9.04241,1.2828095554294374,7.759600444570562,7.759600444570562
2022-10-18 10:16:16.071000+00:00,0.33876,1.2828260360657902,-0.9440660360657902,0.9440660360657902
2022-10-18 10:16:18.041000+00:00,0.28665,1.2828433980195952,-0.9961933980195952,0.9961933980195952
2022-10-18 10:16:19.899000+00:00,0.59935,1.282859772897854,-0.6835097728978539,0.6835097728978539
2022-10-18 10:16:21.762000+00:00,0.07818,1.2828761918419849,-1.204696191841985,1.204696191841985
2022-10-18 10:16:23.649000+00:00,0.15635,1.2828928223023048,-1.1265428223023048,1.1265428223023048
2022-10-18 10:16:25.617000+00:00,0.26059,1.2829101666297604,-1.0223201666297603,1.0223201666297603
2022-10-18 10:16:27.645000+00:00,13.62877,1.2829280397476877,12.345841960252312,12.345841960252312
2022-10-18 10:16:29.603000+00:00,0.02606,1.2829452959433982,-1.2568852959433983,1.2568852959433983
2022-10-18 10:16:31.534000+00:00,0.13029,1.2829623141833968,-1.1526723141833968,1.1526723141833968
2022-10-18 10:16:33.509000+00:00,0.28665,1.2829797202030744,-0.9963297202030743,0.9963297202030743
2022-10-18 10:16:35.394000+00:00,0.0,1.2829963330370449,-1.2829963330370449,1.2829963330370449
2022-10-18 10:16:37.253000+00:00,0.0,1.2830127167284782,-1.2830127167284782,1.2830127167284782
2022-10-18 10:16:39.127000+00:00,0.0,1.2830292326175292,-1.2830292326175292,1.2830292326175292
2022-10-18 10:16:41.066000+00:00,0.0,1.283046321362924,-1.283046321362924,1.283046321362924
2022-10-18 10:16:42.934000+00:00,0.0,1.2830627843729276,-1.2830627843729276,1.2830627843729276
2022-10-18 10:16:44.722000+00:00,0.0,1.28307854232897,-1.28307854232897,1.28307854232897
2022-10-18 10:16:46.581000+00:00,0.0,1.283094926020403,-1.283094926020403,1.283094926020403
2022-10-18 10:16:48.434000+00:00,0.0,1.2831112568327891,-1.2831112568327891,1.2831112568327891
2022-10-18 10:16:50.321000+00:00,0.0,1.2831278872931087,-1.2831278872931087,1.2831278872931087
2022-10-18 10:16:52.159000+00:00,0.0,1.2831440859078769,-1.2831440859078769,1.2831440859078769
2022-10-18 10:16:54.018000+00:00,0.0,1.2831604695993102,-1.2831604695993102,1.2831604695993102
2022-10-18 10:16:55.974000+00:00,0.36482,1.2831777081686717,-0.9183577081686718,0.9183577081686718
2022-10-18 10:16:57.942000+00:00,3.46582,1.2831950524961275,2.1826249475038724,2.1826249475038724
2022-10-18 10:16:59.878000+00:00,3.80459,1.2832121148019988,2.5213778851980013,2.5213778851980013
2022-10-18 10:17:01.797000+00:00,0.85994,1.283229027283903,-0.42328902728390305,0.42328902728390305
2022-10-18 10:17:03.737000+00:00,9.45936,1.2832461248424725,8.176113875157528,8.176113875157528
2022-10-18 10:17:05.643000+00:00,15.55712,1.2832629227531078,14.273857077246891,14.273857077246891
2022-10-18 10:17:07.613000+00:00,4.48212,1.2832802847069127,3.1988397152930874,3.1988397152930874
2022-10-18 10:17:13.480000+00:00,0.80782,1.2833319916018233,-0.47551199160182334,0.47551199160182334
2022-10-18 10:17:15.394000+00:00,3.23129,1.2833488600178549,1.9479411399821451,1.9479411399821451
2022-10-18 10:17:17.286000+00:00,0.26059,1.2833655345440471,-1.022775534544047,1.022775534544047
2022-10-18 10:17:19.206000+00:00,0.886,1.283382455839126,-0.397382455839126,0.397382455839126
2022-10-18 10:17:21.151000+00:00,1.56353,1.283399597463568,0.2801304025364322,0.2801304025364322
2022-10-18 10:17:22.979000+00:00,4.27365,1.2834157079465909,2.990234292053409,2.990234292053409
2022-10-18 10:17:24.846000+00:00,1.04235,1.2834321621434204,-0.24108216214342026,0.24108216214342026
2022-10-18 10:17:26.816000+00:00,0.0,1.2834495240972252,-1.2834495240972252,1.2834495240972252
2022-10-18 10:17:28.689000+00:00,0.0,1.2834660311731017,-1.2834660311731017,1.2834660311731017
2022-10-18 10:17:30.550000+00:00,0.0,1.2834824324908838,-1.2834824324908838,1.2834824324908838
2022-10-18 10:17:32.487000+00:00,0.0,1.2834995036099297,-1.2834995036099297,1.2834995036099297
2022-10-18 10:17:34.393000+00:00,0.0,1.283516301520565,-1.283516301520565,1.283516301520565
2022-10-18 10:17:36.236000+00:00,0.0,1.283532544201206,-1.283532544201206,1.283532544201206
2022-10-18 10:17:38.099000+00:00,0.0,1.283548963145337,-1.283548963145337,1.283548963145337
2022-10-18 10:17:39.946000+00:00,0.0,1.283565241078676,-1.283565241078676,1.283565241078676
2022-10-18 10:17:41.815000+00:00,0.0,1.2835817129018543,-1.2835817129018543,1.2835817129018543
2022-10-18 10:17:43.674000+00:00,0.0,1.2835980965932876,-1.2835980965932876,1.2835980965932876
2022-10-18 10:17:45.596000+00:00,0.0,1.2836150355147153,-1.2836150355147153,1.2836150355147153
2022-10-18 10:17:47.448000+00:00,0.0,1.2836313575139269,-1.2836313575139269,1.2836313575139269
2022-10-18 10:17:49.300000+00:00,0.20847,1.2836476795131384,-1.0751776795131385,1.0751776795131385
2022-10-18 10:17:51.179000+00:00,12.29977,1.283664239468062,11.01610576053194,11.01610576053194
2022-10-18 10:17:53.147000+00:00,0.96418,1.2836815837955178,-0.31950158379551774,0.31950158379551774
2022-10-18 10:17:55.068000+00:00,0.41694,1.2836985139037713,-0.8667585139037713,0.8667585139037713
2022-10-18 10:17:57.002000+00:00,0.49512,1.2837155585832933,-0.7885955585832933,0.7885955585832933
2022-10-18 10:17:58.908000+00:00,0.02606,1.2837323564939291,-1.2576723564939292,1.2576723564939292
2022-10-18 10:18:00.693000+00:00,0.31271,1.2837480880104475,-0.9710380880104474,0.9710380880104474
2022-10-18 10:18:02.565000+00:00,0.78176,1.2837645862731495,-0.5020045862731495,0.5020045862731495
2022-10-18 10:18:04.518000+00:00,0.36482,1.2837817984029876,-0.9189617984029876,0.9189617984029876
2022-10-18 10:18:06.487000+00:00,5.34206,1.283799151543618,4.058260848456382,4.058260848456382
2022-10-18 10:18:08.366000+00:00,1.64171,1.2838157114985416,0.35789428850145844,0.35789428850145844
2022-10-18 10:18:10.293000+00:00,0.33876,1.283832694485842,-0.9450726944858421,0.9450726944858421
2022-10-18 10:18:12.191000+00:00,0.36482,1.2838494218910814,-0.9190294218910815,0.9190294218910815
2022-10-18 10:18:18.242000+00:00,2.73618,1.2839027504101033,1.4522772495898968,1.4522772495898968
2022-10-18 10:18:20.192000+00:00,0.28665,1.283919936100418,-0.997269936100418,0.997269936100418
2022-10-18 10:18:22.081000+00:00,0.0,1.2839365841870867,-1.2839365841870867,1.2839365841870867
2022-10-18 10:18:23.912000+00:00,0.0,1.283952721109633,-1.283952721109633,1.283952721109633
2022-10-18 10:18:25.792000+00:00,0.0,1.2839692898777313,-1.2839692898777313,1.2839692898777313
2022-10-18 10:18:27.629000+00:00,0.0,1.283985479679325,-1.283985479679325,1.283985479679325
2022-10-18 10:18:29.553000+00:00,0.0,1.2840024362271019,-1.2840024362271019,1.2840024362271019
2022-10-18 10:18:31.451000+00:00,0.0,1.2840191636323413,-1.2840191636323413,1.2840191636323413
2022-10-18 10:18:33.276000+00:00,0.0,1.2840352476758408,-1.2840352476758408,1.2840352476758408
2022-10-18 10:18:35.129000+00:00,0.0,1.284051578488227,-1.284051578488227,1.284051578488227
2022-10-18 10:18:37.004000+00:00,0.0,1.2840681031904522,-1.2840681031904522,1.2840681031904522
2022-10-18 10:18:38.848000+00:00,0.0,1.2840843546842677,-1.2840843546842677,1.2840843546842677
2022-10-18 10:18:40.728000+00:00,0.0,1.2841009234523657,-1.2841009234523657,1.2841009234523657
2022-10-18 10:18:42.582000+00:00,0.0,1.2841172630779263,-1.2841172630779263,1.2841172630779263
2022-10-18 10:18:44.447000+00:00,0.0,1.2841336996484065,-1.2841336996484065,1.2841336996484065
2022-10-18 10:18:46.303000+00:00,0.33876,1.284150056900316,-0.945390056900316,0.945390056900316
2022-10-18 10:18:48.300000+00:00,0.18241,1.284167656809833,-1.101757656809833,1.101757656809833
2022-10-18 10:18:50.239000+00:00,0.72965,1.2841847455552278,-0.5545347455552277,0.5545347455552277
2022-10-18 10:18:52.081000+00:00,0.39088,1.284200979422694,-0.8933209794226941,0.8933209794226941
2022-10-18 10:18:54.035000+00:00,0.39088,1.2842182003657068,-0.8933382003657068,0.8933382003657068
2022-10-18 10:18:55.907000+00:00,0.13029,1.2842346986284086,-1.1539446986284085,1.1539446986284085
2022-10-18 10:18:57.835000+00:00,4.5603,1.2842516904288837,3.276048309571116,3.276048309571116
2022-10-18 10:18:59.702000+00:00,0.28665,1.284268144625713,-0.9976181446257129,0.9976181446257129
2022-10-18 10:19:01.650000+00:00,1.14659,1.2842853126896783,-0.13769531268967827,0.13769531268967827
2022-10-18 10:19:03.597000+00:00,0.31271,1.2843024719404692,-0.9715924719404692,0.9715924719404692
2022-10-18 10:19:05.472000+00:00,0.20847,1.2843189966426949,-1.075848996642695,1.075848996642695
2022-10-18 10:19:07.395000+00:00,1.90229,1.2843359443772973,0.6179540556227028,0.6179540556227028
2022-10-18 10:19:09.316000+00:00,0.85994,1.2843528744855506,-0.42441287448555054,0.42441287448555054
2022-10-18 10:19:11.199000+00:00,13.36818,1.2843694696931722,12.083810530306828,12.083810530306828
2022-10-18 10:19:13.187000+00:00,0.10424,1.2843869902841183,-1.1801469902841184,1.1801469902841184
2022-10-18 10:19:15.073000+00:00,0.13029,1.2844036119312636,-1.1541136119312636,1.1541136119312636
2022-10-18 10:19:16.961000+00:00,0.23453,1.2844202512047578,-1.0498902512047579,1.0498902512047579
2022-10-18 10:19:22.691000+00:00,0.0,1.284470750694759,-1.284470750694759,1.284470750694759
2022-10-18 10:19:24.487000+00:00,0.0,1.2844865791561972,-1.2844865791561972,1.2844865791561972
2022-10-18 10:19:26.410000+00:00,0.0,1.2845035268907996,-1.2845035268907996,1.2845035268907996
2022-10-18 10:19:28.270000+00:00,0.0,1.2845199193954073,-1.2845199193954073,1.2845199193954073
2022-10-18 10:19:30.106000+00:00,0.0,1.2845361003838265,-1.2845361003838265,1.2845361003838265
2022-10-18 10:19:31.942000+00:00,0.0,1.2845522813722456,-1.2845522813722456,1.2845522813722456
2022-10-18 10:19:33.862000+00:00,0.0,1.2845692026673246,-1.2845692026673246,1.2845692026673246
2022-10-18 10:19:35.736000+00:00,0.0,1.2845857185563756,-1.2845857185563756,1.2845857185563756
2022-10-18 10:19:37.664000+00:00,6.645,1.2846027103568507,5.360397289643149,5.360397289643149
2022-10-18 10:19:39.581000+00:00,0.93812,1.2846196052124057,-0.34649960521240575,0.34649960521240575
2022-10-18 10:19:41.549000+00:00,2.08471,1.2846369495398617,0.8000730504601381,0.8000730504601381
2022-10-18 10:19:43.519000+00:00,0.07818,1.2846543114936666,-1.2064743114936667,1.2064743114936667
2022-10-18 10:19:45.503000+00:00,12.27371,1.2846717968319146,10.989038203168086,10.989038203168086
2022-10-18 10:19:47.463000+00:00,2.73618,1.2846890706539744,1.4514909293460256,1.4514909293460256
2022-10-18 10:19:49.362000+00:00,1.12053,1.2847058068723884,-0.16417580687238842,0.16417580687238842
2022-10-18 10:19:51.289000+00:00,4.06518,1.284722789859689,2.7804572101403107,2.7804572101403107
2022-10-18 10:19:53.176000+00:00,0.52118,1.2847394203200087,-0.7635594203200087,0.7635594203200087
2022-10-18 10:19:55.034000+00:00,4.63847,1.2847557951982673,3.3537142048017325,3.3537142048017325
2022-10-18 10:19:56.951000+00:00,0.28665,1.2847726900538226,-0.9981226900538225,0.9981226900538225
2022-10-18 10:19:58.840000+00:00,2.34529,1.2847893381404911,1.0605006618595088,1.0605006618595088
2022-10-18 10:20:00.706000+00:00,3.51794,1.284805783524146,2.233134216475854,2.233134216475854
2022-10-18 10:20:02.584000+00:00,4.76877,1.2848223346658951,3.483947665334105,3.483947665334105
2022-10-18 10:20:04.509000+00:00,0.443,1.2848393000268465,-0.8418393000268465,0.8418393000268465
2022-10-18 10:20:06.477000+00:00,7.6613,1.2848566443543024,6.376443355645698,6.376443355645698
2022-10-18 10:20:08.425000+00:00,0.23453,1.284873812418268,-1.050343812418268,1.050343812418268
2022-10-18 10:20:10.261000+00:00,0.0,1.2848899934066869,-1.2848899934066869,1.2848899934066869
2022-10-18 10:20:12.129000+00:00,0.0,1.284906456416691,-1.284906456416691,1.284906456416691
2022-10-18 10:20:14.049000+00:00,0.0,1.2849233777117697,-1.2849233777117697,1.2849233777117697
2022-10-18 10:20:15.898000+00:00,0.0,1.2849396732714577,-1.2849396732714577,1.2849396732714577
2022-10-18 10:20:17.816000+00:00,0.0,1.2849565769401874,-1.2849565769401874,1.2849565769401874
2022-10-18 10:20:19.679000+00:00,0.0,1.2849729958843188,-1.2849729958843188,1.2849729958843188
2022-10-18 10:20:21.514000+00:00,0.0,1.2849891680595635,-1.2849891680595635,1.2849891680595635
2022-10-18 10:20:27.199000+00:00,0.0,1.285039270956711,-1.285039270956711,1.285039270956711
2022-10-18 10:20:29.112000+00:00,0.0,1.2850561305595682,-1.2850561305595682,1.2850561305595682
2022-10-18 10:20:30.965000+00:00,0.0,1.2850724613719542,-1.2850724613719542,1.2850724613719542
2022-10-18 10:20:32.934000+00:00,12.03918,1.2850898145125846,10.754090185487415,10.754090185487415
2022-10-18 10:20:34.863000+00:00,1.64171,1.2851068151262341,0.35660318487376585,0.35660318487376585
2022-10-18 10:20:36.810000+00:00,10.03265,1.285123974377025,8.747526025622975,8.747526025622975
2022-10-18 10:20:38.708000+00:00,0.13029,1.2851407017822645,-1.1548507017822645,1.1548507017822645
2022-10-18 10:20:40.666000+00:00,3.46582,1.285157957977975,2.180662042022025,2.180662042022025
2022-10-18 10:20:42.580000+00:00,3.02282,1.285174826394007,1.7376451736059928,1.7376451736059928
2022-10-18 10:20:44.591000+00:00,1.30294,1.285192549687967,0.017747450312032953,0.017747450312032953
2022-10-18 10:20:46.480000+00:00,6.80135,1.2852091977746358,5.516140802225364,5.516140802225364
2022-10-18 10:20:48.355000+00:00,0.52118,1.2852257224768615,-0.7640457224768615,0.7640457224768615
2022-10-18 10:20:50.334000+00:00,0.62541,1.2852431637492367,-0.6598331637492367,0.6598331637492367
2022-10-18 10:20:52.292000+00:00,0.62541,1.2852604199449476,-0.6598504199449475,0.6598504199449475
2022-10-18 10:20:54.206000+00:00,2.52771,1.2852772883609793,1.2424327116390206,1.2424327116390206
2022-10-18 10:20:56.199000+00:00,3.51794,1.2852948530177981,2.2326451469822017,2.2326451469822017
2022-10-18 10:20:58.148000+00:00,1.40718,1.285312029894938,0.121867970105062,0.121867970105062
2022-10-18 10:20:59.934000+00:00,2.16288,1.2853277702246313,0.8775522297753686,0.8775522297753686
2022-10-18 10:21:01.883000+00:00,8.49518,1.2853449471017713,7.209835052898228,7.209835052898228
2022-10-18 10:21:03.769000+00:00,0.26059,1.2853615687489164,-1.0247715687489163,1.0247715687489163
2022-10-18 10:21:05.644000+00:00,0.0,1.2853780934511418,-1.2853780934511418,1.2853780934511418
2022-10-18 10:21:07.472000+00:00,0.0,1.2853942039341648,-1.2853942039341648,1.2853942039341648
2022-10-18 10:21:09.358000+00:00,0.0,1.2854108255813101,-1.2854108255813101,1.2854108255813101
2022-10-18 10:21:11.238000+00:00,0.0,1.2854273943494081,-1.2854273943494081,1.2854273943494081
2022-10-18 10:21:13.065000+00:00,0.0,1.2854434960192567,-1.2854434960192567,1.2854434960192567
2022-10-18 10:21:14.879000+00:00,0.0,1.2854594831178363,-1.2854594831178363,1.2854594831178363
2022-10-18 10:21:16.752000+00:00,0.0,1.2854759901937127,-1.2854759901937127,1.2854759901937127
2022-10-18 10:21:18.612000+00:00,0.0,1.2854923826983207,-1.2854923826983207,1.2854923826983207
2022-10-18 10:21:20.675000+00:00,0.0,1.2855105642773559,-1.2855105642773559,1.2855105642773559
2022-10-18 10:21:22.535000+00:00,0.0,1.2855269567819634,-1.2855269567819634,1.2855269567819634
2022-10-18 10:21:24.378000+00:00,0.0,1.2855431994626043,-1.2855431994626043,1.2855431994626043
2022-10-18 10:21:26.252000+00:00,0.0,1.2855597153516554,-1.2855597153516554,1.2855597153516554
2022-10-18 10:21:31.784000+00:00,8.70365,1.2856084698331012,7.4180415301668985,7.4180415301668985
2022-10-18 10:21:33.761000+00:00,0.28665,1.2856258934791276,-0.9989758934791275,0.9989758934791275
2022-10-18 10:21:35.729000+00:00,0.07818,1.2856432378065836,-1.2074632378065837,1.2074632378065837
2022-10-18 10:21:37.667000+00:00,6.645,1.2856603177388037,5.359339682261195,5.359339682261195
2022-10-18 10:21:39.513000+00:00,15.16624,1.2856765868589681,13.880563413141033,13.880563413141033
2022-10-18 10:21:41.409000+00:00,1.51141,1.2856932966378585,0.22571670336214145,0.22571670336214145
2022-10-18 10:21:43.187000+00:00,0.886,1.2857089664621557,-0.3997089664621557,0.3997089664621557
2022-10-18 10:21:45.043000+00:00,5.70688,1.2857253237140651,4.421154676285935,4.421154676285935
2022-10-18 10:21:47.011000+00:00,0.59935,1.285742668041521,-0.6863926680415209,0.6863926680415209
2022-10-18 10:21:48.939000+00:00,1.17265,1.285759659841996,-0.11310965984199606,0.11310965984199606
2022-10-18 10:21:50.858000+00:00,0.41694,1.2857765723239005,-0.8688365723239005,0.8688365723239005
2022-10-18 10:21:52.804000+00:00,2.37135,1.2857937227615168,1.0855562772384832,1.0855562772384832
2022-10-18 10:21:54.675000+00:00,3.987,1.2858102122110442,2.701189787788956,2.701189787788956
2022-10-18 10:21:56.580000+00:00,2.16288,1.2858270013085051,0.8770529986914948,0.8770529986914948
2022-10-18 10:21:58.518000+00:00,0.05212,1.2858440812407252,-1.2337240812407253,1.2337240812407253
2022-10-18 10:22:00.415000+00:00,2.31924,1.2858607998327904,1.0333792001672097,1.0333792001672097
2022-10-18 10:22:02.285000+00:00,0.23453,1.2858772804691432,-1.0513472804691433,1.0513472804691433
2022-10-18 10:22:04.081000+00:00,0.0,1.2858931089305816,-1.2858931089305816,1.2858931089305816
2022-10-18 10:22:06.004000+00:00,0.0,1.285910056665184,-1.285910056665184,1.285910056665184
2022-10-18 10:22:07.883000+00:00,0.0,1.2859266166201075,-1.2859266166201075,1.2859266166201075
2022-10-18 10:22:09.707000+00:00,0.0,1.2859426918504324,-1.2859426918504324,1.2859426918504324
2022-10-18 10:22:11.628000+00:00,0.0,1.285959621958686,-1.285959621958686,1.285959621958686
2022-10-18 10:22:13.443000+00:00,0.0,1.2859756178704402,-1.2859756178704402,1.2859756178704402
2022-10-18 10:22:15.316000+00:00,0.0,1.2859921249463167,-1.2859921249463167,1.2859921249463167
2022-10-18 10:22:17.221000+00:00,0.0,1.2860089140437778,-1.2860089140437778,1.2860089140437778
2022-10-18 10:22:19.064000+00:00,0.0,1.2860251567244183,-1.2860251567244183,1.2860251567244183
2022-10-18 10:22:21.065000+00:00,0.18241,1.2860427918866335,-1.1036327918866335,1.1036327918866335
2022-10-18 10:22:23.040000+00:00,2.55377,1.2860601979063109,1.2677098020936892,1.2677098020936892
2022-10-18 10:22:24.910000+00:00,0.72965,1.2860766785426638,-0.5564266785426638,0.5564266785426638
2022-10-18 10:22:26.878000+00:00,5.42024,1.2860940228701196,4.13414597712988,4.13414597712988
2022-10-18 10:22:28.815000+00:00,0.41694,1.2861110939891653,-0.8691710939891654,0.8691710939891654
2022-10-18 10:22:30.741000+00:00,2.658,1.2861280681632916,1.3718719318367083,1.3718719318367083
2022-10-18 10:22:36.799000+00:00,1.38112,1.286181458374535,0.09493854162546489,0.09493854162546489
2022-10-18 10:22:38.712000+00:00,0.26059,1.2861983179773921,-1.025608317977392,1.025608317977392
2022-10-18 10:22:40.581000+00:00,0.36482,1.2862147898005707,-0.9213947898005708,0.9213947898005708
2022-10-18 10:22:42.445000+00:00,3.15312,1.2862312175578765,1.8668887824421234,1.8668887824421234
2022-10-18 10:22:44.321000+00:00,0.93812,1.2862477510732764,-0.3481277510732764,0.3481277510732764
2022-10-18 10:22:46.191000+00:00,2.31924,1.2862642317096293,1.0329757682903709,1.0329757682903709
2022-10-18 10:22:48.118000+00:00,0.13029,1.2862812146969298,-1.1559912146969298,1.1559912146969298
2022-10-18 10:22:49.982000+00:00,0.13029,1.2862976424542354,-1.1560076424542354,1.1560076424542354
2022-10-18 10:22:51.789000+00:00,0.28665,1.2863135678605935,-0.9996635678605934,0.9996635678605934
2022-10-18 10:22:53.595000+00:00,0.0,1.2863294844537771,-1.2863294844537771,1.2863294844537771
2022-10-18 10:22:55.451000+00:00,0.0,1.2863458417056868,-1.2863458417056868,1.2863458417056868
2022-10-18 10:22:57.330000+00:00,0.0,1.28636240166061,-1.28636240166061,1.28636240166061
2022-10-18 10:22:59.216000+00:00,0.0,1.2863790233077554,-1.2863790233077554,1.2863790233077554
2022-10-18 10:23:01.096000+00:00,0.0,1.2863955920758534,-1.2863955920758534,1.2863955920758534
2022-10-18 10:23:03.019000+00:00,0.0,1.2864125398104558,-1.2864125398104558,1.2864125398104558
2022-10-18 10:23:04.862000+00:00,0.0,1.2864287824910967,-1.2864287824910967,1.2864287824910967
2022-10-18 10:23:06.737000+00:00,0.0,1.2864453071933224,-1.2864453071933224,1.2864453071933224
2022-10-18 10:23:08.643000+00:00,0.0,1.2864621051039578,-1.2864621051039578,1.2864621051039578
2022-10-18 10:23:10.477000+00:00,0.0,1.2864782684660279,-1.2864782684660279,1.2864782684660279
2022-10-18 10:23:12.495000+00:00,0.75571,1.2864960534522099,-0.5307860534522099,0.5307860534522099
2022-10-18 10:23:14.433000+00:00,0.05212,1.28651313338443,-1.23439313338443,1.23439313338443
2022-10-18 10:23:16.394000+00:00,0.80782,1.2865304160196642,-0.47871041601966424,0.47871041601966424
2022-10-18 10:23:18.331000+00:00,0.18241,1.28654748713871,-1.10413748713871,1.10413748713871
2022-10-18 10:23:20.268000+00:00,0.13029,1.2865645582577556,-1.1562745582577556,1.1562745582577556
2022-10-18 10:23:22.189000+00:00,5.78506,1.286581488366009,4.498478511633991,4.498478511633991
2022-10-18 10:23:24.103000+00:00,3.12706,1.286598356782041,1.8404616432179592,1.8404616432179592
2022-10-18 10:23:26.004000+00:00,0.23453,1.2866151106268038,-1.0520851106268039,1.0520851106268039
2022-10-18 10:23:27.868000+00:00,0.07818,1.2866315383841096,-1.2084515383841097,1.2084515383841097
2022-10-18 10:23:29.714000+00:00,0.26059,1.286647807504274,-1.0260578075042739,1.0260578075042739
2022-10-18 10:23:31.631000+00:00,0.20847,1.2866647023598294,-1.0781947023598295,1.0781947023598295
2022-10-18 10:23:33.489000+00:00,1.772,1.286681077238088,0.48531892276191213,0.48531892276191213
2022-10-18 10:23:35.487000+00:00,0.26059,1.2866986859607794,-1.0261086859607795,1.0261086859607795
2022-10-18 10:23:41.660000+00:00,0.15635,1.286753089687093,-1.130403089687093,1.130403089687093
2022-10-18 10:23:43.550000+00:00,0.26059,1.286769746586936,-1.0261797465869362,1.0261797465869362
2022-10-18 10:23:45.414000+00:00,0.0,1.286786174344242,-1.286786174344242,1.286786174344242
2022-10-18 10:23:47.285000+00:00,0.0,1.2868026637937693,-1.2868026637937693,1.2868026637937693
2022-10-18 10:23:49.147000+00:00,0.0,1.2868190739247258,-1.2868190739247258,1.2868190739247258
2022-10-18 10:23:51.033000+00:00,0.0,1.2868356955718712,-1.2868356955718712,1.2868356955718712
2022-10-18 10:23:52.988000+00:00,0.0,1.2868529253280583,-1.2868529253280583,1.2868529253280583
2022-10-18 10:23:54.863000+00:00,0.0,1.2868694500302835,-1.2868694500302835,1.2868694500302835
2022-10-18 10:23:56.768000+00:00,0.0,1.2868862391277447,-1.2868862391277447,1.2868862391277447
2022-10-18 10:23:58.604000+00:00,0.0,1.286902420116164,-1.286902420116164,1.286902420116164
2022-10-18 10:24:00.460000+00:00,0.0,1.2869187773680735,-1.2869187773680735,1.2869187773680735
2022-10-18 10:24:02.431000+00:00,0.0,1.286936148135053,-1.286936148135053,1.286936148135053
2022-10-18 10:24:04.361000+00:00,0.0,1.286953157561877,-1.286953157561877,1.286953157561877
2022-10-18 10:24:06.206000+00:00,0.0,1.2869694178688669,-1.2869694178688669,1.2869694178688669
2022-10-18 10:24:08.053000+00:00,0.0,1.2869856958022057,-1.2869856958022057,1.2869856958022057
2022-10-18 10:24:09.828000+00:00,0.0,1.2870013391869792,-1.2870013391869792,1.2870013391869792
2022-10-18 10:24:11.737000+00:00,0.0,1.2870181635371383,-1.2870181635371383,1.2870181635371383
2022-10-18 10:24:13.659000+00:00,0.0,1.2870351024585662,-1.2870351024585662,1.2870351024585662
2022-10-18 10:24:15.487000+00:00,0.0,1.2870512129415892,-1.2870512129415892,1.2870512129415892
2022-10-18 10:24:17.384000+00:00,0.54724,1.2870679315336542,-0.7398279315336542,0.7398279315336542
2022-10-18 10:24:19.304000+00:00,7.16618,1.287084852828733,5.879095147171267,5.879095147171267
2022-10-18 10:24:21.208000+00:00,0.07818,1.2871016331130196,-1.2089216331130197,1.2089216331130197
2022-10-18 10:24:23.094000+00:00,0.96418,1.2871182547601647,-0.3229382547601647,0.3229382547601647
2022-10-18 10:24:25.008000+00:00,0.57329,1.2871351231761965,-0.7138451231761965,0.7138451231761965
2022-10-18 10:24:27.030000+00:00,1.45929,1.2871529434150766,0.1721370565849234,0.1721370565849234
2022-10-18 10:24:28.934000+00:00,7.50494,1.287169723699363,6.217770276300637,6.217770276300637
2022-10-18 10:24:30.847000+00:00,0.31271,1.2871865833022205,-0.9744765833022204,0.9744765833022204
2022-10-18 10:24:32.812000+00:00,0.26059,1.2872039011901526,-1.0266139011901525,1.0266139011901525
2022-10-18 10:24:34.848000+00:00,0.49512,1.2872218448134758,-0.7921018448134758,0.7921018448134758
2022-10-18 10:24:36.726000+00:00,0.26059,1.287238395955225,-1.0266483959552248,1.0266483959552248
2022-10-18 10:24:38.674000+00:00,3.80459,1.28725556401919,2.51733443598081,2.51733443598081
2022-10-18 10:24:40.530000+00:00,0.886,1.2872719212711,-0.4012719212710999,0.4012719212710999
2022-10-18 10:24:46.378000+00:00,0.26059,1.2873234607156943,-1.0267334607156942,1.0267334607156942
2022-10-18 10:24:48.226000+00:00,0.28665,1.2873397474622077,-1.0006897474622076,1.0006897474622076
2022-10-18 10:24:50.155000+00:00,0.0,1.2873567480758572,-1.2873567480758572,1.2873567480758572
2022-10-18 10:24:52.031000+00:00,0.0,1.287373281591257,-1.287373281591257,1.287373281591257
2022-10-18 10:24:53.905000+00:00,0.0,1.2873897974803081,-1.2873897974803081,1.2873897974803081
2022-10-18 10:24:55.785000+00:00,0.0,1.287406366248406,-1.287406366248406,1.287406366248406
2022-10-18 10:24:57.686000+00:00,0.0,1.2874231200931692,-1.2874231200931692,1.2874231200931692
2022-10-18 10:24:59.499000+00:00,0.0,1.2874390983785744,-1.2874390983785744,1.2874390983785744
2022-10-18 10:25:01.408000+00:00,0.0,1.2874559227287334,-1.2874559227287334,1.2874559227287334
2022-10-18 10:25:03.233000+00:00,0.0,1.2874720067722332,-1.2874720067722332,1.2874720067722332
2022-10-18 10:25:05.061000+00:00,0.0,1.287488117255256,-1.287488117255256,1.287488117255256
2022-10-18 10:25:06.906000+00:00,0.0,1.287504377562246,-1.287504377562246,1.287504377562246
2022-10-18 10:25:08.835000+00:00,2.60588,1.2875213781758954,1.3183586218241046,1.3183586218241046
2022-10-18 10:25:10.753000+00:00,1.27688,1.287538281844625,-0.010658281844625028,0.010658281844625028
2022-10-18 10:25:12.749000+00:00,10.78836,1.2875558729409677,9.500804127059034,9.500804127059034
2022-10-18 10:25:14.734000+00:00,0.13029,1.2875733670923903,-1.1572833670923903,1.1572833670923903
2022-10-18 10:25:16.643000+00:00,21.10765,1.2875901914425496,19.82005980855745,19.82005980855745
2022-10-18 10:25:18.462000+00:00,2.658,1.287606222607002,1.370393777392998,1.370393777392998
2022-10-18 10:25:20.390000+00:00,0.59935,1.2876232144074768,-0.6882732144074768,0.6882732144074768
2022-10-18 10:25:22.296000+00:00,3.25735,1.2876400123181124,1.9697099876818878,1.9697099876818878
2022-10-18 10:25:24.239000+00:00,0.49512,1.2876571363162053,-0.7925371363162053,0.7925371363162053
2022-10-18 10:25:26.129000+00:00,1.85018,1.2876737932160487,0.5625062067839512,0.5625062067839512
2022-10-18 10:25:28.084000+00:00,0.99024,1.2876910229722358,-0.2974510229722358,0.2974510229722358
2022-10-18 10:25:29.951000+00:00,2.55377,1.2877074771690649,1.2660625228309352,1.2660625228309352
2022-10-18 10:25:31.849000+00:00,3.36159,1.2877242045743045,2.0738657954256956,2.0738657954256956
2022-10-18 10:25:33.695000+00:00,5.73294,1.2877404736944689,4.445199526305531,4.445199526305531
2022-10-18 10:25:35.684000+00:00,0.52118,1.2877580030985896,-0.7665780030985896,0.7665780030985896
2022-10-18 10:25:37.623000+00:00,8.417,1.2877750918439843,7.129224908156015,7.129224908156015
2022-10-18 10:25:39.421000+00:00,0.26059,1.2877909379317716,-1.0272009379317715,1.0272009379317715
2022-10-18 10:25:41.284000+00:00,0.0,1.287807356875903,-1.287807356875903,1.287807356875903
2022-10-18 10:25:43.174000+00:00,0.0,1.2878240137757462,-1.2878240137757462,1.2878240137757462
2022-10-18 10:25:45.096000+00:00,0.0,1.2878409526971741,-1.2878409526971741,1.2878409526971741
2022-10-18 10:25:50.805000+00:00,0.0,1.2878912671105103,-1.2878912671105103,1.2878912671105103
2022-10-18 10:25:52.643000+00:00,0.0,1.2879074657252785,-1.2879074657252785,1.2879074657252785
2022-10-18 10:25:54.458000+00:00,0.0,1.2879234616370328,-1.2879234616370328,1.2879234616370328
2022-10-18 10:25:56.269000+00:00,0.0,1.287939422296089,-1.287939422296089,1.287939422296089
2022-10-18 10:25:58.099000+00:00,0.0,1.287955550405461,-1.287955550405461,1.287955550405461
2022-10-18 10:25:59.987000+00:00,0.46906,1.287972189678955,-0.8189121896789551,0.8189121896789551
2022-10-18 10:26:01.943000+00:00,4.873,1.2879894282483166,3.585010571751684,3.585010571751684
2022-10-18 10:26:03.830000+00:00,0.99024,1.2880060587086364,-0.29776605870863637,0.29776605870863637
2022-10-18 10:26:05.742000+00:00,0.62541,1.288022909498319,-0.6626129094983191,0.6626129094983191
2022-10-18 10:26:07.648000+00:00,0.28665,1.2880397074089547,-1.0013897074089546,1.0013897074089546
2022-10-18 10:26:09.550000+00:00,1.25082,1.2880564700668922,-0.037236470066892124,0.037236470066892124
2022-10-18 10:26:11.564000+00:00,0.28665,1.288074219800376,-1.001424219800376,1.001424219800376
2022-10-18 10:26:13.473000+00:00,1.04235,1.288091044150535,-0.245741044150535,0.245741044150535
2022-10-18 10:26:15.453000+00:00,0.31271,1.2881084942360852,-0.9753984942360852,0.9753984942360852
2022-10-18 10:26:17.329000+00:00,4.24759,1.288125027751485,2.9594649722485147,2.9594649722485147
2022-10-18 10:26:19.237000+00:00,0.93812,1.28814184328847,-0.35002184328846997,0.35002184328846997
2022-10-18 10:26:21.160000+00:00,0.20847,1.2881587910230723,-1.0796887910230724,1.0796887910230724
2022-10-18 10:26:23.003000+00:00,0.26059,1.288175033703713,-1.027585033703713,1.027585033703713
2022-10-18 10:26:24.872000+00:00,8.31277,1.2881915055268913,7.02457849447311,7.02457849447311
2022-10-18 10:26:26.761000+00:00,1.38112,1.2882081536135601,0.09291184638643979,0.09291184638643979
2022-10-18 10:26:28.655000+00:00,4.06518,1.2882248457661016,2.776955154233898,2.776955154233898
2022-10-18 10:26:30.572000+00:00,0.28665,1.2882417406216569,-1.0015917406216568,1.0015917406216568
2022-10-18 10:26:32.417000+00:00,0.0,1.2882580009286468,-1.2882580009286468,1.2882580009286468
2022-10-18 10:26:34.338000+00:00,0.0,1.2882749310369002,-1.2882749310369002,1.2882749310369002
2022-10-18 10:26:36.228000+00:00,0.0,1.2882915879367434,-1.2882915879367434,1.2882915879367434
2022-10-18 10:26:38.042000+00:00,0.0,1.288307575035323,-1.288307575035323,1.288307575035323
2022-10-18 10:26:39.917000+00:00,0.0,1.2883240997375487,-1.2883240997375487,1.2883240997375487
2022-10-18 10:26:41.753000+00:00,0.0,1.2883402807259676,-1.2883402807259676,1.2883402807259676
2022-10-18 10:26:43.639000+00:00,0.0,1.288356902373113,-1.288356902373113,1.288356902373113
2022-10-18 10:26:45.479000+00:00,0.0,1.2883731186142302,-1.2883731186142302,1.2883731186142302
2022-10-18 10:26:47.375000+00:00,0.0,1.2883898283931206,-1.2883898283931206,1.2883898283931206
2022-10-18 10:26:49.252000+00:00,0.0,1.2884063707216953,-1.2884063707216953,1.2884063707216953
2022-10-18 10:26:55.323000+00:00,0.0,1.2884598755042076,-1.2884598755042076,1.2884598755042076
2022-10-18 10:26:57.166000+00:00,0.0,1.2884761181848483,-1.2884761181848483,1.2884761181848483
2022-10-18 10:26:59.072000+00:00,0.0,1.2884929160954839,-1.2884929160954839,1.2884929160954839
2022-10-18 10:27:00.940000+00:00,0.0,1.2885093791054878,-1.2885093791054878,1.2885093791054878
2022-10-18 10:27:02.870000+00:00,0.0,1.288526388532312,-1.288526388532312,1.288526388532312
2022-10-18 10:27:04.744000+00:00,0.0,1.2885429044213628,-1.2885429044213628,1.2885429044213628
2022-10-18 10:27:06.622000+00:00,0.0,1.288559455563112,-1.288559455563112,1.288559455563112
2022-10-18 10:27:08.494000+00:00,0.0,1.2885759538258137,-1.2885759538258137,1.2885759538258137
2022-10-18 10:27:10.376000+00:00,0.0,1.288592540220261,-1.288592540220261,1.288592540220261
2022-10-18 10:27:12.244000+00:00,0.0,1.2886090032302646,-1.2886090032302646,1.2886090032302646
2022-10-18 10:27:14.172000+00:00,0.0,1.2886259950307397,-1.2886259950307397,1.2886259950307397
2022-10-18 10:27:16.041000+00:00,0.0,1.288642466853918,-1.288642466853918,1.288642466853918
2022-10-18 10:27:17.948000+00:00,0.0,1.288659273577728,-1.288659273577728,1.288659273577728
2022-10-18 10:27:19.839000+00:00,0.0,1.288675939290746,-1.288675939290746,1.288675939290746
2022-10-18 10:27:21.690000+00:00,0.0,1.2886922524767828,-1.2886922524767828,1.2886922524767828
2022-10-18 10:27:23.557000+00:00,0.0,1.2887087066736123,-1.2887087066736123,1.2887087066736123
2022-10-18 10:27:25.394000+00:00,0.0,1.2887248964752058,-1.2887248964752058,1.2887248964752058
2022-10-18 10:27:27.362000+00:00,0.0,1.2887422408026619,-1.2887422408026619,1.2887422408026619
2022-10-18 10:27:29.222000+00:00,0.0,1.2887586333072694,-1.2887586333072694,1.2887586333072694
2022-10-18 10:27:31.080000+00:00,0.0,1.288775008185528,-1.288775008185528,1.288775008185528
2022-10-18 10:27:32.987000+00:00,0.0,1.288791814909338,-1.288791814909338,1.288791814909338
2022-10-18 10:27:34.847000+00:00,0.0,1.288808207413946,-1.288808207413946,1.288808207413946
2022-10-18 10:27:36.753000+00:00,0.0,1.2888250053245813,-1.2888250053245813,1.2888250053245813
2022-10-18 10:27:38.674000+00:00,0.0,1.2888419354328349,-1.2888419354328349,1.2888419354328349
2022-10-18 10:27:40.533000+00:00,0.0,1.288858319124268,-1.288858319124268,1.288858319124268
2022-10-18 10:27:42.445000+00:00,0.52118,1.2888751699139507,-0.7676951699139507,0.7676951699139507
2022-10-18 10:27:44.291000+00:00,8.75577,1.2888914390341148,7.466878560965885,7.466878560965885
2022-10-18 10:27:46.239000+00:00,2.24106,1.2889086070980804,0.9521513929019196,0.9521513929019196
2022-10-18 10:27:48.096000+00:00,1.12053,1.2889249731631645,-0.16839497316316443,0.16839497316316443
2022-10-18 10:27:49.943000+00:00,0.70359,1.2889412510965035,-0.5853512510965034,0.5853512510965034
2022-10-18 10:27:51.862000+00:00,1.19871,1.2889581635784078,-0.09024816357840781,0.09024816357840781
2022-10-18 10:27:53.808000+00:00,1.30294,1.2889753140160243,0.013964685983975711,0.013964685983975711
2022-10-18 10:27:59.887000+00:00,0.23453,1.2890288893039328,-1.0544988893039329,1.0544988893039329
2022-10-18 10:28:01.785000+00:00,0.23453,1.2890456167091724,-1.0545156167091725,1.0545156167091725
2022-10-18 10:28:03.675000+00:00,3.544,1.2890622736090154,2.2549377263909847,2.2549377263909847
2022-10-18 10:28:05.620000+00:00,0.05212,1.2890794152334575,-1.2369594152334575,1.2369594152334575
2022-10-18 10:28:07.534000+00:00,3.77853,1.289096283649489,2.489433716350511,2.489433716350511
2022-10-18 10:28:09.519000+00:00,0.15635,1.2891137778009116,-1.1327637778009116,1.1327637778009116
2022-10-18 10:28:11.315000+00:00,0.15635,1.28912960626235,-1.13277960626235,1.13277960626235
2022-10-18 10:28:13.169000+00:00,0.31271,1.2891459458879106,-0.9764359458879106,0.9764359458879106
2022-10-18 10:28:15.034000+00:00,0.0,1.2891623824583909,-1.2891623824583909,1.2891623824583909
2022-10-18 10:28:16.894000+00:00,0.0,1.2891787749629986,-1.2891787749629986,1.2891787749629986
2022-10-18 10:28:18.784000+00:00,0.0,1.2891954318628418,-1.2891954318628418,1.2891954318628418
2022-10-18 10:28:20.629000+00:00,0.0,1.2892116921698318,-1.2892116921698318,1.2892116921698318
2022-10-18 10:28:22.565000+00:00,0.0,1.2892287544757028,-1.2892287544757028,1.2892287544757028
2022-10-18 10:28:24.439000+00:00,0.0,1.289245270364754,-1.289245270364754,1.289245270364754
2022-10-18 10:28:26.357000+00:00,0.0,1.2892621740334838,-1.2892621740334838,1.2892621740334838
2022-10-18 10:28:28.233000+00:00,0.0,1.2892787075488839,-1.2892787075488839,1.2892787075488839
2022-10-18 10:28:30.077000+00:00,0.0,1.289294959042699,-1.289294959042699,1.289294959042699
2022-10-18 10:28:31.891000+00:00,0.0,1.2893109461412788,-1.2893109461412788,1.2893109461412788
2022-10-18 10:28:33.795000+00:00,0.0,1.2893277264255651,-1.2893277264255651,1.2893277264255651
2022-10-18 10:28:35.701000+00:00,0.443,1.289344524336201,-0.8463445243362009,0.8463445243362009
2022-10-18 10:28:37.638000+00:00,1.43324,1.2893615954552466,0.14387840454475342,0.14387840454475342
2022-10-18 10:28:39.581000+00:00,2.29318,1.2893787194533395,1.0038012805466605,1.0038012805466605
2022-10-18 10:28:41.529000+00:00,0.46906,1.289395887517305,-0.820335887517305,0.820335887517305
2022-10-18 10:28:43.388000+00:00,0.54724,1.2894122712087381,-0.7421722712087382,0.7421722712087382
2022-10-18 10:28:45.342000+00:00,3.59612,1.2894294921517506,2.3066905078482494,2.3066905078482494
2022-10-18 10:28:47.217000+00:00,0.0,1.289446016853976,-1.289446016853976,1.289446016853976
2022-10-18 10:28:49.068000+00:00,0.02606,1.289462330040013,-1.263402330040013,1.263402330040013
2022-10-18 10:28:51.031000+00:00,0.443,1.2894796303015963,-0.8464796303015962,0.8464796303015962
2022-10-18 10:28:52.833000+00:00,0.18241,1.2894955116420816,-1.1070855116420817,1.1070855116420817
2022-10-18 10:28:54.781000+00:00,1.90229,1.2895126797060472,0.6127773202939528,0.6127773202939528
2022-10-18 10:28:56.709000+00:00,0.31271,1.2895296715065223,-0.9768196715065223,0.9768196715065223
2022-10-18 10:28:58.608000+00:00,0.62541,1.2895464077249363,-0.6641364077249363,0.6641364077249363
2022-10-18 10:29:04.482000+00:00,3.25735,1.2895981763120683,1.967751823687932,1.967751823687932
2022-10-18 10:29:06.405000+00:00,0.28665,1.2896151240466707,-1.0029651240466706,1.0029651240466706
2022-10-18 10:29:08.232000+00:00,0.0,1.2896312257165192,-1.2896312257165192,1.2896312257165192
2022-10-18 10:29:10.077000+00:00,0.0,1.289647486023509,-1.289647486023509,1.289647486023509
2022-10-18 10:29:11.904000+00:00,0.0,1.2896635876933575,-1.2896635876933575,1.2896635876933575
2022-10-18 10:29:13.764000+00:00,0.0,1.289679980197965,-1.289679980197965,1.289679980197965
2022-10-18 10:29:15.753000+00:00,0.0,1.2896975096020857,-1.2896975096020857,1.2896975096020857
2022-10-18 10:29:17.701000+00:00,0.0,1.2897146776660513,-1.2897146776660513,1.2897146776660513
2022-10-18 10:29:19.577000+00:00,0.0,1.2897312111814512,-1.2897312111814512,1.2897312111814512
2022-10-18 10:29:21.389000+00:00,0.0,1.289747180653682,-1.289747180653682,1.289747180653682
2022-10-18 10:29:23.249000+00:00,0.0,1.2897635731582897,-1.2897635731582897,1.2897635731582897
2022-10-18 10:29:25.096000+00:00,0.0,1.2897798510916285,-1.2897798510916285,1.2897798510916285
2022-10-18 10:29:26.987000+00:00,0.0,1.2897965168046464,-1.2897965168046464,1.2897965168046464
2022-10-18 10:29:28.943000+00:00,0.02606,1.2898137553740079,-1.263753755374008,1.263753755374008
2022-10-18 10:29:30.851000+00:00,0.46906,1.2898305709109925,-0.8207705709109925,0.8207705709109925
2022-10-18 10:29:32.768000+00:00,0.96418,1.289847465766548,-0.3256674657665479,0.3256674657665479
2022-10-18 10:29:34.665000+00:00,8.33883,1.289864184358613,7.048965815641386,7.048965815641386
2022-10-18 10:29:36.487000+00:00,0.54724,1.2898802419625888,-0.7426402419625888,0.7426402419625888
2022-10-18 10:29:38.380000+00:00,1.85018,1.2898969253019557,0.5602830746980443,0.5602830746980443
2022-10-18 10:29:40.349000+00:00,12.847,1.2899142784425859,11.557085721557414,11.557085721557414
2022-10-18 10:29:42.337000+00:00,0.31271,1.2899317990335322,-0.9772217990335321,0.9772217990335321
2022-10-18 10:29:44.255000+00:00,0.28665,1.289948702702262,-1.003298702702262,1.003298702702262
2022-10-18 10:29:46.181000+00:00,0.33876,1.2899656768763879,-0.9512056768763879,0.9512056768763879
2022-10-18 10:29:48.081000+00:00,0.18241,1.2899824219079765,-1.1075724219079766,1.1075724219079766
2022-10-18 10:29:50.030000+00:00,3.02282,1.2899995987851165,1.7328204012148833,1.7328204012148833
2022-10-18 10:29:51.963000+00:00,0.41694,1.290016634651464,-0.8730766346514641,0.8730766346514641
2022-10-18 10:29:53.827000+00:00,3.83065,1.29003306240877,2.54061693759123,2.54061693759123
2022-10-18 10:29:55.757000+00:00,0.15635,1.2900500718355938,-1.1337000718355938,1.1337000718355938
2022-10-18 10:29:57.581000+00:00,0.10424,1.290066147065919,-1.185826147065919,1.185826147065919
2022-10-18 10:29:59.518000+00:00,0.28665,1.2900832181849644,-1.0034332181849643,1.0034332181849643
2022-10-18 10:30:01.409000+00:00,0.0,1.2900998838979822,-1.2900998838979822,1.2900998838979822
2022-10-18 10:30:03.205000+00:00,0.0,1.2901157123594207,-1.2901157123594207,1.2901157123594207
2022-10-18 10:30:08.847000+00:00,0.0,1.290165436290064,-1.290165436290064,1.290165436290064
2022-10-18 10:30:10.788000+00:00,0.0,1.2901825426618077,-1.2901825426618077,1.2901825426618077
2022-10-18 10:30:12.706000+00:00,0.0,1.2901994463305377,-1.2901994463305377,1.2901994463305377
2022-10-18 10:30:14.550000+00:00,0.0,1.2902156978243529,-1.2902156978243529,1.2902156978243529
2022-10-18 10:30:16.409000+00:00,0.0,1.2902320815157862,-1.2902320815157862,1.2902320815157862
2022-10-18 10:30:18.269000+00:00,0.0,1.2902484740203937,-1.2902484740203937,1.2902484740203937
2022-10-18 10:30:20.205000+00:00,0.0,1.290265536326265,-1.290265536326265,1.290265536326265
2022-10-18 10:30:22.018000+00:00,0.0,1.29028151461167,-1.29028151461167,1.29028151461167
2022-10-18 10:30:23.924000+00:00,0.0,1.2902983125223058,-1.2902983125223058,1.2902983125223058
2022-10-18 10:30:25.820000+00:00,0.0,1.290315022301196,-1.290315022301196,1.290315022301196
2022-10-18 10:30:27.722000+00:00,0.0,1.2903317849591338,-1.2903317849591338,1.2903317849591338
2022-10-18 10:30:29.628000+00:00,0.0,1.2903485828697692,-1.2903485828697692,1.2903485828697692
2022-10-18 10:30:31.502000+00:00,0.0,1.2903650987588202,-1.2903650987588202,1.2903650987588202
2022-10-18 10:30:33.362000+00:00,0.0,1.2903814912634277,-1.2903814912634277,1.2903814912634277
2022-10-18 10:30:35.263000+00:00,0.46906,1.2903982451081908,-0.8213382451081908,0.8213382451081908
2022-10-18 10:30:37.098000+00:00,13.18577,1.2904144172834355,11.895355582716565,11.895355582716565
2022-10-18 10:30:39.081000+00:00,2.29318,1.290431893808509,1.002748106191491,1.002748106191491
2022-10-18 10:30:41.035000+00:00,0.36482,1.2904491147515218,-0.9256291147515219,0.9256291147515219
2022-10-18 10:30:43.044000+00:00,0.46906,1.290466820419133,-0.8214068204191329,0.8214068204191329
2022-10-18 10:30:44.912000+00:00,2.03259,1.2904832834291367,0.7421067165708632,0.7421067165708632
2022-10-18 10:30:46.820000+00:00,6.74924,1.2905000989661213,5.458739901033879,5.458739901033879
2022-10-18 10:30:48.809000+00:00,0.62541,1.290517628370242,-0.665107628370242,0.665107628370242
2022-10-18 10:30:50.788000+00:00,0.36482,1.2905350696426177,-0.9257150696426177,0.9257150696426177
2022-10-18 10:30:52.678000+00:00,0.05212,1.2905517265424609,-1.238431726542461,1.238431726542461
2022-10-18 10:30:54.615000+00:00,0.10424,1.2905687976615066,-1.1863287976615067,1.1863287976615067
2022-10-18 10:30:56.566000+00:00,1.48535,1.2905859921649956,0.19476400783500436,0.19476400783500436
2022-10-18 10:30:58.490000+00:00,0.28665,1.2906029487127726,-1.0039529487127725,1.0039529487127725
2022-10-18 10:31:00.428000+00:00,4.63847,1.2906200286449927,3.347849971355007,3.347849971355007
2022-10-18 10:31:02.235000+00:00,0.28665,1.2906359540513508,-1.0039859540513507,1.0039859540513507
2022-10-18 10:31:04.072000+00:00,2.57982,1.2906521438529446,1.2891678561470552,1.2891678561470552
2022-10-18 10:31:06.003000+00:00,0.33876,1.2906691620929431,-0.9519091620929432,0.9519091620929432
2022-10-18 10:31:07.878000+00:00,0.0,1.2906856867951686,-1.2906856867951686,1.2906856867951686
2022-10-18 10:31:13.331000+00:00,0.0,1.2907337450358276,-1.2907337450358276,1.2907337450358276
2022-10-18 10:31:15.268000+00:00,0.0,1.290750816154873,-1.290750816154873,1.290750816154873
2022-10-18 10:31:17.097000+00:00,0.0,1.290766935451071,-1.290766935451071,1.290766935451071
2022-10-18 10:31:18.959000+00:00,0.0,1.2907833455820277,-1.2907833455820277,1.2907833455820277
2022-10-18 10:31:20.825000+00:00,0.0,1.290799790965682,-1.290799790965682,1.290799790965682
2022-10-18 10:31:22.738000+00:00,0.0,1.2908166505685394,-1.2908166505685394,1.2908166505685394
2022-10-18 10:31:24.650000+00:00,0.0,1.2908335013582222,-1.2908335013582222,1.2908335013582222
2022-10-18 10:31:26.492000+00:00,0.0,1.2908497352256885,-1.2908497352256885,1.2908497352256885
2022-10-18 10:31:28.346000+00:00,0.0,1.290866074851249,-1.290866074851249,1.290866074851249
2022-10-18 10:31:30.190000+00:00,0.0,1.2908823263450644,-1.2908823263450644,1.2908823263450644
2022-10-18 10:31:32.096000+00:00,0.0,1.2908991242557,-1.2908991242557,1.2908991242557
2022-10-18 10:31:33.960000+00:00,0.0,1.2909155520130058,-1.2909155520130058,1.2909155520130058
2022-10-18 10:31:35.926000+00:00,0.39088,1.2909328787141126,-0.9000528787141125,0.9000528787141125
2022-10-18 10:31:37.823000+00:00,10.05871,1.2909495973061773,8.767760402693822,8.767760402693822
2022-10-18 10:31:39.674000+00:00,0.78176,1.2909659104922144,-0.5092059104922144,0.5092059104922144
2022-10-18 10:31:41.527000+00:00,8.5473,1.2909822413046004,7.256317758695399,7.256317758695399
2022-10-18 10:31:43.437000+00:00,0.54724,1.2909990744679343,-0.7437590744679343,0.7437590744679343
2022-10-18 10:31:45.283000+00:00,1.71988,1.2910153435880987,0.4288646564119014,0.4288646564119014
2022-10-18 10:31:47.220000+00:00,13.39424,1.2910324147071441,12.103207585292855,12.103207585292855
2022-10-18 10:31:49.046000+00:00,0.41694,1.291048507563818,-0.8741085075638181,0.8741085075638181
2022-10-18 10:31:50.995000+00:00,0.26059,1.2910656844409583,-1.0304756844409582,1.0304756844409582
2022-10-18 10:31:52.893000+00:00,0.31271,1.2910824118461974,-0.9783724118461974,0.9783724118461974
2022-10-18 10:31:54.799000+00:00,0.39088,1.2910992097568332,-0.9002192097568332,0.9002192097568332
2022-10-18 10:31:56.758000+00:00,1.56353,1.2911164747657184,0.27241352523428164,0.27241352523428164
2022-10-18 10:31:58.645000+00:00,0.18241,1.291133105226038,-1.108723105226038,1.108723105226038
2022-10-18 10:32:00.582000+00:00,18.24118,1.2911501763450839,16.950029823654916,16.950029823654916
2022-10-18 10:32:02.565000+00:00,1.25082,1.2911676528701574,-0.0403476528701574,0.0403476528701574
2022-10-18 10:32:04.377000+00:00,2.84041,1.291183622342388,1.5492263776576118,1.5492263776576118
2022-10-18 10:32:06.262000+00:00,0.31271,1.2912002351763587,-0.9784902351763587,0.9784902351763587
2022-10-18 10:32:08.144000+00:00,0.0,1.291216821570806,-1.291216821570806,1.291216821570806
2022-10-18 10:32:10.018000+00:00,0.0,1.2912333374598568,-1.2912333374598568,1.2912333374598568
2022-10-18 10:32:11.923000+00:00,0.0,1.291250126557318,-1.291250126557318,1.291250126557318
2022-10-18 10:32:17.752000+00:00,0.0,1.2913014985515965,-1.2913014985515965,1.2913014985515965
2022-10-18 10:32:19.612000+00:00,0.0,1.2913178910562042,-1.2913178910562042,1.2913178910562042
2022-10-18 10:32:21.519000+00:00,0.0,1.2913346977800142,-1.2913346977800142,1.2913346977800142
2022-10-18 10:32:23.381000+00:00,0.0,1.291351107910971,-1.291351107910971,1.291351107910971
2022-10-18 10:32:25.238000+00:00,0.0,1.291367473976055,-1.291367473976055,1.291367473976055
2022-10-18 10:32:27.134000+00:00,0.0,1.2913841837549453,-1.2913841837549453,1.2913841837549453
2022-10-18 10:32:28.950000+00:00,0.0,1.2914001884798743,-1.2914001884798743,1.2914001884798743
2022-10-18 10:32:30.949000+00:00,0.93812,1.2914178060157402,-0.35329780601574023,0.35329780601574023
2022-10-18 10:32:32.884000+00:00,0.52118,1.2914348595084368,-0.7702548595084369,0.7702548595084369
2022-10-18 10:32:34.806000+00:00,0.57329,1.2914517984298648,-0.7181617984298648,0.7181617984298648
2022-10-18 10:32:36.731000+00:00,0.54724,1.2914687637908162,-0.7442287637908163,0.7442287637908163
2022-10-18 10:32:38.619000+00:00,0.28665,1.2914854030643106,-1.0048354030643105,1.0048354030643105
2022-10-18 10:32:40.496000+00:00,1.74594,1.2915019453928849,0.45443805460711517,0.45443805460711517
2022-10-18 10:32:42.446000+00:00,4.92512,1.2915191310831995,3.6336008689168002,3.6336008689168002
2022-10-18 10:32:44.293000+00:00,0.26059,1.2915354090165383,-1.0309454090165384,1.0309454090165384
2022-10-18 10:32:46.243000+00:00,1.30294,1.291552594706853,0.01138740529314708,0.01138740529314708
2022-10-18 10:32:48.107000+00:00,0.26059,1.2915690224641585,-1.0309790224641584,1.0309790224641584
2022-10-18 10:32:49.945000+00:00,0.13029,1.2915852210789267,-1.1612952210789267,1.1612952210789267
2022-10-18 10:32:51.868000+00:00,3.83065,1.291602168813529,2.539047831186471,2.539047831186471
2022-10-18 10:32:53.782000+00:00,0.39088,1.291619037229561,-0.9007390372295611,0.9007390372295611
2022-10-18 10:32:55.699000+00:00,9.06847,1.2916359320851163,7.7768340679148835,7.7768340679148835
2022-10-18 10:32:57.650000+00:00,0.0,1.2916531265886053,-1.2916531265886053,1.2916531265886053
2022-10-18 10:32:59.650000+00:00,0.26059,1.2916707529376459,-1.0310807529376458,1.0310807529376458
2022-10-18 10:33:01.649000+00:00,0.26059,1.2916883704735116,-1.0310983704735115,1.0310983704735115
2022-10-18 10:33:03.524000+00:00,0.0,1.2917048951757373,-1.2917048951757373,1.2917048951757373
2022-10-18 10:33:05.401000+00:00,0.0,1.2917214375043118,-1.2917214375043118,1.2917214375043118
2022-10-18 10:33:07.213000+00:00,0.0,1.2917374069765424,-1.2917374069765424,1.2917374069765424
2022-10-18 10:33:09.103000+00:00,0.0,1.2917540638763856,-1.2917540638763856,1.2917540638763856
2022-10-18 10:33:10.977000+00:00,0.0,1.2917705797654366,-1.2917705797654366,1.2917705797654366
2022-10-18 10:33:12.853000+00:00,0.0,1.2917871132808365,-1.2917871132808365,1.2917871132808365
2022-10-18 10:33:14.713000+00:00,0.0,1.2918035057854442,-1.2918035057854442,1.2918035057854442
2022-10-18 10:33:16.556000+00:00,0.0,1.291819748466085,-1.291819748466085,1.291819748466085
2022-10-18 10:33:22.325000+00:00,3.83065,1.2918705916698923,2.5387794083301074,2.5387794083301074
2022-10-18 10:33:24.276000+00:00,1.98047,1.2918877861733813,0.6885822138266187,0.6885822138266187
2022-10-18 10:33:26.202000+00:00,1.01629,1.2919047603475073,-0.2756147603475074,0.2756147603475074
2022-10-18 10:33:28.149000+00:00,1.95441,1.2919219195982983,0.6624880804017017,0.6624880804017017
2022-10-18 10:33:30.047000+00:00,14.04571,1.2919386470035379,12.753771352996463,12.753771352996463
2022-10-18 10:33:32.040000+00:00,4.61241,1.2919562116603567,3.320453788339643,3.320453788339643
2022-10-18 10:33:33.924000+00:00,1.64171,1.2919728156811527,0.34973718431884726,0.34973718431884726
2022-10-18 10:33:35.810000+00:00,0.59935,1.2919894373282979,-0.6926394373282978,0.6926394373282978
2022-10-18 10:33:37.738000+00:00,0.41694,1.292006429128773,-0.875066429128773,0.875066429128773
2022-10-18 10:33:39.697000+00:00,0.85994,1.292023694137658,-0.4320836941376579,0.4320836941376579
2022-10-18 10:33:41.594000+00:00,0.31271,1.292040412729723,-0.9793304127297229,0.9793304127297229
2022-10-18 10:33:43.556000+00:00,0.02606,1.2920577041781316,-1.2659977041781316,1.2659977041781316
2022-10-18 10:33:45.391000+00:00,1.25082,1.2920738763533763,-0.041253876353376295,0.041253876353376295
2022-10-18 10:33:47.297000+00:00,3.64824,1.2920906742640121,2.356149325735988,2.356149325735988
2022-10-18 10:33:49.286000+00:00,0.20847,1.2921082036681328,-1.083638203668133,1.083638203668133
2022-10-18 10:33:51.194000+00:00,0.20847,1.2921250192051175,-1.0836550192051175,1.0836550192051175
2022-10-18 10:33:53.118000+00:00,0.0,1.2921419757528945,-1.2921419757528945,1.2921419757528945
2022-10-18 10:33:54.993000+00:00,0.0,1.2921585004551197,-1.2921585004551197,1.2921585004551197
2022-10-18 10:33:56.868000+00:00,0.0,1.2921750251573454,-1.2921750251573454,1.2921750251573454
2022-10-18 10:33:58.743000+00:00,0.0,1.2921915498595706,-1.2921915498595706,1.2921915498595706
2022-10-18 10:34:00.665000+00:00,0.0,1.2922084887809988,-1.2922084887809988,1.2922084887809988
2022-10-18 10:34:02.448000+00:00,0.0,1.2922242026711683,-1.2922242026711683,1.2922242026711683
2022-10-18 10:34:04.306000+00:00,0.0,1.2922405775494268,-1.2922405775494268,1.2922405775494268
2022-10-18 10:34:06.182000+00:00,0.0,1.2922571110648269,-1.2922571110648269,1.2922571110648269
2022-10-18 10:34:08.041000+00:00,0.0,1.29227349475626,-1.29227349475626,1.29227349475626
2022-10-18 10:34:09.987000+00:00,0.0,1.2922906451938765,-1.2922906451938765,1.2922906451938765
2022-10-18 10:34:11.843000+00:00,3.38765,1.292307002445786,2.095342997554214,2.095342997554214
2022-10-18 10:34:13.770000+00:00,3.77853,1.2923239854330864,2.4862060145669136,2.4862060145669136
2022-10-18 10:34:15.637000+00:00,0.80782,1.2923404396299158,-0.48452043962991587,0.48452043962991587
2022-10-18 10:34:17.656000+00:00,0.15635,1.292358233429272,-1.136008233429272,1.136008233429272
2022-10-18 10:34:19.588000+00:00,0.13029,1.2923752604824452,-1.1620852604824452,1.1620852604824452
2022-10-18 10:34:21.481000+00:00,2.99677,1.292391943821812,1.704378056178188,1.704378056178188
2022-10-18 10:34:26.986000+00:00,0.49512,1.2924404603475461,-0.7973204603475461,0.7973204603475461
2022-10-18 10:34:28.903000+00:00,0.23453,1.2924573552031013,-1.0579273552031014,1.0579273552031014
2022-10-18 10:34:30.758000+00:00,0.23453,1.2924737036418366,-1.0579437036418367,1.0579437036418367
2022-10-18 10:34:32.677000+00:00,1.19871,1.2924906161237408,-0.09378061612374089,0.09378061612374089
2022-10-18 10:34:34.628000+00:00,0.75571,1.2925078106272299,-0.5367978106272299,0.5367978106272299
2022-10-18 10:34:36.550000+00:00,1.30294,1.2925247495486576,0.010415250451342395,0.010415250451342395
2022-10-18 10:34:38.450000+00:00,0.07818,1.292541494580246,-1.2143614945802461,1.2143614945802461
2022-10-18 10:34:40.409000+00:00,0.15635,1.2925587595891312,-1.1362087595891313,1.1362087595891313
2022-10-18 10:34:42.346000+00:00,0.26059,1.2925758307081772,-1.031985830708177,1.031985830708177
2022-10-18 10:34:44.174000+00:00,0.0,1.2925919411912001,-1.2925919411912001,1.2925919411912001
2022-10-18 10:34:46.003000+00:00,0.0,1.2926080604873977,-1.2926080604873977,1.2926080604873977
2022-10-18 10:34:47.893000+00:00,0.0,1.2926247173872407,-1.2926247173872407,1.2926247173872407
2022-10-18 10:34:49.814000+00:00,0.0,1.2926416474954943,-1.2926416474954943,1.2926416474954943
2022-10-18 10:34:51.674000+00:00,0.0,1.292658040000102,-1.292658040000102,1.292658040000102
2022-10-18 10:34:53.488000+00:00,0.0,1.2926740270986816,-1.2926740270986816,1.2926740270986816
2022-10-18 10:34:55.335000+00:00,0.0,1.2926903050320206,-1.2926903050320206,1.2926903050320206
2022-10-18 10:34:57.159000+00:00,0.0,1.2927063802623455,-1.2927063802623455,1.2927063802623455
2022-10-18 10:34:59.111000+00:00,0.0,1.2927235835790092,-1.2927235835790092,1.2927235835790092
2022-10-18 10:35:01.050000+00:00,0.41694,1.292740672324404,-0.875800672324404,0.875800672324404
2022-10-18 10:35:03.042000+00:00,3.43977,1.292758228168048,2.147011771831952,2.147011771831952
2022-10-18 10:35:04.919000+00:00,3.72641,1.2927747704966226,2.4336352295033774,2.4336352295033774
2022-10-18 10:35:06.897000+00:00,0.80782,1.2927922029558236,-0.48497220295582366,0.48497220295582366
2022-10-18 10:35:08.804000+00:00,0.02606,1.2928090096796339,-1.2667490096796339,1.2667490096796339
2022-10-18 10:35:10.693000+00:00,15.45289,1.2928256577663024,14.160064342233698,14.160064342233698
2022-10-18 10:35:12.643000+00:00,5.60265,1.2928428434566168,4.309807156543383,4.309807156543383
2022-10-18 10:35:14.598000+00:00,1.09447,1.292860073212804,-0.19839007321280389,0.19839007321280389
2022-10-18 10:35:16.535000+00:00,0.15635,1.2928771443318499,-1.1365271443318499,1.1365271443318499
2022-10-18 10:35:18.443000+00:00,0.39088,1.2928939598688345,-0.9020139598688345,0.9020139598688345
2022-10-18 10:35:20.330000+00:00,3.59612,1.292910590329154,2.303209409670846,2.303209409670846
2022-10-18 10:35:22.284000+00:00,0.52118,1.2929278112721667,-0.7717478112721667,0.7717478112721667
2022-10-18 10:35:24.129000+00:00,0.10424,1.2929440715791567,-1.1887040715791568,1.1887040715791568
2022-10-18 10:35:26.065000+00:00,1.45929,1.2929611338850278,0.16632886611497222,0.16632886611497222
2022-10-18 10:35:31.611000+00:00,0.54724,1.2930100117509171,-0.7457700117509172,0.7457700117509172
2022-10-18 10:35:33.526000+00:00,0.23453,1.2930268889801233,-1.0584968889801234,1.0584968889801234
2022-10-18 10:35:35.448000+00:00,0.0,1.2930438279015513,-1.2930438279015513,1.2930438279015513
2022-10-18 10:35:37.334000+00:00,0.0,1.2930604495486966,-1.2930604495486966,1.2930604495486966
2022-10-18 10:35:39.198000+00:00,0.0,1.2930768773060022,-1.2930768773060022,1.2930768773060022
2022-10-18 10:35:41.073000+00:00,0.0,1.2930934020082276,-1.2930934020082276,1.2930934020082276
2022-10-18 10:35:42.906000+00:00,0.0,1.2931095565571233,-1.2931095565571233,1.2931095565571233
2022-10-18 10:35:44.746000+00:00,0.0,1.2931257727982404,-1.2931257727982404,1.2931257727982404
2022-10-18 10:35:46.650000+00:00,0.0,1.2931425530825271,-1.2931425530825271,1.2931425530825271
2022-10-18 10:35:48.542000+00:00,0.0,1.2931592276087194,-1.2931592276087194,1.2931592276087194
2022-10-18 10:35:50.418000+00:00,0.0,1.2931757611241195,-1.2931757611241195,1.2931757611241195
2022-10-18 10:35:52.433000+00:00,0.78176,1.2931935196707776,-0.5114335196707775,0.5114335196707775
2022-10-18 10:35:54.354000+00:00,0.05212,1.293210449779031,-1.2410904497790312,1.2410904497790312
2022-10-18 10:35:56.302000+00:00,0.65147,1.2932276178429967,-0.6417576178429967,0.6417576178429967
2022-10-18 10:35:58.186000+00:00,1.17265,1.2932442218637927,-0.12059422186379276,0.12059422186379276
2022-10-18 10:36:00.136000+00:00,0.31271,1.2932614075541071,-0.9805514075541071,0.9805514075541071
2022-10-18 10:36:01.996000+00:00,0.80782,1.2932778000587146,-0.48545780005871464,0.48545780005871464
2022-10-18 10:36:03.917000+00:00,4.79482,1.2932947301669682,3.5015252698330315,3.5015252698330315
2022-10-18 10:36:05.796000+00:00,0.31271,1.2933112901218917,-0.9806012901218917,0.9806012901218917
2022-10-18 10:36:07.704000+00:00,1.85018,1.2933281056588763,0.5568518943411236,0.5568518943411236
2022-10-18 10:36:09.636000+00:00,0.26059,1.2933451327120493,-1.0327551327120492,1.0327551327120492
2022-10-18 10:36:11.590000+00:00,0.20847,1.293362353655062,-1.084892353655062,1.084892353655062
2022-10-18 10:36:13.467000+00:00,1.17265,1.2933788959836365,-0.12072889598363656,0.12072889598363656
2022-10-18 10:36:15.385000+00:00,0.18241,1.2933957996523664,-1.1109857996523664,1.1109857996523664
2022-10-18 10:36:17.298000+00:00,13.68089,1.2934126592552238,12.387477340744777,12.387477340744777
2022-10-18 10:36:19.229000+00:00,0.23453,1.2934296774952223,-1.0588996774952224,1.0588996774952224
2022-10-18 10:36:21.176000+00:00,0.10424,1.2934468367460132,-1.1892068367460134,1.1892068367460134
2022-10-18 10:36:23.105000+00:00,0.28665,1.2934638373596627,-1.0068138373596627,1.0068138373596627
2022-10-18 10:36:24.995000+00:00,0.0,1.293480494259506,-1.293480494259506,1.293480494259506
2022-10-18 10:36:26.878000+00:00,0.0,1.2934970894671276,-1.2934970894671276,1.2934970894671276
2022-10-18 10:36:28.757000+00:00,0.0,1.2935136494220512,-1.2935136494220512,1.2935136494220512
2022-10-18 10:36:30.691000+00:00,0.0,1.2935306941015734,-1.2935306941015734,1.2935306941015734
2022-10-18 10:36:35.991000+00:00,0.0,1.2935774039265306,-1.2935774039265306,1.2935774039265306
2022-10-18 10:36:37.830000+00:00,0.0,1.2935936113544733,-1.2935936113544733,1.2935936113544733
2022-10-18 10:36:39.690000+00:00,0.0,1.293610003859081,-1.293610003859081,1.293610003859081
2022-10-18 10:36:41.602000+00:00,0.0,1.2936268546487637,-1.2936268546487637,1.2936268546487637
2022-10-18 10:36:43.479000+00:00,7.32253,1.2936433969773384,6.028886603022662,6.028886603022662
2022-10-18 10:36:45.387000+00:00,1.30294,1.2936602125143228,0.009279787485677149,0.009279787485677149
2022-10-18 10:36:47.255000+00:00,9.77206,1.2936766755243267,8.478383324475672,8.478383324475672
2022-10-18 10:36:49.222000+00:00,0.02606,1.2936940110386081,-1.2676340110386082,1.2676340110386082
2022-10-18 10:36:51.143000+00:00,3.70035,1.2937109411468612,2.4066390588531386,2.4066390588531386
2022-10-18 10:36:53.008000+00:00,3.04888,1.2937273777173417,1.7551526222826583,1.7551526222826583
2022-10-18 10:36:54.924000+00:00,2.29318,1.2937442637597223,0.9994357362402777,0.9994357362402777
2022-10-18 10:36:56.878000+00:00,0.54724,1.293761484702735,-0.746521484702735,0.746521484702735
2022-10-18 10:36:58.811000+00:00,0.62541,1.2937785205690826,-0.6683685205690826,0.6683685205690826
2022-10-18 10:37:00.729000+00:00,0.57329,1.2937954242378127,-0.7205054242378127,0.7205054242378127
2022-10-18 10:37:02.644000+00:00,0.85994,1.2938123014670189,-0.43387230146701883,0.43387230146701883
2022-10-18 10:37:04.525000+00:00,2.73618,1.2938288790482915,1.4423511209517086,1.4423511209517086
2022-10-18 10:37:06.441000+00:00,0.31271,1.2938457650906723,-0.9811357650906722,0.9811357650906722
2022-10-18 10:37:08.292000+00:00,0.80782,1.2938620782767092,-0.4860420782767092,0.4860420782767092
2022-10-18 10:37:10.201000+00:00,0.41694,1.2938789026268682,-0.8769389026268682,0.8769389026268682
2022-10-18 10:37:12.190000+00:00,0.28665,1.293896432030989,-1.0072464320309888,1.0072464320309888
2022-10-18 10:37:14.145000+00:00,0.20847,1.293913661787176,-1.085443661787176,1.085443661787176
2022-10-18 10:37:15.973000+00:00,0.0,1.2939297722701992,-1.2939297722701992,1.2939297722701992
2022-10-18 10:37:17.830000+00:00,0.0,1.2939461383352833,-1.2939461383352833,1.2939461383352833
2022-10-18 10:37:19.707000+00:00,0.0,1.2939626806638578,-1.2939626806638578,1.2939626806638578
2022-10-18 10:37:21.596000+00:00,0.0,1.2939793287505266,-1.2939793287505266,1.2939793287505266
2022-10-18 10:37:23.457000+00:00,0.0,1.2939957300683087,-1.2939957300683087,1.2939957300683087
2022-10-18 10:37:25.325000+00:00,0.0,1.2940121930783124,-1.2940121930783124,1.2940121930783124
2022-10-18 10:37:27.191000+00:00,0.0,1.2940286384619673,-1.2940286384619673,1.2940286384619673
2022-10-18 10:37:29.130000+00:00,0.0,1.294045727207362,-1.294045727207362,1.294045727207362
2022-10-18 10:37:31.004000+00:00,0.0,1.294062243096413,-1.294062243096413,1.294062243096413
2022-10-18 10:37:32.925000+00:00,0.0,1.2940791732046664,-1.2940791732046664,1.2940791732046664
2022-10-18 10:37:34.921000+00:00,0.23453,1.2940967643010088,-1.059566764301009,1.059566764301009
2022-10-18 10:37:40.841000+00:00,0.10424,1.2941489382941687,-1.1899089382941685,1.1899089382941685
2022-10-18 10:37:42.798000+00:00,0.36482,1.2941661856767048,-0.9293461856767049,0.9293461856767049
2022-10-18 10:37:44.777000+00:00,1.66777,1.2941836269490805,0.37358637305091946,0.37358637305091946
2022-10-18 10:37:46.726000+00:00,4.32577,1.2942008038262203,3.03156919617378,3.03156919617378
2022-10-18 10:37:48.633000+00:00,0.26059,1.2942176105500305,-1.0336276105500306,1.0336276105500306
2022-10-18 10:37:50.600000+00:00,2.03259,1.2942349460643117,0.7383550539356882,0.7383550539356882
2022-10-18 10:37:52.496000+00:00,0.28665,1.294251655843202,-1.007601655843202,1.007601655843202
2022-10-18 10:37:54.473000+00:00,0.26059,1.2942690794892286,-1.0336790794892288,1.0336790794892288
2022-10-18 10:37:56.340000+00:00,3.07494,1.294285533686058,1.7806544663139419,1.7806544663139419
2022-10-18 10:37:58.298000+00:00,2.47559,1.2943027898817687,1.1812872101182312,1.1812872101182312
2022-10-18 10:38:00.270000+00:00,0.65147,1.2943201694619226,-0.6428501694619226,0.6428501694619226
2022-10-18 10:38:02.194000+00:00,0.18241,1.2943371260096996,-1.1119271260096997,1.1119271260096997
2022-10-18 10:38:04.071000+00:00,0.13029,1.294353668338274,-1.164063668338274,1.164063668338274
2022-10-18 10:38:06.003000+00:00,0.23453,1.2943706953914471,-1.0598406953914472,1.0598406953914472
2022-10-18 10:38:07.879000+00:00,0.0,1.2943872289068472,-1.2943872289068472,1.2943872289068472
2022-10-18 10:38:09.754000+00:00,0.0,1.2944037536090724,-1.2944037536090724,1.2944037536090724
2022-10-18 10:38:11.613000+00:00,0.0,1.2944201373005058,-1.2944201373005058,1.2944201373005058
2022-10-18 10:38:13.503000+00:00,0.0,1.294436794200349,-1.294436794200349,1.294436794200349
2022-10-18 10:38:15.378000+00:00,0.0,1.2944533189025744,-1.2944533189025744,1.2944533189025744
2022-10-18 10:38:17.223000+00:00,0.0,1.2944695792095642,-1.2944695792095642,1.2944695792095642
2022-10-18 10:38:19.019000+00:00,0.0,1.2944854076710026,-1.2944854076710026,1.2944854076710026
2022-10-18 10:38:20.926000+00:00,0.0,1.2945022143948128,-1.2945022143948128,1.2945022143948128
2022-10-18 10:38:22.737000+00:00,0.0,1.294518175053869,-1.294518175053869,1.294518175053869
2022-10-18 10:38:24.632000+00:00,0.39088,1.294534876019585,-0.9036548760195849,0.9036548760195849
2022-10-18 10:38:26.629000+00:00,12.19553,1.2945524759291018,10.900977524070898,10.900977524070898
2022-10-18 10:38:28.527000+00:00,1.87624,1.2945692033343412,0.5816707966656587,0.5816707966656587
2022-10-18 10:38:30.434000+00:00,0.33876,1.2945860100581514,-0.9558260100581515,0.9558260100581515
2022-10-18 10:38:32.356000+00:00,0.49512,1.2946029489795792,-0.7994829489795792,0.7994829489795792
2022-10-18 10:38:34.219000+00:00,0.33876,1.2946193679237106,-0.9558593679237106,0.9558593679237106
2022-10-18 10:38:36.090000+00:00,0.28665,1.2946358573732377,-1.0079858573732376,1.0079858573732376
2022-10-18 10:38:38.012000+00:00,0.75571,1.294652796294666,-0.5389427962946659,0.5389427962946659
2022-10-18 10:38:39.965000+00:00,0.36482,1.2946700084245037,-0.9298500084245038,0.9298500084245038
2022-10-18 10:38:45.944000+00:00,0.18241,1.2947227023949603,-1.1123127023949604,1.1123127023949604
2022-10-18 10:38:47.813000+00:00,0.23453,1.2947391742181389,-1.060209174218139,1.060209174218139
2022-10-18 10:38:49.683000+00:00,20.63859,1.2947556548544916,19.34383434514551,19.34383434514551
2022-10-18 10:38:51.586000+00:00,2.00653,1.2947724263256037,0.7117575736743964,0.7117575736743964
2022-10-18 10:38:53.535000+00:00,4.66453,1.2947896032027435,3.3697403967972566,3.3697403967972566
2022-10-18 10:38:55.480000+00:00,0.31271,1.2948067448271856,-0.9820967448271856,0.9820967448271856
2022-10-18 10:38:57.325000+00:00,0.0,1.2948230051341754,-1.2948230051341754,1.2948230051341754
2022-10-18 10:38:59.262000+00:00,0.0,1.294840076253221,-1.294840076253221,1.294840076253221
2022-10-18 10:39:01.138000+00:00,0.0,1.2948566097686212,-1.2948566097686212,1.2948566097686212
2022-10-18 10:39:03.027000+00:00,0.0,1.2948732578552897,-1.2948732578552897,1.2948732578552897
2022-10-18 10:39:04.902000+00:00,0.0,1.2948897825575152,-1.2948897825575152,1.2948897825575152
2022-10-18 10:39:06.683000+00:00,0.0,1.2949054788213359,-1.2949054788213359,1.2949054788213359
2022-10-18 10:39:08.559000+00:00,0.0,1.2949220123367358,-1.2949220123367358,1.2949220123367358
2022-10-18 10:39:10.418000+00:00,0.0,1.294938396028169,-1.294938396028169,1.294938396028169
2022-10-18 10:39:12.324000+00:00,0.0,1.2949551939388044,-1.2949551939388044,1.2949551939388044
2022-10-18 10:39:14.220000+00:00,0.26059,1.2949719037176948,-1.0343819037176947,1.0343819037176947
2022-10-18 10:39:16.119000+00:00,2.60588,1.294988639936109,1.310891360063891,1.310891360063891
2022-10-18 10:39:17.981000+00:00,1.329,1.2950050500670653,0.033994949932934615,0.033994949932934615
2022-10-18 10:39:19.886000+00:00,3.85671,1.2950218391645265,2.5616881608354736,2.5616881608354736
2022-10-18 10:39:21.709000+00:00,0.02606,1.295037905581677,-1.268977905581677,1.268977905581677
2022-10-18 10:39:23.647000+00:00,3.12706,1.295054985513897,1.832005014486103,1.832005014486103
2022-10-18 10:39:25.605000+00:00,2.29318,1.295072241709608,0.9981077582903919,0.9981077582903919
2022-10-18 10:39:27.618000+00:00,1.45929,1.2950899826299171,0.16420001737008283,0.16420001737008283
2022-10-18 10:39:29.566000+00:00,1.66777,1.2951071506938825,0.3726628493061175,0.3726628493061175
2022-10-18 10:39:31.548000+00:00,0.49512,1.2951246184057816,-0.8000046184057816,0.8000046184057816
2022-10-18 10:39:33.422000+00:00,4.06518,1.2951411342948327,2.770038865705167,2.770038865705167
2022-10-18 10:39:35.321000+00:00,1.25082,1.2951578705132465,-0.04433787051324645,0.04433787051324645
2022-10-18 10:39:37.190000+00:00,2.31924,1.2951743423364248,1.0240656576635754,1.0240656576635754
2022-10-18 10:39:39.080000+00:00,3.36159,1.2951909992362682,2.066399000763732,2.066399000763732
2022-10-18 10:39:41.025000+00:00,2.47559,1.2952081408607101,1.1803818591392898,1.1803818591392898
2022-10-18 10:39:43.033000+00:00,0.26059,1.2952258377151469,-1.0346358377151468,1.0346358377151468
2022-10-18 10:39:44.894000+00:00,5.73294,1.295242239032929,4.437697760967071,4.437697760967071
2022-10-18 10:39:50.617000+00:00,0.0,1.2952926768307083,-1.2952926768307083,1.2952926768307083
2022-10-18 10:39:52.487000+00:00,0.0,1.2953091574670612,-1.2953091574670612,1.2953091574670612
2022-10-18 10:39:54.343000+00:00,0.0,1.2953255147189708,-1.2953255147189708,1.2953255147189708
2022-10-18 10:39:56.222000+00:00,0.0,1.2953420746738944,-1.2953420746738944,1.2953420746738944
2022-10-18 10:39:58.081000+00:00,0.0,1.2953584583653275,-1.2953584583653275,1.2953584583653275
2022-10-18 10:39:59.939000+00:00,0.0,1.295374833243586,-1.295374833243586,1.295374833243586
2022-10-18 10:40:01.863000+00:00,0.0,1.295391789791363,-1.295391789791363,1.295391789791363
2022-10-18 10:40:03.721000+00:00,0.0,1.2954081646696216,-1.2954081646696216,1.2954081646696216
2022-10-18 10:40:05.665000+00:00,0.65147,1.295425297480889,-0.6439552974808891,0.6439552974808891
2022-10-18 10:40:07.672000+00:00,9.04241,1.2954429855221512,7.746967014477849,7.746967014477849
2022-10-18 10:40:09.602000+00:00,2.86647,1.2954599949489753,1.5710100050510247,1.5710100050510247
2022-10-18 10:40:11.520000+00:00,1.25082,1.295476898617705,-0.04465689861770494,0.04465689861770494
2022-10-18 10:40:13.380000+00:00,0.443,1.2954932911223127,-0.8524932911223126,0.8524932911223126
2022-10-18 10:40:15.268000+00:00,2.00653,1.2955099303958069,0.7110200696041933,0.7110200696041933
2022-10-18 10:40:17.190000+00:00,10.78836,1.2955268693172348,9.492833130682765,9.492833130682765
2022-10-18 10:40:19.143000+00:00,0.70359,1.295544081447073,-0.5919540814470728,0.5919540814470728
2022-10-18 10:40:21.071000+00:00,0.28665,1.2955610732475478,-1.0089110732475477,1.0089110732475477
2022-10-18 10:40:22.938000+00:00,0.28665,1.2955775274443773,-1.0089275274443772,1.0089275274443772
2022-10-18 10:40:24.825000+00:00,0.23453,1.2955941579046968,-1.0610641579046969,1.0610641579046969
2022-10-18 10:40:26.627000+00:00,1.14659,1.2956100392451826,-0.1490200392451826,0.1490200392451826
2022-10-18 10:40:28.585000+00:00,0.31271,1.2956272954408932,-0.9829172954408931,0.9829172954408931
2022-10-18 10:40:30.592000+00:00,21.08159,1.2956449834821553,19.785945016517843,19.785945016517843
2022-10-18 10:40:32.491000+00:00,2.03259,1.2956617197005693,0.7369282802994306,0.7369282802994306
2022-10-18 10:40:34.481000+00:00,0.62541,1.2956792579178644,-0.6702692579178644,0.6702692579178644
2022-10-18 10:40:36.407000+00:00,0.28665,1.2956962320919905,-1.0090462320919904,1.0090462320919904
2022-10-18 10:40:38.254000+00:00,0.0,1.2957125100253295,-1.2957125100253295,1.2957125100253295
2022-10-18 10:40:40.108000+00:00,0.0,1.29572884965089,-1.29572884965089,1.29572884965089
2022-10-18 10:40:41.982000+00:00,0.0,1.2957453655399407,-1.2957453655399407,1.2957453655399407
2022-10-18 10:40:43.874000+00:00,0.0,1.2957620400661334,-1.2957620400661334,1.2957620400661334
2022-10-18 10:40:45.754000+00:00,0.0,1.2957786088342313,-1.2957786088342313,1.2957786088342313
2022-10-18 10:40:47.671000+00:00,0.0,1.2957955036897866,-1.2957955036897866,1.2957955036897866
2022-10-18 10:40:49.545000+00:00,0.0,1.2958120195788374,-1.2958120195788374,1.2958120195788374
2022-10-18 10:40:55.155000+00:00,0.0,1.295861461487896,-1.295861461487896,1.295861461487896
2022-10-18 10:40:57.030000+00:00,0.0,1.2958779861901215,-1.2958779861901215,1.2958779861901215
2022-10-18 10:40:58.968000+00:00,0.0,1.2958950661223418,-1.2958950661223418,1.2958950661223418
2022-10-18 10:41:00.843000+00:00,0.0,1.2959115908245673,-1.2959115908245673,1.2959115908245673
2022-10-18 10:41:02.718000+00:00,0.0,1.2959281155267928,-1.2959281155267928,1.2959281155267928
2022-10-18 10:41:04.638000+00:00,0.0,1.2959450368218715,-1.2959450368218715,1.2959450368218715
2022-10-18 10:41:06.483000+00:00,0.0,1.2959612971288614,-1.2959612971288614,1.2959612971288614
2022-10-18 10:41:08.340000+00:00,0.0,1.2959776631939455,-1.2959776631939455,1.2959776631939455
2022-10-18 10:41:10.227000+00:00,0.0,1.2959942936542652,-1.2959942936542652,1.2959942936542652
2022-10-18 10:41:12.155000+00:00,0.0,1.2960112854547403,-1.2960112854547403,1.2960112854547403
2022-10-18 10:41:14.046000+00:00,0.0,1.296027951167758,-1.296027951167758,1.296027951167758
2022-10-18 10:41:15.857000+00:00,0.0,1.296043911826814,-1.296043911826814,1.296043911826814
2022-10-18 10:41:17.749000+00:00,0.0,1.2960605863530066,-1.2960605863530066,1.2960605863530066
2022-10-18 10:41:19.562000+00:00,0.0,1.2960765646384118,-1.2960765646384118,1.2960765646384118
2022-10-18 10:41:21.452000+00:00,0.0,1.296093221538255,-1.296093221538255,1.296093221538255
2022-10-18 10:41:23.280000+00:00,0.0,1.296109332021278,-1.296109332021278,1.296109332021278
2022-10-18 10:41:25.092000+00:00,0.0,1.2961253014935088,-1.2961253014935088,1.2961253014935088
2022-10-18 10:41:27.097000+00:00,0.0,1.2961429719084219,-1.2961429719084219,1.2961429719084219
2022-10-18 10:41:28.931000+00:00,0.0,1.296159135270492,-1.296159135270492,1.296159135270492
2022-10-18 10:41:30.779000+00:00,0.0,1.2961754220170054,-1.2961754220170054,1.2961754220170054
2022-10-18 10:41:32.644000+00:00,0.0,1.2961918585874856,-1.2961918585874856,1.2961918585874856
2022-10-18 10:41:34.504000+00:00,0.0,1.2962082510920934,-1.2962082510920934,1.2962082510920934
2022-10-18 10:41:36.380000+00:00,0.0,1.2962247846074932,-1.2962247846074932,1.2962247846074932
2022-10-18 10:41:38.309000+00:00,0.0,1.296241785221143,-1.296241785221143,1.296241785221143
2022-10-18 10:41:40.178000+00:00,0.0,1.2962582570443213,-1.2962582570443213,1.2962582570443213
2022-10-18 10:41:42.097000+00:00,0.0,1.2962751695262256,-1.2962751695262256,1.2962751695262256
2022-10-18 10:41:44.019000+00:00,0.0,1.2962921084476533,-1.2962921084476533,1.2962921084476533
2022-10-18 10:41:45.886000+00:00,0.0,1.2963085626444828,-1.2963085626444828,1.2963085626444828
2022-10-18 10:41:47.815000+00:00,0.0,1.2963255632581323,-1.2963255632581323,1.2963255632581323
2022-10-18 10:41:49.692000+00:00,0.0,1.2963421055867068,-1.2963421055867068,1.2963421055867068
2022-10-18 10:41:51.549000+00:00,0.0,1.2963584716517909,-1.2963584716517909,1.2963584716517909
2022-10-18 10:41:53.414000+00:00,0.0,1.2963749082222713,-1.2963749082222713,1.2963749082222713
2022-10-18 10:41:59.669000+00:00,1.53747,1.2964300346288953,0.24103996537110461,0.24103996537110461
2022-10-18 10:42:01.689000+00:00,3.85671,1.296447837241426,2.560262162758574,2.560262162758574
2022-10-18 10:42:03.722000+00:00,0.10424,1.2964657544252258,-1.192225754425226,1.192225754425226
2022-10-18 10:42:05.632000+00:00,7.89583,1.2964825875885595,6.599347412411441,6.599347412411441
2022-10-18 10:42:07.488000+00:00,2.97071,1.2964989448404691,1.6742110551595308,1.6742110551595308
2022-10-18 10:42:09.409000+00:00,1.45929,1.2965158749487224,0.16277412505127753,0.16277412505127753
2022-10-18 10:42:11.385000+00:00,4.09124,1.2965332897815744,2.7947067102184255,2.7947067102184255
2022-10-18 10:42:13.313000+00:00,0.41694,1.2965502815820495,-0.8796102815820496,0.8796102815820496
2022-10-18 10:42:15.240000+00:00,0.41694,1.29656726456935,-0.87962726456935,0.87962726456935
2022-10-18 10:42:17.150000+00:00,0.83388,1.296584097732684,-0.46270409773268395,0.46270409773268395
2022-10-18 10:42:19.015000+00:00,0.23453,1.2966005343031641,-1.0620705343031642,1.0620705343031642
2022-10-18 10:42:20.841000+00:00,2.34529,1.296616627159838,1.0486733728401618,1.0486733728401618
2022-10-18 10:42:22.784000+00:00,0.80782,1.296633751157931,-0.4888137511579309,0.4888137511579309
2022-10-18 10:42:24.676000+00:00,0.10424,1.2966504256841231,-1.1924104256841233,1.1924104256841233
2022-10-18 10:42:26.565000+00:00,0.36482,1.296667073770792,-0.931847073770792,0.931847073770792
2022-10-18 10:42:28.496000+00:00,0.20847,1.2966840920107905,-1.0882140920107906,1.0882140920107906
2022-10-18 10:42:30.314000+00:00,0.0,1.2967001143620682,-1.2967001143620682,1.2967001143620682
2022-10-18 10:42:32.183000+00:00,0.0,1.2967165861852465,-1.2967165861852465,1.2967165861852465
2022-10-18 10:42:34.060000+00:00,0.0,1.296733128513821,-1.296733128513821,1.296733128513821
2022-10-18 10:42:35.905000+00:00,0.0,1.2967493888208108,-1.2967493888208108,1.2967493888208108
2022-10-18 10:42:37.762000+00:00,0.0,1.296765754885895,-1.296765754885895,1.296765754885895
2022-10-18 10:42:39.621000+00:00,0.0,1.2967821385773282,-1.2967821385773282,1.2967821385773282
2022-10-18 10:42:41.434000+00:00,0.0,1.2967981168627336,-1.2967981168627336,1.2967981168627336
2022-10-18 10:42:43.295000+00:00,0.0,1.2968145181805157,-1.2968145181805157,1.2968145181805157
2022-10-18 10:42:45.168000+00:00,0.0,1.2968310252563922,-1.2968310252563922,1.2968310252563922
2022-10-18 10:42:47.110000+00:00,0.39088,1.2968481404413104,-0.9059681404413104,0.9059681404413104
2022-10-18 10:42:49.027000+00:00,5.68083,1.2968650352968658,4.383964964703134,4.383964964703134
2022-10-18 10:42:50.924000+00:00,0.93812,1.2968817538889306,-0.3587617538889306,0.3587617538889306
2022-10-18 10:42:52.780000+00:00,0.59935,1.2968981111408402,-0.6975481111408401,0.6975481111408401
2022-10-18 10:42:54.700000+00:00,0.02606,1.296915032435919,-1.2708550324359191,1.2708550324359191
2022-10-18 10:42:56.699000+00:00,0.05212,1.296932649971785,-1.244812649971785,1.244812649971785
2022-10-18 10:42:58.605000+00:00,0.26059,1.2969494478824206,-1.0363594478824205,1.0363594478824205
2022-10-18 10:43:04.527000+00:00,3.59612,1.2970016395019295,2.2991183604980705,2.2991183604980705
2022-10-18 10:43:06.423000+00:00,0.31271,1.2970183492808198,-0.9843083492808198,0.9843083492808198
2022-10-18 10:43:08.289000+00:00,0.41694,1.2970347946644747,-0.8800947946644747,0.8800947946644747
2022-10-18 10:43:10.206000+00:00,0.31271,1.2970516895200301,-0.9843416895200301,0.9843416895200301
2022-10-18 10:43:12.200000+00:00,18.31936,1.2970692629900233,17.022290737009975,17.022290737009975
2022-10-18 10:43:14.162000+00:00,1.90229,1.297086554438432,0.605203445561568,0.605203445561568
2022-10-18 10:43:16.075000+00:00,2.73618,1.2971034140412891,1.439076585958711,1.439076585958711
2022-10-18 10:43:18.059000+00:00,0.31271,1.2971208993795376,-0.9844108993795375,0.9844108993795375
2022-10-18 10:43:19.981000+00:00,0.0,1.2971378383009653,-1.2971378383009653,1.2971378383009653
2022-10-18 10:43:21.832000+00:00,0.0,1.2971541514870024,-1.2971541514870024,1.2971541514870024
2022-10-18 10:43:23.653000+00:00,0.0,1.2971702002778038,-1.2971702002778038,1.2971702002778038
2022-10-18 10:43:25.527000+00:00,0.0,1.2971867161668547,-1.2971867161668547,1.2971867161668547
2022-10-18 10:43:27.425000+00:00,0.0,1.2972034435720943,-1.2972034435720943,1.2972034435720943
2022-10-18 10:43:29.362000+00:00,0.0,1.29722051469114,-1.29722051469114,1.29722051469114
2022-10-18 10:43:31.237000+00:00,0.0,1.2972370393933654,-1.2972370393933654,1.2972370393933654
2022-10-18 10:43:33.050000+00:00,0.0,1.2972530176787704,-1.2972530176787704,1.2972530176787704
2022-10-18 10:43:34.988000+00:00,0.0,1.2972700976109908,-1.2972700976109908,1.2972700976109908
2022-10-18 10:43:36.826000+00:00,0.0,1.297286296225759,-1.297286296225759,1.297286296225759
2022-10-18 10:43:38.690000+00:00,0.0,1.2973027239830648,-1.2973027239830648,1.2973027239830648
2022-10-18 10:43:40.612000+00:00,0.0,1.2973196629044927,-1.2973196629044927,1.2973196629044927
2022-10-18 10:43:42.487000+00:00,0.0,1.2973361876067182,-1.2973361876067182,1.2973361876067182
2022-10-18 10:43:44.363000+00:00,0.0,1.297352721122118,-1.297352721122118,1.297352721122118
2022-10-18 10:43:46.285000+00:00,0.0,1.297369660043546,-1.297369660043546,1.297369660043546
2022-10-18 10:43:48.159000+00:00,0.0,1.2973861759325969,-1.2973861759325969,1.2973861759325969
2022-10-18 10:43:50.066000+00:00,0.0,1.297402982656407,-1.297402982656407,1.297402982656407
2022-10-18 10:43:51.903000+00:00,0.0,1.2974191724580009,-1.2974191724580009,1.2974191724580009
2022-10-18 10:43:53.759000+00:00,0.0,1.2974355297099103,-1.2974355297099103,1.2974355297099103
2022-10-18 10:43:55.666000+00:00,0.13029,1.2974523364337203,-1.1671623364337202,1.1671623364337202
2022-10-18 10:43:57.564000+00:00,2.26712,1.2974690638389599,0.9696509361610399,0.9696509361610399
2022-10-18 10:43:59.501000+00:00,0.80782,1.2974861349580056,-0.4896661349580056,0.4896661349580056
2022-10-18 10:44:01.399000+00:00,0.0,1.297502862363245,-1.297502862363245,1.297502862363245
2022-10-18 10:44:03.318000+00:00,1.19871,1.2975197748451492,-0.0988097748451493,0.0988097748451493
2022-10-18 10:44:09.134000+00:00,0.36482,1.2975710322681593,-0.9327510322681594,0.9327510322681594
2022-10-18 10:44:11.049000+00:00,0.72965,1.2975879094973655,-0.5679379094973654,0.5679379094973654
2022-10-18 10:44:13.034000+00:00,0.28665,1.297605403648788,-1.010955403648788,1.010955403648788
2022-10-18 10:44:15.003000+00:00,5.60265,1.2976227567894183,4.305027243210581,4.305027243210581
2022-10-18 10:44:16.914000+00:00,5.02935,1.2976395987659268,3.731710401234073,3.731710401234073
2022-10-18 10:44:18.841000+00:00,1.56353,1.2976565817532273,0.2658734182467728,0.2658734182467728
2022-10-18 10:44:20.644000+00:00,0.36482,1.2976724719068873,-0.9328524719068874,0.9328524719068874
2022-10-18 10:44:22.596000+00:00,0.18241,1.2976896752235507,-1.1152796752235508,1.1152796752235508
2022-10-18 10:44:24.554000+00:00,0.13029,1.2977069314192615,-1.1674169314192615,1.1674169314192615
2022-10-18 10:44:26.535000+00:00,0.23453,1.297724390317986,-1.0631943903179861,1.0631943903179861
2022-10-18 10:44:28.456000+00:00,0.0,1.2977413204262394,-1.2977413204262394,1.2977413204262394
2022-10-18 10:44:30.329000+00:00,0.0,1.2977578275021158,-1.2977578275021158,1.2977578275021158
2022-10-18 10:44:32.175000+00:00,0.0,1.2977740966222802,-1.2977740966222802,1.2977740966222802
2022-10-18 10:44:34.097000+00:00,0.0,1.2977910355437081,-1.2977910355437081,1.2977910355437081
2022-10-18 10:44:35.956000+00:00,0.0,1.2978074192351414,-1.2978074192351414,1.2978074192351414
2022-10-18 10:44:37.818000+00:00,0.0,1.2978238293660977,-1.2978238293660977,1.2978238293660977
2022-10-18 10:44:39.693000+00:00,0.0,1.2978403540683234,-1.2978403540683234,1.2978403540683234
2022-10-18 10:44:41.620000+00:00,0.0,1.297857337055624,-1.297857337055624,1.297857337055624
2022-10-18 10:44:43.487000+00:00,0.0,1.2978737912524534,-1.2978737912524534,1.2978737912524534
2022-10-18 10:44:45.409000+00:00,0.0,1.2978907301738811,-1.2978907301738811,1.2978907301738811
2022-10-18 10:44:47.238000+00:00,0.0,1.2979068494700785,-1.2979068494700785,1.2979068494700785
2022-10-18 10:44:49.176000+00:00,0.0,1.297923929402299,-1.297923929402299,1.297923929402299
2022-10-18 10:44:51.049000+00:00,0.0,1.2979404364781753,-1.2979404364781753,1.2979404364781753
2022-10-18 10:44:52.988000+00:00,0.0,1.29795752522357,-1.29795752522357,1.29795752522357
2022-10-18 10:44:54.838000+00:00,0.0,1.2979738295964327,-1.2979738295964327,1.2979738295964327
2022-10-18 10:44:56.706000+00:00,0.0,1.2979902926064364,-1.2979902926064364,1.2979902926064364
2022-10-18 10:44:58.628000+00:00,0.0,1.2980072315278641,-1.2980072315278641,1.2980072315278641
